time,temperature_2m,precipitation,windspeed_10m,windgusts_10m,visibility,cloudcover,snowfall,weathercode,relative_humidity_2m
2025-10-01 00:00:00+00:00,7.95,0.0,7.4867883,8.28,,74.0,0.0,2.0,96.3213
2025-10-01 01:00:00+00:00,7.8,0.0,7.0038276,15.119999,,100.0,0.0,3.0,96.31696
2025-10-01 02:00:00+00:00,8.0,0.0,7.689603,14.759999,,100.0,0.0,3.0,96.652016
2025-10-01 03:00:00+00:00,8.7,0.0,9.3962755,19.8,,100.0,0.0,3.0,94.39814
2025-10-01 04:00:00+00:00,8.7,0.0,10.534229,21.599998,,100.0,0.0,3.0,94.39814
2025-10-01 05:00:00+00:00,8.85,0.0,10.1902895,21.96,,100.0,0.0,3.0,91.86852
2025-10-01 06:00:00+00:00,8.85,0.0,10.094454,23.759998,,84.0,0.0,3.0,89.69899
2025-10-01 07:00:00+00:00,9.05,0.0,11.334285,23.759998,,100.0,0.0,3.0,88.799934
2025-10-01 08:00:00+00:00,9.55,0.0,10.944532,25.199999,,100.0,0.0,3.0,86.74705
2025-10-01 09:00:00+00:00,10.8,0.1,11.457958,26.64,,100.0,0.0,51.0,78.983536
2025-10-01 10:00:00+00:00,11.65,0.0,10.855358,26.64,,37.0,0.0,1.0,72.641495
2025-10-01 11:00:00+00:00,12.5,0.0,12.204212,28.8,,55.0,0.0,2.0,67.05807
2025-10-01 12:00:00+00:00,13.05,0.0,11.341428,31.319998,,45.0,0.0,1.0,66.71601
2025-10-01 13:00:00+00:00,13.35,0.0,13.213765,30.599998,,61.0,0.0,2.0,60.653244
2025-10-01 14:00:00+00:00,13.25,0.0,14.291592,33.12,,53.0,0.0,2.0,58.97192
2025-10-01 15:00:00+00:00,13.05,0.0,13.633737,31.68,,37.0,0.0,1.0,58.31095
2025-10-01 16:00:00+00:00,12.15,0.0,11.457958,29.519999,,28.0,0.0,1.0,60.99863
2025-10-01 17:00:00+00:00,10.25,0.0,9.361731,23.759998,,30.0,0.0,1.0,65.64926
2025-10-01 18:00:00+00:00,9.15,0.0,10.97262,20.519999,,16.0,0.0,0.0,70.675
2025-10-01 19:00:00+00:00,8.45,0.0,10.855358,21.96,,5.0,0.0,0.0,72.29741
2025-10-01 20:00:00+00:00,7.8,0.0,11.808878,23.4,,0.0,0.0,0.0,75.03009
2025-10-01 21:00:00+00:00,6.95,0.0,10.587918,23.4,,0.0,0.0,0.0,79.23618
2025-10-01 22:00:00+00:00,6.15,0.0,9.931042,20.880001,,0.0,0.0,0.0,83.129425
2025-10-01 23:00:00+00:00,5.55,0.0,10.656547,20.519999,,0.0,0.0,0.0,86.04225
2025-10-02 00:00:00+00:00,4.85,0.0,10.337078,20.519999,,0.0,0.0,0.0,88.75206
2025-10-02 01:00:00+00:00,4.25,0.0,9.037721,19.8,,0.0,0.0,0.0,90.287766
2025-10-02 02:00:00+00:00,3.9,0.0,8.019601,17.64,,0.0,0.0,0.0,90.58281
2025-10-02 03:00:00+00:00,3.5,0.0,7.001514,15.84,,0.0,0.0,0.0,91.201164
2025-10-02 04:00:00+00:00,3.15,0.0,6.4096174,14.04,,0.0,0.0,0.0,91.50334
2025-10-02 05:00:00+00:00,2.7,0.0,6.193674,12.959999,,0.0,0.0,0.0,92.46145
2025-10-02 06:00:00+00:00,2.95,0.0,7.0934615,12.959999,,2.0,0.0,0.0,95.152016
2025-10-02 07:00:00+00:00,4.65,0.0,6.9153743,15.119999,,1.0,0.0,0.0,90.95768
2025-10-02 08:00:00+00:00,6.9,0.0,11.51578,25.919998,,44.0,0.0,1.0,78.95013
2025-10-02 09:00:00+00:00,8.9,0.0,10.070353,27.0,,57.0,0.0,2.0,70.378044
2025-10-02 10:00:00+00:00,10.15,0.0,9.686609,25.199999,,19.0,0.0,0.0,69.890594
2025-10-02 11:00:00+00:00,10.95,0.0,9.9,26.28,,8.0,0.0,0.0,68.370544
2025-10-02 12:00:00+00:00,11.9,0.0,9.614426,26.64,,4.0,0.0,0.0,62.880905
2025-10-02 13:00:00+00:00,12.5,0.0,9.807935,25.56,,2.0,0.0,0.0,60.029057
2025-10-02 14:00:00+00:00,12.65,0.0,9.82114,24.84,,1.0,0.0,0.0,59.23494
2025-10-02 15:00:00+00:00,12.5,0.0,10.436895,24.119999,,5.0,0.0,0.0,60.238445
2025-10-02 16:00:00+00:00,11.8,0.0,6.4096174,23.4,,5.0,0.0,0.0,66.447784
2025-10-02 17:00:00+00:00,8.8,0.0,5.48631,13.32,,5.0,0.0,0.0,78.14
2025-10-02 18:00:00+00:00,8.1,0.0,6.618519,15.84,,6.0,0.0,0.0,81.36599
2025-10-02 19:00:00+00:00,7.9,0.0,10.152064,19.08,,0.0,0.0,0.0,78.54847
2025-10-02 20:00:00+00:00,7.05,0.0,10.441551,20.519999,,0.0,0.0,0.0,80.37324
2025-10-02 21:00:00+00:00,6.3,0.0,10.692969,20.16,,0.0,0.0,0.0,82.56455
2025-10-02 22:00:00+00:00,5.65,0.0,9.801326,20.16,,0.0,0.0,0.0,84.54833
2025-10-02 23:00:00+00:00,5.05,0.0,8.942214,19.08,,0.0,0.0,0.0,86.29482
2025-10-03 00:00:00+00:00,3.4,0.0,5.4744864,17.28,,0.0,0.0,0.0,92.502655
2025-10-03 01:00:00+00:00,2.4,0.0,4.829907,9.72,,0.0,0.0,0.0,93.44336
2025-10-03 02:00:00+00:00,2.25,0.0,2.4014995,7.92,,8.0,0.0,0.0,93.771324
2025-10-03 03:00:00+00:00,1.8,0.0,3.319036,5.7599998,,97.0,0.0,3.0,94.76623
2025-10-03 04:00:00+00:00,1.55,0.0,3.7971041,6.4799995,,98.0,0.0,3.0,94.415
2025-10-03 05:00:00+00:00,1.85,0.0,0.9178235,7.2,,100.0,0.0,3.0,94.428314
2025-10-03 06:00:00+00:00,2.5,0.0,1.1384199,3.2399998,,100.0,0.0,3.0,97.193504
2025-10-03 07:00:00+00:00,3.55,0.0,2.0523157,8.64,,100.0,0.0,3.0,95.85145
2025-10-03 08:00:00+00:00,5.35,0.0,1.6299692,9.72,,100.0,0.0,3.0,91.6471
2025-10-03 09:00:00+00:00,7.0,0.0,3.143565,11.879999,,100.0,0.0,3.0,86.79531
2025-10-03 10:00:00+00:00,8.65,0.0,2.1674871,12.959999,,100.0,0.0,3.0,81.72218
2025-10-03 11:00:00+00:00,10.5,0.0,0.6489992,12.24,,100.0,0.0,3.0,77.066055
2025-10-03 12:00:00+00:00,10.5,0.0,3.8521678,11.159999,,100.0,0.0,3.0,75.23236
2025-10-03 13:00:00+00:00,11.3,0.0,3.644722,14.04,,100.0,0.0,3.0,73.32897
2025-10-03 14:00:00+00:00,11.65,0.0,1.6199999,12.959999,,100.0,0.0,3.0,72.392815
2025-10-03 15:00:00+00:00,11.35,0.0,1.0495713,9.0,,100.0,0.0,3.0,73.84301
2025-10-03 16:00:00+00:00,11.0,0.0,1.5379207,5.7599998,,100.0,0.0,3.0,78.74388
2025-10-03 17:00:00+00:00,9.6,0.0,1.609969,3.6,,100.0,0.0,3.0,84.991875
2025-10-03 18:00:00+00:00,8.8,0.0,0.9693296,3.6,,100.0,0.0,3.0,88.47535
2025-10-03 19:00:00+00:00,8.45,0.0,0.8049845,2.52,,100.0,0.0,3.0,89.66785
2025-10-03 20:00:00+00:00,7.9,0.0,3.8856654,6.12,,100.0,0.0,3.0,91.49437
2025-10-03 21:00:00+00:00,8.1,0.0,1.8089776,6.4799995,,100.0,0.0,3.0,88.71973
2025-10-03 22:00:00+00:00,8.45,0.0,1.659518,4.32,,100.0,0.0,3.0,89.0546
2025-10-03 23:00:00+00:00,8.05,0.0,4.2366967,7.92,,100.0,0.0,3.0,91.19048
2025-10-04 00:00:00+00:00,8.7,0.0,4.599695,8.64,,100.0,0.0,3.0,93.43889
2025-10-04 01:00:00+00:00,9.05,0.0,7.1208143,13.32,,100.0,0.0,3.0,91.56862
2025-10-04 02:00:00+00:00,9.45,0.0,6.544677,13.679999,,100.0,0.0,3.0,88.83345
2025-10-04 03:00:00+00:00,9.95,0.0,9.179999,16.919998,,100.0,0.0,3.0,84.74071
2025-10-04 04:00:00+00:00,10.9,0.0,12.81165,24.48,,100.0,0.0,3.0,75.55932
2025-10-04 05:00:00+00:00,12.05,0.0,16.895088,33.12,,87.0,0.0,3.0,65.36212
2025-10-04 06:00:00+00:00,11.8,0.0,14.913952,33.839996,,100.0,0.0,3.0,71.18947
2025-10-04 07:00:00+00:00,12.85,0.0,13.248049,29.88,,100.0,0.0,3.0,67.36275
2025-10-04 08:00:00+00:00,13.4,0.0,15.778518,30.960001,,100.0,0.0,3.0,66.33565
2025-10-04 09:00:00+00:00,15.0,0.0,16.674063,36.719997,,78.0,0.0,2.0,63.37551
2025-10-04 10:00:00+00:00,16.85,0.0,15.602999,35.64,,34.0,0.0,1.0,63.792496
2025-10-04 11:00:00+00:00,18.35,0.0,16.176983,35.28,,43.0,0.0,1.0,62.864655
2025-10-04 12:00:00+00:00,18.45,0.0,18.244045,39.96,,63.0,0.0,2.0,63.305103
2025-10-04 13:00:00+00:00,19.15,0.0,19.89631,42.839996,,100.0,0.0,3.0,62.219345
2025-10-04 14:00:00+00:00,16.15,1.6,26.72803,57.96,,99.0,0.0,61.0,84.03196
2025-10-04 15:00:00+00:00,13.3,2.1,27.729935,56.519997,,100.0,0.0,61.0,93.051506
2025-10-04 16:00:00+00:00,11.3,2.2,22.50072,59.399998,,100.0,0.0,61.0,94.824554
2025-10-04 17:00:00+00:00,10.35,1.4,21.573734,48.6,,100.0,0.0,61.0,95.42492
2025-10-04 18:00:00+00:00,10.4,0.3,19.963776,48.239998,,27.0,0.0,51.0,92.897064
2025-10-04 19:00:00+00:00,9.8,0.1,16.909464,44.28,,24.0,0.0,51.0,91.61655
2025-10-04 20:00:00+00:00,8.75,0.0,14.897651,36.719997,,88.0,0.0,3.0,89.38479
2025-10-04 21:00:00+00:00,8.75,0.0,16.546299,31.68,,77.0,0.0,2.0,89.99857
2025-10-04 22:00:00+00:00,8.4,0.1,14.110209,34.2,,60.0,0.0,51.0,89.663956
2025-10-04 23:00:00+00:00,7.8,0.2,12.638513,35.28,,99.0,0.0,51.0,92.4362
2025-10-05 00:00:00+00:00,7.3,0.1,12.566526,28.08,,100.0,0.0,51.0,93.04647
2025-10-05 01:00:00+00:00,6.95,0.5,13.896187,30.960001,,70.0,0.0,53.0,93.99662
2025-10-05 02:00:00+00:00,6.55,0.1,12.221457,27.359999,,56.0,0.0,51.0,95.948654
2025-10-05 03:00:00+00:00,7.05,0.0,12.7279215,25.56,,83.0,0.0,3.0,94.326004
2025-10-05 04:00:00+00:00,6.7,0.1,11.843124,25.199999,,84.0,0.0,51.0,94.6371
2025-10-05 05:00:00+00:00,6.7,0.1,13.729647,26.64,,33.0,0.0,51.0,93.98495
2025-10-05 06:00:00+00:00,6.85,0.1,15.575981,28.44,,66.0,0.0,51.0,92.701
2025-10-05 07:00:00+00:00,7.65,0.1,16.774803,33.48,,40.0,0.0,51.0,89.605156
2025-10-05 08:00:00+00:00,8.75,0.0,16.701244,38.88,,100.0,0.0,3.0,79.77741
2025-10-05 09:00:00+00:00,9.3,0.0,18.620214,38.88,,67.0,0.0,2.0,75.55035
2025-10-05 10:00:00+00:00,10.4,0.0,21.090746,45.0,,52.0,0.0,2.0,67.31025
2025-10-05 11:00:00+00:00,11.25,0.1,21.175835,48.6,,81.0,0.0,51.0,63.612885
2025-10-05 12:00:00+00:00,9.8,0.1,17.122723,47.519997,,43.0,0.0,51.0,74.33563
2025-10-05 13:00:00+00:00,11.1,0.1,20.102865,47.88,,32.0,0.0,51.0,65.60738
2025-10-05 14:00:00+00:00,11.1,0.1,17.654688,51.48,,71.0,0.0,51.0,70.07964
2025-10-05 15:00:00+00:00,10.05,0.2,25.099514,51.12,,53.0,0.0,51.0,67.000565
2025-10-05 16:00:00+00:00,9.15,0.0,17.682194,51.48,,7.0,0.0,0.0,75.52494
2025-10-05 17:00:00+00:00,8.7,0.0,15.027575,36.36,,78.0,0.0,2.0,75.97713
2025-10-05 18:00:00+00:00,8.4,0.2,13.040997,29.88,,98.0,0.0,51.0,84.85911
2025-10-05 19:00:00+00:00,8.3,0.1,12.71901,26.64,,100.0,0.0,51.0,86.02813
2025-10-05 20:00:00+00:00,7.9,0.0,14.366211,28.08,,98.0,0.0,3.0,86.583786
2025-10-05 21:00:00+00:00,7.6,0.0,13.392774,29.88,,95.0,0.0,3.0,87.155846
2025-10-05 22:00:00+00:00,7.4,0.0,12.425216,27.0,,61.0,0.0,2.0,86.83471
2025-10-05 23:00:00+00:00,7.05,0.1,12.081473,25.199999,,95.0,0.0,51.0,87.71097
2025-10-06 00:00:00+00:00,7.25,0.2,12.682018,24.84,,40.0,0.0,51.0,95.64165
2025-10-06 01:00:00+00:00,7.15,0.0,12.157663,23.759998,,47.0,0.0,1.0,94.655876
2025-10-06 02:00:00+00:00,6.85,0.1,10.730778,23.759998,,90.0,0.0,51.0,94.64338
2025-10-06 03:00:00+00:00,6.55,0.0,8.490582,20.519999,,100.0,0.0,3.0,95.28771
2025-10-06 04:00:00+00:00,6.3,0.0,9.039514,16.919998,,81.0,0.0,3.0,95.60908
2025-10-06 05:00:00+00:00,6.45,0.0,10.1456785,19.44,,69.0,0.0,2.0,94.62663
2025-10-06 06:00:00+00:00,7.05,0.0,11.7,20.16,,72.0,0.0,2.0,95.63482
2025-10-06 07:00:00+00:00,8.0,0.0,10.7894945,21.96,,98.0,0.0,3.0,92.13121
2025-10-06 08:00:00+00:00,9.3,0.0,13.433838,29.16,,100.0,0.0,3.0,82.94135
2025-10-06 09:00:00+00:00,10.15,0.0,13.277364,29.88,,53.0,0.0,2.0,75.43274
2025-10-06 10:00:00+00:00,11.35,0.0,12.576836,29.88,,52.0,0.0,2.0,66.812775
2025-10-06 11:00:00+00:00,12.1,0.0,12.841963,30.239998,,47.0,0.0,1.0,63.14623
2025-10-06 12:00:00+00:00,12.6,0.0,12.324414,30.599998,,48.0,0.0,1.0,59.22262
2025-10-06 13:00:00+00:00,13.05,0.0,13.159711,29.88,,38.0,0.0,1.0,54.56643
2025-10-06 14:00:00+00:00,12.9,0.0,11.53265,29.88,,45.0,0.0,1.0,53.389004
2025-10-06 15:00:00+00:00,12.6,0.0,10.094454,25.56,,50.0,0.0,2.0,55.21928
2025-10-06 16:00:00+00:00,11.6,0.0,7.415038,21.599998,,86.0,0.0,3.0,62.811214
2025-10-06 17:00:00+00:00,10.45,0.0,7.731622,15.4800005,,100.0,0.0,3.0,67.55628
2025-10-06 18:00:00+00:00,9.95,0.0,3.9518096,16.199999,,100.0,0.0,3.0,77.77855
2025-10-06 19:00:00+00:00,9.9,0.0,6.151683,11.159999,,100.0,0.0,3.0,78.84987
2025-10-06 20:00:00+00:00,9.95,0.0,7.7983837,14.759999,,100.0,0.0,3.0,79.401665
2025-10-06 21:00:00+00:00,9.8,0.0,7.989242,15.119999,,100.0,0.0,3.0,81.59253
2025-10-06 22:00:00+00:00,9.55,0.1,6.689125,15.119999,,100.0,0.0,51.0,84.40655
2025-10-06 23:00:00+00:00,9.3,0.1,6.206738,12.599999,,100.0,0.0,51.0,87.01956
2025-10-07 00:00:00+00:00,9.1,0.0,4.6730714,11.5199995,,100.0,0.0,3.0,89.10796
2025-10-07 01:00:00+00:00,8.8,0.0,3.8856654,8.64,,27.0,0.0,1.0,91.55257
2025-10-07 02:00:00+00:00,8.45,0.0,1.0495713,6.8399997,,16.0,0.0,0.0,92.15827
2025-10-07 03:00:00+00:00,7.3,0.0,0.54,2.16,,13.0,0.0,0.0,94.66212
2025-10-07 04:00:00+00:00,6.6,0.0,0.9693296,1.8,,4.0,0.0,0.0,96.94885
2025-10-07 05:00:00+00:00,5.95,0.0,2.19718,3.96,,9.0,0.0,0.0,97.269745
2025-10-07 06:00:00+00:00,7.5,0.0,3.7842832,5.3999996,,90.0,0.0,3.0,99.65931
2025-10-07 07:00:00+00:00,9.2,0.0,2.0364676,9.36,,7.0,0.0,0.0,95.38404
2025-10-07 08:00:00+00:00,11.0,0.0,2.5959969,10.440001,,0.0,0.0,0.0,87.47626
2025-10-07 09:00:00+00:00,12.4,0.0,3.6402748,13.679999,,2.0,0.0,0.0,80.293816
2025-10-07 10:00:00+00:00,13.75,0.0,4.952453,16.56,,97.0,0.0,3.0,72.04525
2025-10-07 11:00:00+00:00,14.9,0.0,6.601363,19.44,,51.0,0.0,2.0,69.40706
2025-10-07 12:00:00+00:00,15.7,0.0,8.29173,22.68,,50.0,0.0,2.0,66.37785
2025-10-07 13:00:00+00:00,16.0,0.0,8.694204,23.039999,,37.0,0.0,1.0,65.55612
2025-10-07 14:00:00+00:00,15.8,0.0,8.43699,22.68,,45.0,0.0,1.0,66.399124
2025-10-07 15:00:00+00:00,15.2,0.0,9.1958685,21.24,,19.0,0.0,0.0,68.770645
2025-10-07 16:00:00+00:00,14.25,0.0,7.029225,20.880001,,71.0,0.0,2.0,74.351105
2025-10-07 17:00:00+00:00,11.65,0.0,5.8852015,14.4,,1.0,0.0,0.0,84.64302
2025-10-07 18:00:00+00:00,11.45,0.0,7.1208143,13.32,,5.0,0.0,0.0,85.48083
2025-10-07 19:00:00+00:00,11.4,0.0,8.669949,16.56,,2.0,0.0,0.0,82.079666
2025-10-07 20:00:00+00:00,10.7,0.0,7.5213294,16.56,,2.0,0.0,0.0,84.5367
2025-10-07 21:00:00+00:00,10.1,0.0,7.653705,14.759999,,0.0,0.0,0.0,89.189285
2025-10-07 22:00:00+00:00,9.65,0.0,8.043805,15.4800005,,0.0,0.0,0.0,92.22978
2025-10-07 23:00:00+00:00,9.25,0.0,8.027678,16.199999,,6.0,0.0,0.0,94.10249
2025-10-08 00:00:00+00:00,8.15,0.0,5.441838,15.84,,69.0,0.0,2.0,95.999115
2025-10-08 01:00:00+00:00,7.2,0.0,4.5891175,9.72,,98.0,0.0,3.0,97.63095
2025-10-08 02:00:00+00:00,6.7,0.0,4.2481523,7.92,,99.0,0.0,3.0,98.97449
2025-10-08 03:00:00+00:00,6.4,0.0,4.4456716,7.5599995,,97.0,0.0,3.0,98.63145
2025-10-08 04:00:00+00:00,6.1,0.0,4.293669,7.92,,98.0,0.0,3.0,100.0
2025-10-08 05:00:00+00:00,5.95,0.0,2.1749482,7.2,,98.0,0.0,3.0,100.0
2025-10-08 06:00:00+00:00,6.1,0.0,2.5455842,5.3999996,,100.0,0.0,3.0,99.65547
2025-10-08 07:00:00+00:00,7.45,0.0,2.4482648,9.0,,100.0,0.0,3.0,98.98059
2025-10-08 08:00:00+00:00,9.05,0.0,1.8089776,10.08,,99.0,0.0,3.0,93.774475
2025-10-08 09:00:00+00:00,11.45,0.0,2.6999998,12.599999,,66.0,0.0,2.0,83.76828
2025-10-08 10:00:00+00:00,13.25,0.0,2.4014995,13.32,,35.0,0.0,1.0,78.81107
2025-10-08 11:00:00+00:00,14.55,0.0,2.34,13.679999,,19.0,0.0,0.0,76.41675
2025-10-08 12:00:00+00:00,14.2,0.0,2.4482648,13.32,,38.0,0.0,1.0,74.842476
2025-10-08 13:00:00+00:00,15.05,0.0,2.8460495,13.679999,,98.0,0.0,3.0,73.99412
2025-10-08 14:00:00+00:00,15.35,0.0,3.4576871,13.32,,100.0,0.0,3.0,73.31089
2025-10-08 15:00:00+00:00,15.1,0.0,3.710795,12.599999,,98.0,0.0,3.0,73.75662
2025-10-08 16:00:00+00:00,13.95,0.0,3.06,10.799999,,36.0,0.0,1.0,82.950775
2025-10-08 17:00:00+00:00,11.45,0.0,2.9301877,6.4799995,,100.0,0.0,3.0,88.99885
2025-10-08 18:00:00+00:00,10.95,0.0,4.2136917,5.7599998,,100.0,0.0,3.0,91.997246
2025-10-08 19:00:00+00:00,10.45,0.0,4.32,8.28,,100.0,0.0,3.0,93.84102
2025-10-08 20:00:00+00:00,10.1,0.0,4.6834598,8.64,,100.0,0.0,3.0,94.7766
2025-10-08 21:00:00+00:00,10.25,0.0,4.278551,9.0,,100.0,0.0,3.0,95.742195
2025-10-08 22:00:00+00:00,9.65,0.0,2.6999998,6.8399997,,100.0,0.0,3.0,98.335205
2025-10-08 23:00:00+00:00,9.05,0.0,2.2910259,4.32,,100.0,0.0,3.0,100.0
2025-10-09 00:00:00+00:00,10.3,0.0,3.2599385,3.6,,100.0,0.0,3.0,97.03607
2025-10-09 01:00:00+00:00,10.15,0.0,2.8856194,4.68,,100.0,0.0,3.0,97.032616
2025-10-09 02:00:00+00:00,10.05,0.0,2.6999998,5.04,,100.0,0.0,3.0,98.01143
2025-10-09 03:00:00+00:00,10.2,0.0,3.4623692,6.8399997,,100.0,0.0,3.0,99.0025
2025-10-09 04:00:00+00:00,10.25,0.0,3.8773184,7.5599995,,100.0,0.0,3.0,99.33428
2025-10-09 05:00:00+00:00,10.1,0.0,2.9522195,7.5599995,,100.0,0.0,3.0,99.66625
2025-10-09 06:00:00+00:00,10.25,0.0,3.710795,5.7599998,,100.0,0.0,3.0,100.0
2025-10-09 07:00:00+00:00,10.75,0.1,3.550155,9.0,,100.0,0.0,51.0,99.00678
2025-10-09 08:00:00+00:00,11.35,0.1,3.06,9.72,,100.0,0.0,51.0,97.382996
2025-10-09 09:00:00+00:00,12.25,0.1,2.2768397,9.72,,100.0,0.0,51.0,94.23647
2025-10-09 10:00:00+00:00,13.05,0.1,1.835647,9.0,,100.0,0.0,51.0,90.91475
2025-10-09 11:00:00+00:00,13.95,0.1,2.2553935,9.72,,100.0,0.0,51.0,86.88154
2025-10-09 12:00:00+00:00,13.95,0.0,5.315336,10.440001,,100.0,0.0,3.0,84.61577
2025-10-09 13:00:00+00:00,14.2,0.0,6.439876,15.4800005,,100.0,0.0,3.0,83.80858
2025-10-09 14:00:00+00:00,14.5,0.0,6.5248446,16.56,,100.0,0.0,3.0,83.01731
2025-10-09 15:00:00+00:00,14.45,0.0,6.050785,15.84,,99.0,0.0,3.0,83.56127
2025-10-09 16:00:00+00:00,14.1,0.0,5.1575575,14.4,,96.0,0.0,3.0,86.32503
2025-10-09 17:00:00+00:00,12.25,0.0,4.4456716,10.440001,,88.0,0.0,3.0,94.23647
2025-10-09 18:00:00+00:00,11.6,0.0,5.004518,10.08,,41.0,0.0,1.0,96.10478
2025-10-09 19:00:00+00:00,11.9,0.0,5.7402787,11.159999,,59.0,0.0,2.0,95.79603
2025-10-09 20:00:00+00:00,11.75,0.0,7.3997297,14.4,,82.0,0.0,3.0,96.10929
2025-10-09 21:00:00+00:00,11.35,0.0,6.9153743,15.119999,,68.0,0.0,2.0,96.09728
2025-10-09 22:00:00+00:00,10.5,0.0,5.8769383,13.32,,6.0,0.0,0.0,96.71669
2025-10-09 23:00:00+00:00,9.3,0.0,7.0038276,13.679999,,3.0,0.0,0.0,97.669785
2025-10-10 00:00:00+00:00,9.45,0.0,8.211235,15.84,,17.0,0.0,0.0,97.01637
2025-10-10 01:00:00+00:00,9.1,0.0,9.257321,18.0,,16.0,0.0,0.0,96.35417
2025-10-10 02:00:00+00:00,8.7,0.0,7.689603,18.0,,15.0,0.0,0.0,96.67032
2025-10-10 03:00:00+00:00,7.9,0.0,5.2323985,14.759999,,6.0,0.0,0.0,97.31146
2025-10-10 04:00:00+00:00,7.45,0.0,4.991553,10.08,,29.0,0.0,1.0,97.63563
2025-10-10 05:00:00+00:00,7.3,0.0,4.542994,9.0,,29.0,0.0,1.0,98.979355
2025-10-10 06:00:00+00:00,7.95,0.0,8.37532,11.879999,,61.0,0.0,2.0,99.66052
2025-10-10 07:00:00+00:00,8.9,0.0,7.491114,15.119999,,99.0,0.0,3.0,96.675514
2025-10-10 08:00:00+00:00,10.55,0.0,9.432412,20.16,,98.0,0.0,3.0,89.527245
2025-10-10 09:00:00+00:00,11.95,0.0,10.261579,24.48,,98.0,0.0,3.0,84.67639
2025-10-10 10:00:00+00:00,13.15,0.0,9.913082,24.119999,,100.0,0.0,3.0,79.59341
2025-10-10 11:00:00+00:00,14.05,0.0,10.234705,24.84,,98.0,0.0,3.0,75.32035
2025-10-10 12:00:00+00:00,14.45,0.0,11.052058,26.64,,90.0,0.0,3.0,72.17488
2025-10-10 13:00:00+00:00,15.1,0.0,10.404249,26.64,,28.0,0.0,1.0,68.289696
2025-10-10 14:00:00+00:00,15.2,0.0,9.396275,24.84,,30.0,0.0,1.0,67.624405
2025-10-10 15:00:00+00:00,14.8,0.0,9.688281,22.68,,23.0,0.0,1.0,69.85553
2025-10-10 16:00:00+00:00,13.6,0.0,6.7397914,21.24,,0.0,0.0,0.0,76.77696
2025-10-10 17:00:00+00:00,11.0,0.0,6.28713,14.04,,0.0,0.0,0.0,86.59538
2025-10-10 18:00:00+00:00,10.8,0.0,7.9077177,14.4,,0.0,0.0,0.0,88.646164
2025-10-10 19:00:00+00:00,10.6,0.0,8.78872,16.56,,3.0,0.0,0.0,88.62926
2025-10-10 20:00:00+00:00,10.25,0.0,12.514855,24.119999,,2.0,0.0,0.0,91.02872
2025-10-10 21:00:00+00:00,9.3,0.0,12.85205,25.199999,,0.0,0.0,0.0,93.78644
2025-10-10 22:00:00+00:00,8.8,0.0,12.496718,25.199999,,1.0,0.0,0.0,94.402466
2025-10-10 23:00:00+00:00,8.4,0.0,11.203464,24.48,,1.0,0.0,0.0,94.70754
2025-10-11 00:00:00+00:00,9.05,0.0,10.855358,22.319998,,6.0,0.0,0.0,94.73409
2025-10-11 01:00:00+00:00,8.55,0.0,10.486448,21.24,,26.0,0.0,1.0,95.36068
2025-10-11 02:00:00+00:00,8.55,0.0,9.957108,20.880001,,86.0,0.0,3.0,94.070564
2025-10-11 03:00:00+00:00,9.3,0.0,9.703319,21.599998,,93.0,0.0,3.0,89.42862
2025-10-11 04:00:00+00:00,9.4,0.0,10.075177,21.599998,,81.0,0.0,3.0,87.6256
2025-10-11 05:00:00+00:00,9.25,0.0,10.055864,21.599998,,70.0,0.0,2.0,87.91165
2025-10-11 06:00:00+00:00,9.15,0.0,9.9408245,21.24,,98.0,0.0,3.0,89.41669
2025-10-11 07:00:00+00:00,9.6,0.0,11.712454,25.199999,,98.0,0.0,3.0,86.45638
2025-10-11 08:00:00+00:00,10.35,0.0,12.538134,27.72,,100.0,0.0,3.0,83.07045
2025-10-11 09:00:00+00:00,11.4,0.0,12.538134,28.08,,100.0,0.0,3.0,78.535706
2025-10-11 10:00:00+00:00,12.45,0.0,12.738099,29.16,,74.0,0.0,2.0,74.54233
2025-10-11 11:00:00+00:00,13.8,0.0,10.837435,29.519999,,52.0,0.0,2.0,68.48657
2025-10-11 12:00:00+00:00,13.8,0.0,9.335737,25.919998,,63.0,0.0,2.0,66.648186
2025-10-11 13:00:00+00:00,14.55,0.0,8.4963045,22.68,,34.0,0.0,1.0,65.90796
2025-10-11 14:00:00+00:00,14.8,0.0,8.738811,21.599998,,9.0,0.0,0.0,66.40981
2025-10-11 15:00:00+00:00,14.65,0.0,8.225035,20.880001,,7.0,0.0,0.0,68.19767
2025-10-11 16:00:00+00:00,13.3,0.0,4.3498964,18.0,,8.0,0.0,0.0,78.81845
2025-10-11 17:00:00+00:00,10.45,0.0,5.6060677,9.72,,8.0,0.0,0.0,85.95596
2025-10-11 18:00:00+00:00,9.9,0.0,4.4274144,14.04,,10.0,0.0,0.0,88.56976
2025-10-11 19:00:00+00:00,9.15,0.0,5.692099,10.08,,3.0,0.0,0.0,90.95373
2025-10-11 20:00:00+00:00,8.85,0.0,6.090812,11.5199995,,2.0,0.0,0.0,90.93311
2025-10-11 21:00:00+00:00,8.45,0.0,6.341009,12.24,,1.0,0.0,0.0,91.53001
2025-10-11 22:00:00+00:00,8.0,0.0,6.552099,12.599999,,0.0,0.0,0.0,92.13121
2025-10-11 23:00:00+00:00,7.6,0.0,6.638072,12.959999,,0.0,0.0,0.0,92.74309
2025-10-12 00:00:00+00:00,6.65,0.0,5.4744864,12.959999,,2.0,0.0,0.0,95.951836
2025-10-12 01:00:00+00:00,6.1,0.0,4.965521,9.72,,1.0,0.0,0.0,96.601585
2025-10-12 02:00:00+00:00,5.6,0.0,4.6938257,8.64,,0.0,0.0,0.0,97.94032
2025-10-12 03:00:00+00:00,5.3,0.0,4.2021422,8.28,,3.0,0.0,0.0,98.276855
2025-10-12 04:00:00+00:00,5.05,0.0,3.8183763,7.5599995,,20.0,0.0,1.0,99.30617
2025-10-12 05:00:00+00:00,4.85,0.0,3.1072817,6.8399997,,100.0,0.0,3.0,100.0
2025-10-12 06:00:00+00:00,6.45,0.0,4.5891175,7.5599995,,100.0,0.0,3.0,98.97243
2025-10-12 07:00:00+00:00,7.85,0.0,5.509882,12.959999,,94.0,0.0,3.0,95.66204
2025-10-12 08:00:00+00:00,9.55,0.0,5.3999996,14.759999,,45.0,0.0,1.0,90.67273
2025-10-12 09:00:00+00:00,11.25,0.0,8.29173,20.519999,,73.0,0.0,2.0,81.505646
2025-10-12 10:00:00+00:00,12.45,0.0,8.797931,21.96,,97.0,0.0,3.0,75.81803
2025-10-12 11:00:00+00:00,13.6,0.0,9.504272,23.4,,62.0,0.0,2.0,70.808945
2025-10-12 12:00:00+00:00,13.7,0.0,11.236671,24.84,,52.0,0.0,2.0,68.23381
2025-10-12 13:00:00+00:00,14.35,0.0,10.783486,27.359999,,46.0,0.0,1.0,63.660442
2025-10-12 14:00:00+00:00,14.55,0.0,9.835975,25.919998,,2.0,0.0,0.0,64.578674
2025-10-12 15:00:00+00:00,14.3,0.0,8.604301,22.68,,13.0,0.0,0.0,65.63043
2025-10-12 16:00:00+00:00,12.8,0.0,4.3274937,18.359999,,13.0,0.0,0.0,77.690544
2025-10-12 17:00:00+00:00,10.25,0.0,4.39436,8.28,,2.0,0.0,0.0,81.93142
2025-10-12 18:00:00+00:00,9.6,0.0,1.7727944,7.92,,4.0,0.0,0.0,85.28301
2025-10-12 19:00:00+00:00,8.35,0.0,2.16,4.32,,5.0,0.0,0.0,89.660034
2025-10-12 20:00:00+00:00,7.1,0.0,5.5916004,9.0,,4.0,0.0,0.0,93.68
2025-10-12 21:00:00+00:00,7.25,0.0,6.391901,12.24,,2.0,0.0,0.0,92.404144
2025-10-12 22:00:00+00:00,7.0,0.0,6.522361,12.599999,,0.0,0.0,0.0,93.03035
2025-10-12 23:00:00+00:00,7.05,0.0,8.415842,16.199999,,0.0,0.0,0.0,93.67754
2025-10-13 00:00:00+00:00,6.95,0.0,6.1094027,16.56,,0.0,0.0,0.0,95.63141
2025-10-13 01:00:00+00:00,6.85,0.0,6.1305785,11.879999,,0.0,0.0,0.0,95.62799
2025-10-13 02:00:00+00:00,6.85,0.0,7.7734165,14.759999,,0.0,0.0,0.0,95.62799
2025-10-13 03:00:00+00:00,6.7,0.0,8.528657,16.56,,4.0,0.0,0.0,96.285034
2025-10-13 04:00:00+00:00,6.4,0.0,8.027678,16.199999,,5.0,0.0,0.0,96.94403
2025-10-13 05:00:00+00:00,6.15,0.0,8.027678,15.4800005,,11.0,0.0,0.0,97.611176
2025-10-13 06:00:00+00:00,6.45,0.0,8.909545,16.199999,,87.0,0.0,3.0,97.9542
2025-10-13 07:00:00+00:00,7.55,0.0,10.094454,19.44,,98.0,0.0,3.0,95.32442
2025-10-13 08:00:00+00:00,8.9,0.0,13.878689,29.16,,100.0,0.0,3.0,89.39677
2025-10-13 09:00:00+00:00,10.2,0.0,13.4903965,29.519999,,100.0,0.0,3.0,83.33602
2025-10-13 10:00:00+00:00,11.5,0.0,13.581354,30.239998,,98.0,0.0,3.0,76.96207
2025-10-13 11:00:00+00:00,12.35,0.0,14.508715,32.039997,,70.0,0.0,2.0,73.76832
2025-10-13 12:00:00+00:00,11.9,0.0,15.518672,35.28,,97.0,0.0,3.0,73.43699
2025-10-13 13:00:00+00:00,12.3,0.0,15.013554,34.56,,100.0,0.0,3.0,72.76077
2025-10-13 14:00:00+00:00,12.35,0.0,13.979872,32.760002,,100.0,0.0,3.0,74.778786
2025-10-13 15:00:00+00:00,12.35,0.0,12.936228,29.519999,,100.0,0.0,3.0,74.778786
2025-10-13 16:00:00+00:00,12.05,0.0,9.3340025,27.72,,96.0,0.0,3.0,77.0496
2025-10-13 17:00:00+00:00,11.45,0.0,7.386582,18.72,,55.0,0.0,2.0,79.88955
2025-10-13 18:00:00+00:00,10.75,0.0,4.965521,15.119999,,100.0,0.0,3.0,85.11753
2025-10-13 19:00:00+00:00,10.7,0.0,7.2,13.679999,,95.0,0.0,3.0,85.40111
2025-10-13 20:00:00+00:00,10.2,0.0,7.674842,15.119999,,72.0,0.0,2.0,87.69893
2025-10-13 21:00:00+00:00,10.05,0.0,7.9077177,15.4800005,,46.0,0.0,1.0,87.98344
2025-10-13 22:00:00+00:00,9.65,0.0,8.281956,16.199999,,33.0,0.0,1.0,90.066246
2025-10-13 23:00:00+00:00,9.15,0.0,7.891311,16.199999,,41.0,0.0,1.0,91.88711
2025-10-14 00:00:00+00:00,10.4,0.0,6.7757506,15.84,,98.0,0.0,3.0,87.12485
2025-10-14 01:00:00+00:00,10.4,0.0,4.2175345,12.959999,,98.0,0.0,3.0,87.420555
2025-10-14 02:00:00+00:00,9.95,0.0,4.6102495,8.64,,100.0,0.0,3.0,89.177155
2025-10-14 03:00:00+00:00,9.9,0.0,6.804381,13.32,,100.0,0.0,3.0,88.26945
2025-10-14 04:00:00+00:00,9.45,0.0,8.181589,15.4800005,,100.0,0.0,3.0,90.05126
2025-10-14 05:00:00+00:00,9.3,0.0,9.957108,19.44,,100.0,0.0,3.0,90.347084
2025-10-14 06:00:00+00:00,9.65,0.0,9.037721,20.16,,100.0,0.0,3.0,91.917915
2025-10-14 07:00:00+00:00,10.15,0.0,10.070353,21.599998,,100.0,0.0,3.0,88.591064
2025-10-14 08:00:00+00:00,10.85,0.0,10.8672905,24.119999,,100.0,0.0,3.0,84.55356
2025-10-14 09:00:00+00:00,11.2,0.1,11.384198,25.56,,100.0,0.0,51.0,82.89269
2025-10-14 10:00:00+00:00,12.0,0.1,12.181624,27.72,,100.0,0.0,51.0,77.830055
2025-10-14 11:00:00+00:00,12.7,0.0,11.738705,27.72,,100.0,0.0,3.0,73.830284
2025-10-14 12:00:00+00:00,12.1,0.0,10.735306,27.359999,,100.0,0.0,3.0,75.24634
2025-10-14 13:00:00+00:00,12.8,0.0,10.152064,25.199999,,96.0,0.0,3.0,71.86797
2025-10-14 14:00:00+00:00,13.2,0.0,9.361731,24.119999,,40.0,0.0,1.0,68.59736
2025-10-14 15:00:00+00:00,13.2,0.0,8.297589,21.599998,,18.0,0.0,0.0,66.74801
2025-10-14 16:00:00+00:00,12.15,0.0,5.318383,17.64,,9.0,0.0,0.0,74.49037
2025-10-14 17:00:00+00:00,9.5,0.0,6.4096174,12.24,,5.0,0.0,0.0,84.98087
2025-10-14 18:00:00+00:00,8.6,0.0,4.278551,12.24,,5.0,0.0,0.0,87.85286
2025-10-14 19:00:00+00:00,8.2,0.0,0.17999999,6.4799995,,3.0,0.0,0.0,88.11946
2025-10-14 20:00:00+00:00,7.3,0.0,3.396233,5.3999996,,0.0,0.0,0.0,92.40707
2025-10-14 21:00:00+00:00,6.35,0.0,4.952453,8.28,,0.0,0.0,0.0,92.99519
2025-10-14 22:00:00+00:00,6.3,0.0,6.156947,11.159999,,0.0,0.0,0.0,92.02769
2025-10-14 23:00:00+00:00,6.65,0.0,7.1684303,14.04,,0.0,0.0,0.0,92.04917
2025-10-15 00:00:00+00:00,6.2,0.0,7.748368,15.119999,,0.0,0.0,0.0,92.02155
2025-10-15 01:00:00+00:00,5.85,0.0,7.8149853,15.119999,,0.0,0.0,0.0,92.644325
2025-10-15 02:00:00+00:00,5.5,0.0,7.491114,15.119999,,0.0,0.0,0.0,93.27435
2025-10-15 03:00:00+00:00,5.2,0.0,7.0107627,14.4,,0.0,0.0,0.0,93.25862
2025-10-15 04:00:00+00:00,4.95,0.0,6.8919086,14.04,,1.0,0.0,0.0,93.90225
2025-10-15 05:00:00+00:00,4.7,0.0,6.638072,13.32,,2.0,0.0,0.0,94.220856
2025-10-15 06:00:00+00:00,4.95,0.0,7.6367526,13.32,,0.0,0.0,0.0,96.23337
2025-10-15 07:00:00+00:00,6.4,0.0,8.415842,15.84,,0.0,0.0,0.0,94.2972
2025-10-15 08:00:00+00:00,8.3,0.0,10.534229,22.319998,,46.0,0.0,1.0,86.02813
2025-10-15 09:00:00+00:00,10.2,0.0,12.594856,27.72,,41.0,0.0,1.0,78.08548
2025-10-15 10:00:00+00:00,11.7,0.0,14.527683,32.399998,,43.0,0.0,1.0,72.15423
2025-10-15 11:00:00+00:00,13.05,0.0,14.835537,34.2,,52.0,0.0,2.0,64.68683
2025-10-15 12:00:00+00:00,12.7,0.0,14.57889,33.48,,95.0,0.0,3.0,68.027405
2025-10-15 13:00:00+00:00,13.35,0.0,13.089354,32.039997,,69.0,0.0,2.0,64.97605
2025-10-15 14:00:00+00:00,13.75,0.0,12.387348,29.16,,80.0,0.0,3.0,63.090157
2025-10-15 15:00:00+00:00,13.5,0.0,10.97262,28.44,,66.0,0.0,2.0,64.12413
2025-10-15 16:00:00+00:00,12.45,0.0,9.585739,22.319998,,76.0,0.0,2.0,70.58648
2025-10-15 17:00:00+00:00,11.25,0.0,9.290511,19.44,,66.0,0.0,2.0,75.35963
2025-10-15 18:00:00+00:00,11.2,0.0,5.5450516,18.0,,100.0,0.0,3.0,79.31223
2025-10-15 19:00:00+00:00,10.95,0.0,6.8423676,12.959999,,92.0,0.0,3.0,80.09096
2025-10-15 20:00:00+00:00,10.85,0.0,8.461915,16.199999,,89.0,0.0,3.0,79.80414
2025-10-15 21:00:00+00:00,10.25,0.0,9.037721,18.0,,34.0,0.0,1.0,81.93142
2025-10-15 22:00:00+00:00,9.1,0.0,8.783189,18.0,,14.0,0.0,0.0,87.89812
2025-10-15 23:00:00+00:00,7.85,0.0,8.688613,17.28,,2.0,0.0,0.0,92.75703
2025-10-16 00:00:00+00:00,7.1,0.0,7.9567327,16.919998,,14.0,0.0,0.0,95.63653
2025-10-16 01:00:00+00:00,6.9,0.0,6.6624317,15.119999,,14.0,0.0,0.0,95.62969
2025-10-16 02:00:00+00:00,6.4,0.0,5.3517847,12.959999,,14.0,0.0,0.0,96.60963
2025-10-16 03:00:00+00:00,5.95,0.0,4.965521,10.440001,,20.0,0.0,1.0,97.60738
2025-10-16 04:00:00+00:00,6.0,0.0,4.8366103,9.36,,21.0,0.0,1.0,96.93435
2025-10-16 05:00:00+00:00,5.75,0.0,4.863332,9.72,,20.0,0.0,1.0,97.60357
2025-10-16 06:00:00+00:00,6.65,0.0,7.329338,9.72,,100.0,0.0,3.0,97.957436
2025-10-16 07:00:00+00:00,7.7,0.0,9.292255,18.0,,100.0,0.0,3.0,94.35458
2025-10-16 08:00:00+00:00,8.55,0.0,10.348043,23.039999,,100.0,0.0,3.0,90.60184
2025-10-16 09:00:00+00:00,9.55,0.0,9.726664,23.039999,,100.0,0.0,3.0,86.15661
2025-10-16 10:00:00+00:00,10.6,0.0,10.04458,24.119999,,100.0,0.0,3.0,81.41964
2025-10-16 11:00:00+00:00,11.55,0.0,10.766949,25.56,,93.0,0.0,3.0,76.18664
2025-10-16 12:00:00+00:00,11.45,0.0,10.373061,26.64,,100.0,0.0,3.0,76.430725
2025-10-16 13:00:00+00:00,12.15,0.0,10.766949,25.919998,,48.0,0.0,1.0,70.770134
2025-10-16 14:00:00+00:00,12.5,0.0,10.296251,25.56,,56.0,0.0,2.0,66.82786
2025-10-16 15:00:00+00:00,12.3,0.0,9.446141,23.4,,41.0,0.0,1.0,67.01558
2025-10-16 16:00:00+00:00,10.9,0.0,4.3349743,19.8,,5.0,0.0,0.0,78.192665
2025-10-16 17:00:00+00:00,8.45,0.0,5.2478566,8.64,,3.0,0.0,0.0,83.98984
2025-10-16 18:00:00+00:00,8.0,0.0,5.7964473,9.72,,19.0,0.0,0.0,87.79822
2025-10-16 19:00:00+00:00,7.2,0.0,5.232399,10.440001,,18.0,0.0,0.0,89.56965
2025-10-16 20:00:00+00:00,6.95,0.0,5.9427266,11.159999,,23.0,0.0,1.0,91.11615
2025-10-16 21:00:00+00:00,7.0,0.0,8.790563,16.56,,27.0,0.0,1.0,92.709435
2025-10-16 22:00:00+00:00,6.7,0.0,9.292254,18.0,,20.0,0.0,1.0,93.98495
2025-10-16 23:00:00+00:00,6.4,0.0,8.783189,18.0,,15.0,0.0,0.0,94.2972
2025-10-17 00:00:00+00:00,6.2,0.0,7.9077177,17.28,,7.0,0.0,0.0,94.2883
2025-10-17 01:00:00+00:00,5.85,0.0,7.0107627,15.119999,,11.0,0.0,0.0,94.601364
2025-10-17 02:00:00+00:00,5.6,0.0,7.256032,14.04,,14.0,0.0,0.0,95.252464
2025-10-17 03:00:00+00:00,5.3,0.0,7.5105524,14.4,,5.0,0.0,0.0,95.574394
2025-10-17 04:00:00+00:00,4.85,0.0,7.386582,14.4,,12.0,0.0,0.0,96.90627
2025-10-17 05:00:00+00:00,4.65,0.0,6.8777895,14.04,,15.0,0.0,0.0,97.58248
2025-10-17 06:00:00+00:00,5.65,0.0,8.320986,13.32,,51.0,0.0,2.0,98.96583
2025-10-17 07:00:00+00:00,6.55,0.0,7.928177,15.4800005,,79.0,0.0,2.0,96.61363
2025-10-17 08:00:00+00:00,8.1,0.0,8.856658,20.16,,98.0,0.0,3.0,90.88128
2025-10-17 09:00:00+00:00,9.7,0.0,10.404249,24.119999,,96.0,0.0,3.0,82.42358
2025-10-17 10:00:00+00:00,11.25,0.2,11.923557,27.359999,,99.0,0.0,51.0,71.575386
2025-10-17 11:00:00+00:00,11.85,0.2,11.453715,27.72,,100.0,0.0,51.0,68.3202
2025-10-17 12:00:00+00:00,12.05,0.0,10.486448,26.64,,87.0,0.0,3.0,67.19379
2025-10-17 13:00:00+00:00,12.45,0.0,10.4493065,24.48,,95.0,0.0,3.0,63.666107
2025-10-17 14:00:00+00:00,12.45,0.0,10.182337,24.119999,,90.0,0.0,3.0,60.43638
2025-10-17 15:00:00+00:00,11.85,0.0,9.688281,24.48,,53.0,0.0,2.0,64.417946
2025-10-17 16:00:00+00:00,11.15,0.0,7.7983837,20.16,,77.0,0.0,2.0,67.469284
2025-10-17 17:00:00+00:00,8.2,0.0,6.341009,15.4800005,,6.0,0.0,0.0,79.420685
2025-10-17 18:00:00+00:00,8.2,0.0,5.7628117,11.879999,,100.0,0.0,3.0,83.670204
2025-10-17 19:00:00+00:00,8.0,0.0,5.441838,10.799999,,100.0,0.0,3.0,83.937
2025-10-17 20:00:00+00:00,8.65,0.0,5.634891,11.159999,,100.0,0.0,3.0,80.5975
2025-10-17 21:00:00+00:00,8.55,0.0,6.6087217,12.959999,,100.0,0.0,3.0,80.583595
2025-10-17 22:00:00+00:00,7.8,0.0,7.4520864,14.04,,79.0,0.0,2.0,83.04284
2025-10-17 23:00:00+00:00,6.55,0.0,7.653705,14.759999,,1.0,0.0,0.0,88.58707
2025-10-18 00:00:00+00:00,5.2,0.0,6.7469993,14.759999,,1.0,0.0,0.0,91.3162
2025-10-18 01:00:00+00:00,4.5,0.0,6.156947,12.599999,,2.0,0.0,0.0,91.91589
2025-10-18 02:00:00+00:00,3.95,0.0,5.8409934,11.5199995,,4.0,0.0,0.0,92.534805
2025-10-18 03:00:00+00:00,3.65,0.0,5.7402787,10.799999,,5.0,0.0,0.0,93.17643
2025-10-18 04:00:00+00:00,3.35,0.0,5.6060677,10.440001,,4.0,0.0,0.0,93.82516
2025-10-18 05:00:00+00:00,3.15,0.0,5.369916,9.72,,3.0,0.0,0.0,94.149895
2025-10-18 06:00:00+00:00,2.7,0.0,3.9966483,9.72,,5.0,0.0,0.0,93.79343
2025-10-18 07:00:00+00:00,4.2,0.0,6.384293,9.72,,7.0,0.0,0.0,92.87705
2025-10-18 08:00:00+00:00,6.9,0.0,4.5891175,14.04,,3.0,0.0,0.0,86.78543
2025-10-18 09:00:00+00:00,9.2,0.0,5.983477,16.919998,,2.0,0.0,0.0,79.291916
2025-10-18 10:00:00+00:00,11.2,0.0,9.037721,22.68,,0.0,0.0,0.0,70.58529
2025-10-18 11:00:00+00:00,12.45,0.0,12.744457,29.88,,0.0,0.0,0.0,60.85846
2025-10-18 12:00:00+00:00,12.95,0.0,11.1090765,32.399998,,0.0,0.0,0.0,58.693214
2025-10-18 13:00:00+00:00,13.45,0.0,11.213581,27.0,,0.0,0.0,0.0,57.20614
2025-10-18 14:00:00+00:00,13.45,0.0,11.39842,26.28,,0.0,0.0,0.0,57.80561
2025-10-18 15:00:00+00:00,12.9,0.0,9.600937,25.199999,,0.0,0.0,0.0,61.603134
2025-10-18 16:00:00+00:00,10.75,0.0,5.5450516,19.8,,1.0,0.0,0.0,73.22942
2025-10-18 17:00:00+00:00,7.95,0.0,6.248359,10.799999,,0.0,0.0,0.0,82.199646
2025-10-18 18:00:00+00:00,7.4,0.0,6.7397914,14.759999,,0.0,0.0,0.0,84.15892
2025-10-18 19:00:00+00:00,6.85,0.0,7.8149853,15.119999,,73.0,0.0,2.0,85.27916
2025-10-18 20:00:00+00:00,6.3,0.0,7.9036193,15.4800005,,100.0,0.0,3.0,87.33532
2025-10-18 21:00:00+00:00,5.7,0.0,7.1389914,15.119999,,99.0,0.0,3.0,88.824585
2025-10-18 22:00:00+00:00,5.15,0.0,6.248359,13.679999,,100.0,0.0,3.0,90.67312
2025-10-18 23:00:00+00:00,4.25,0.0,5.2323985,11.879999,,100.0,0.0,3.0,92.87983
2025-10-19 00:00:00+00:00,3.6,0.0,4.3498964,9.0,,100.0,0.0,3.0,96.192764
2025-10-19 01:00:00+00:00,3.4,0.0,3.7064266,7.5599995,,100.0,0.0,3.0,96.18668
2025-10-19 02:00:00+00:00,3.05,0.0,3.4247334,6.4799995,,100.0,0.0,3.0,98.59418
2025-10-19 03:00:00+00:00,3.3,0.0,1.609969,6.12,,100.0,0.0,3.0,98.59701
2025-10-19 04:00:00+00:00,2.9,0.0,1.1384199,2.8799999,,100.0,0.0,3.0,99.29402
2025-10-19 05:00:00+00:00,2.8,0.0,1.8,3.96,,100.0,0.0,3.0,100.0
2025-10-19 06:00:00+00:00,3.15,0.0,1.2979984,4.32,,100.0,0.0,3.0,99.64716
2025-10-19 07:00:00+00:00,3.6,0.0,1.1384199,6.8399997,,100.0,0.0,3.0,98.94867
2025-10-19 08:00:00+00:00,4.6,0.0,1.6981165,9.72,,100.0,0.0,3.0,98.95709
2025-10-19 09:00:00+00:00,5.85,0.0,3.4576871,12.599999,,100.0,0.0,3.0,97.605484
2025-10-19 10:00:00+00:00,7.6,0.0,3.710795,14.04,,100.0,0.0,3.0,90.53376
2025-10-19 11:00:00+00:00,9.8,0.0,3.536439,14.759999,,100.0,0.0,3.0,82.71919
2025-10-19 12:00:00+00:00,10.9,0.0,1.0495713,15.119999,,100.0,0.0,3.0,80.35735
2025-10-19 13:00:00+00:00,11.85,0.0,3.6402748,13.32,,100.0,0.0,3.0,78.07153
2025-10-19 14:00:00+00:00,11.95,0.0,3.0811036,13.32,,100.0,0.0,3.0,77.82235
2025-10-19 15:00:00+00:00,11.55,0.0,1.08,10.799999,,100.0,0.0,3.0,80.720764
2025-10-19 16:00:00+00:00,10.3,0.0,2.0124612,4.68,,100.0,0.0,3.0,89.8107
2025-10-19 17:00:00+00:00,9.05,0.0,5.293959,10.08,,98.0,0.0,3.0,93.139496
2025-10-19 18:00:00+00:00,8.9,0.0,2.5959969,10.08,,100.0,0.0,3.0,93.76728
2025-10-19 19:00:00+00:00,8.2,0.0,1.2727921,5.7599998,,100.0,0.0,3.0,95.02319
2025-10-19 20:00:00+00:00,7.25,0.0,2.9301877,4.68,,100.0,0.0,3.0,97.967125
2025-10-19 21:00:00+00:00,7.35,0.0,2.9024127,5.7599998,,100.0,0.0,3.0,97.96874
2025-10-19 22:00:00+00:00,7.05,0.0,2.5455842,4.68,,100.0,0.0,3.0,98.30069
2025-10-19 23:00:00+00:00,6.8,0.0,1.484318,4.32,,100.0,0.0,3.0,98.63579
2025-10-20 00:00:00+00:00,6.4,0.0,0.9178235,3.2399998,,100.0,0.0,3.0,98.63145
2025-10-20 01:00:00+00:00,6.5,0.0,0.5091169,2.52,,100.0,0.0,3.0,97.95502
2025-10-20 02:00:00+00:00,6.45,0.0,2.4014995,3.96,,100.0,0.0,3.0,98.29258
2025-10-20 03:00:00+00:00,6.5,0.0,3.2599385,5.7599998,,99.0,0.0,3.0,96.279175
2025-10-20 04:00:00+00:00,5.95,0.0,3.572898,5.7599998,,100.0,0.0,3.0,96.26301
2025-10-20 05:00:00+00:00,6.65,0.0,6.1858225,11.5199995,,100.0,0.0,3.0,95.951836
2025-10-20 06:00:00+00:00,6.85,0.0,2.6999998,10.799999,,100.0,0.0,3.0,98.63634
2025-10-20 07:00:00+00:00,7.25,0.3,7.3997297,13.679999,,100.0,0.0,51.0,95.97085
2025-10-20 08:00:00+00:00,8.2,0.5,6.638072,15.4800005,,100.0,0.0,53.0,96.32848
2025-10-20 09:00:00+00:00,8.9,0.3,2.9522195,11.879999,,100.0,0.0,51.0,97.00352
2025-10-20 10:00:00+00:00,9.05,0.0,4.080882,11.5199995,,100.0,0.0,3.0,96.6794
2025-10-20 11:00:00+00:00,9.85,0.1,1.4512063,10.440001,,100.0,0.0,51.0,95.40721
2025-10-20 12:00:00+00:00,10.4,0.4,5.4477882,9.0,,100.0,0.0,51.0,95.74712
2025-10-20 13:00:00+00:00,11.4,0.0,4.1046314,12.599999,,100.0,0.0,3.0,94.19897
2025-10-20 14:00:00+00:00,12.15,0.0,3.1845248,11.5199995,,100.0,0.0,3.0,91.15609
2025-10-20 15:00:00+00:00,11.65,0.0,7.748368,15.119999,,100.0,0.0,3.0,93.89721
2025-10-20 16:00:00+00:00,10.7,0.1,3.0811036,15.4800005,,100.0,0.0,51.0,96.07764
2025-10-20 17:00:00+00:00,10.8,0.0,5.318383,11.159999,,98.0,0.0,3.0,94.48799
2025-10-20 18:00:00+00:00,10.75,0.0,9.422101,10.799999,,91.0,0.0,3.0,96.40062
2025-10-20 19:00:00+00:00,9.5,0.0,7.519175,16.199999,,87.0,0.0,3.0,96.04096
2025-10-20 20:00:00+00:00,8.9,0.0,8.656858,15.84,,23.0,0.0,1.0,97.993416
2025-10-20 21:00:00+00:00,8.5,0.0,7.029225,15.84,,47.0,0.0,1.0,98.32007
2025-10-20 22:00:00+00:00,7.95,0.0,4.278551,12.959999,,83.0,0.0,3.0,100.0
2025-10-20 23:00:00+00:00,7.75,0.0,1.0182338,8.64,,100.0,0.0,3.0,99.65999
2025-10-21 00:00:00+00:00,8.25,0.0,0.742159,13.679999,,100.0,0.0,3.0,100.0
2025-10-21 01:00:00+00:00,8.5,1.6,6.5520988,11.159999,,77.0,0.0,61.0,97.98709
2025-10-21 02:00:00+00:00,8.1,3.0,3.4763772,20.16,,75.0,0.0,63.0,94.69521
2025-10-21 03:00:00+00:00,8.05,2.5,2.7416782,20.16,,52.0,0.0,63.0,91.19048
2025-10-21 04:00:00+00:00,8.0,0.0,0.9693296,7.2,,76.0,0.0,2.0,90.56251
2025-10-21 05:00:00+00:00,7.75,1.5,2.5959969,6.12,,93.0,0.0,61.0,92.11612
2025-10-21 06:00:00+00:00,8.2,0.0,6.945761,11.159999,,100.0,0.0,3.0,96.98704
2025-10-21 07:00:00+00:00,9.75,1.2,12.972494,23.039999,,100.0,0.0,55.0,93.176186
2025-10-21 08:00:00+00:00,10.55,0.3,7.7650757,23.039999,,100.0,0.0,51.0,96.717964
2025-10-21 09:00:00+00:00,10.05,1.0,6.638072,14.4,,100.0,0.0,55.0,96.705185
2025-10-21 10:00:00+00:00,11.65,0.0,5.5450516,15.4800005,,97.0,0.0,3.0,93.27433
2025-10-21 11:00:00+00:00,14.4,0.0,7.8087645,19.44,,94.0,0.0,3.0,78.19561
2025-10-21 12:00:00+00:00,16.75,0.0,9.7880945,32.399998,,91.0,0.0,3.0,60.22936
2025-10-21 13:00:00+00:00,15.8,0.0,11.543881,35.28,,64.0,0.0,2.0,65.73338
2025-10-21 14:00:00+00:00,15.55,0.0,6.2145634,24.48,,76.0,0.0,2.0,73.59058
2025-10-21 15:00:00+00:00,13.65,0.6,10.223619,21.96,,100.0,0.0,53.0,83.19032
2025-10-21 16:00:00+00:00,13.05,0.2,12.108261,21.599998,,100.0,0.0,51.0,82.0147
2025-10-21 17:00:00+00:00,11.7,1.5,13.392774,26.28,,100.0,0.0,61.0,94.21225
2025-10-21 18:00:00+00:00,12.05,1.3,12.37819,25.919998,,100.0,0.0,61.0,89.94319
2025-10-21 19:00:00+00:00,11.65,0.4,9.5535755,22.319998,,100.0,0.0,51.0,93.89721
2025-10-21 20:00:00+00:00,11.25,0.4,6.601363,17.64,,100.0,0.0,51.0,96.414505
2025-10-21 21:00:00+00:00,11.0,0.4,4.91634,11.879999,,100.0,0.0,51.0,97.37587
2025-10-21 22:00:00+00:00,10.65,2.7,5.896202,13.32,,100.0,0.0,63.0,97.36871
2025-10-21 23:00:00+00:00,10.8,1.7,9.059205,20.16,,100.0,0.0,61.0,98.02305
2025-10-22 00:00:00+00:00,10.75,0.9,3.693291,17.64,,100.0,0.0,53.0,96.40062
2025-10-22 01:00:00+00:00,10.95,2.0,7.0107627,12.599999,,100.0,0.0,61.0,96.72813
2025-10-22 02:00:00+00:00,10.85,2.6,7.229191,14.4,,100.0,0.0,63.0,97.3728
2025-10-22 03:00:00+00:00,10.5,0.6,6.6185193,12.959999,,100.0,0.0,53.0,97.36564
2025-10-22 04:00:00+00:00,10.15,1.0,9.446141,17.64,,100.0,0.0,55.0,96.38384
2025-10-22 05:00:00+00:00,10.0,2.9,9.965239,29.519999,,100.0,0.0,63.0,96.37963
2025-10-22 06:00:00+00:00,10.55,5.0,9.9,27.72,,100.0,0.0,63.0,94.79466
2025-10-22 07:00:00+00:00,10.7,4.5,6.8777895,17.28,,100.0,0.0,63.0,98.02153
2025-10-22 08:00:00+00:00,11.35,2.9,10.799999,29.519999,,100.0,0.0,63.0,97.70678
2025-10-22 09:00:00+00:00,12.05,1.2,8.626865,23.039999,,100.0,0.0,55.0,97.39716
2025-10-22 10:00:00+00:00,12.55,1.3,12.242646,23.4,,100.0,0.0,61.0,96.45029
2025-10-22 11:00:00+00:00,13.4,0.4,10.8015,23.759998,,82.0,0.0,51.0,93.66992
2025-10-22 12:00:00+00:00,15.3,0.1,12.678185,25.56,,98.0,0.0,51.0,86.44329
2025-10-22 13:00:00+00:00,15.25,1.4,7.7043357,39.239998,,75.0,0.0,61.0,86.43838
2025-10-22 14:00:00+00:00,15.95,0.0,7.6409945,18.72,,73.0,0.0,2.0,82.64938
2025-10-22 15:00:00+00:00,15.85,0.0,7.8583965,17.28,,100.0,0.0,3.0,80.236664
2025-10-22 16:00:00+00:00,14.8,0.0,9.595874,18.359999,,100.0,0.0,3.0,83.327446
2025-10-22 17:00:00+00:00,13.1,0.0,5.4656014,19.08,,100.0,0.0,3.0,90.618385
2025-10-22 18:00:00+00:00,13.05,0.0,7.193247,15.84,,100.0,0.0,3.0,93.96182
2025-10-22 19:00:00+00:00,13.2,0.0,9.224011,17.64,,100.0,0.0,3.0,93.04627
2025-10-22 20:00:00+00:00,12.6,0.0,7.9526596,17.28,,98.0,0.0,3.0,94.87578
2025-10-22 21:00:00+00:00,12.3,0.1,7.1684303,15.4800005,,100.0,0.0,51.0,95.17808
2025-10-22 22:00:00+00:00,12.9,0.3,14.021525,26.28,,100.0,0.0,51.0,92.41867
2025-10-22 23:00:00+00:00,12.5,0.1,8.461915,26.28,,100.0,0.0,51.0,93.00941
2025-10-23 00:00:00+00:00,12.5,0.3,10.711135,18.359999,,100.0,0.0,51.0,98.04903
2025-10-23 01:00:00+00:00,12.7,2.2,10.478722,22.319998,,100.0,0.0,61.0,97.730675
2025-10-23 02:00:00+00:00,12.3,0.3,6.698806,20.519999,,98.0,0.0,51.0,95.17808
2025-10-23 03:00:00+00:00,11.6,0.0,7.029225,13.32,,100.0,0.0,3.0,93.58287
2025-10-23 04:00:00+00:00,10.45,0.0,2.1749482,14.759999,,100.0,0.0,3.0,92.89978
2025-10-23 05:00:00+00:00,10.65,0.0,10.464797,16.199999,,100.0,0.0,3.0,93.53622
2025-10-23 06:00:00+00:00,11.1,0.8,10.6261,24.84,,100.0,0.0,53.0,96.41036
2025-10-23 07:00:00+00:00,11.75,0.3,6.601363,20.519999,,100.0,0.0,51.0,95.47398
2025-10-23 08:00:00+00:00,12.4,0.1,16.854767,30.960001,,98.0,0.0,51.0,92.69665
2025-10-23 09:00:00+00:00,12.8,2.2,16.344357,42.12,,100.0,0.0,61.0,95.82496
2025-10-23 10:00:00+00:00,10.6,4.9,26.72803,67.67999,,100.0,0.0,63.0,91.052376
2025-10-23 11:00:00+00:00,11.0,0.9,26.241135,59.399998,,100.0,0.0,53.0,83.43211
2025-10-23 12:00:00+00:00,10.2,0.5,25.624565,60.479996,,100.0,0.0,53.0,88.59531
2025-10-23 13:00:00+00:00,10.65,1.4,27.105392,66.6,,100.0,0.0,61.0,82.54345
2025-10-23 14:00:00+00:00,11.1,0.0,30.02603,65.520004,,28.0,0.0,1.0,68.87736
2025-10-23 15:00:00+00:00,10.55,0.0,28.89995,65.159996,,44.0,0.0,1.0,66.64067
2025-10-23 16:00:00+00:00,9.6,0.0,28.502022,62.279995,,77.0,0.0,2.0,71.01087
2025-10-23 17:00:00+00:00,8.85,0.3,26.16509,59.039997,,100.0,0.0,51.0,77.60638
2025-10-23 18:00:00+00:00,8.95,0.3,25.762016,53.639996,,70.0,0.0,51.0,79.80621
2025-10-23 19:00:00+00:00,8.05,0.2,21.924562,58.32,,100.0,0.0,51.0,86.00221
2025-10-23 20:00:00+00:00,7.95,0.2,20.36865,49.32,,98.0,0.0,51.0,87.79365
2025-10-23 21:00:00+00:00,8.25,0.1,20.530258,41.039997,,99.0,0.0,51.0,85.136185
2025-10-23 22:00:00+00:00,8.0,0.5,22.81531,46.44,,100.0,0.0,53.0,86.593765
2025-10-23 23:00:00+00:00,7.5,0.1,21.85203,46.079998,,54.0,0.0,51.0,86.24393
2025-10-24 00:00:00+00:00,7.15,0.3,24.728226,51.839996,,74.0,0.0,51.0,88.33158
2025-10-24 01:00:00+00:00,6.85,0.3,25.772078,58.32,,73.0,0.0,51.0,87.38755
2025-10-24 02:00:00+00:00,6.45,0.2,24.07765,55.44,,73.0,0.0,51.0,84.937065
2025-10-24 03:00:00+00:00,5.65,0.2,21.599998,47.88,,65.0,0.0,51.0,87.580696
2025-10-24 04:00:00+00:00,5.85,0.0,20.778112,43.199997,,95.0,0.0,3.0,84.86984
2025-10-24 05:00:00+00:00,4.5,2.0,17.31746,42.48,,92.0,0.28,73.0,92.24082
2025-10-24 06:00:00+00:00,3.35,0.4,10.692969,33.839996,,91.0,0.0,51.0,92.170975
2025-10-24 07:00:00+00:00,3.85,3.5,13.306615,25.919998,,73.0,1.12,75.0,91.549484
2025-10-24 08:00:00+00:00,5.9,0.0,14.544401,37.44,,84.0,0.0,3.0,90.72671
2025-10-24 09:00:00+00:00,6.25,1.7,16.947744,43.92,,33.0,0.0,61.0,85.81363
2025-10-24 10:00:00+00:00,8.2,0.1,17.95404,45.36,,41.0,0.0,51.0,77.23325
2025-10-24 11:00:00+00:00,9.25,0.1,19.592731,48.239998,,21.0,0.0,51.0,62.259304
2025-10-24 12:00:00+00:00,9.75,0.0,17.902534,44.28,,20.0,0.0,1.0,64.16695
2025-10-24 13:00:00+00:00,9.8,0.0,18.78393,45.0,,41.0,0.0,1.0,58.31648
2025-10-24 14:00:00+00:00,9.5,0.0,19.533937,45.0,,48.0,0.0,1.0,56.595497
2025-10-24 15:00:00+00:00,9.35,0.2,14.64209,40.32,,19.0,0.0,51.0,60.104893
2025-10-24 16:00:00+00:00,8.4,0.0,11.592894,29.519999,,29.0,0.0,1.0,61.17396
2025-10-24 17:00:00+00:00,7.55,0.0,14.926983,29.16,,58.0,0.0,2.0,64.81313
2025-10-24 18:00:00+00:00,7.3,0.0,15.133923,34.2,,89.0,0.0,3.0,68.57556
2025-10-24 19:00:00+00:00,6.8,0.0,11.897714,30.239998,,64.0,0.0,2.0,73.277275
2025-10-24 20:00:00+00:00,6.4,0.0,11.144021,23.759998,,48.0,0.0,1.0,76.94259
2025-10-24 21:00:00+00:00,5.55,0.0,7.029225,22.319998,,100.0,0.0,3.0,82.46848
2025-10-24 22:00:00+00:00,6.85,0.0,8.893166,17.28,,100.0,0.0,3.0,76.74391
2025-10-24 23:00:00+00:00,7.55,0.0,11.7,23.039999,,100.0,0.0,3.0,74.19708
2025-10-25 00:00:00+00:00,6.35,1.2,14.241629,29.16,,100.0,0.0,55.0,93.6431
2025-10-25 01:00:00+00:00,6.75,2.7,17.373497,34.2,,100.0,0.0,63.0,93.987274
2025-10-25 02:00:00+00:00,7.15,0.6,18.98552,39.96,,100.0,0.0,53.0,91.12973
2025-10-25 03:00:00+00:00,7.35,0.3,17.23964,36.719997,,66.0,0.0,51.0,93.3702
2025-10-25 04:00:00+00:00,7.1,0.0,16.697365,34.2,,59.0,0.0,2.0,94.00362
2025-10-25 05:00:00+00:00,7.15,0.0,13.690654,32.039997,,91.0,0.0,3.0,93.038414
2025-10-25 06:00:00+00:00,7.7,0.2,11.525623,39.96,,100.0,0.0,51.0,94.03145
2025-10-25 07:00:00+00:00,8.1,0.1,14.957339,28.44,,98.0,0.0,51.0,91.19384
2025-10-25 08:00:00+00:00,8.55,1.0,14.905261,29.519999,,91.0,0.0,55.0,91.22398
2025-10-25 09:00:00+00:00,9.55,0.2,21.721159,48.6,,100.0,0.0,51.0,84.40655
2025-10-25 10:00:00+00:00,9.35,0.3,23.16412,47.519997,,100.0,0.0,51.0,82.947525
2025-10-25 11:00:00+00:00,9.15,0.8,23.950148,49.32,,100.0,0.0,53.0,86.41126
2025-10-25 12:00:00+00:00,8.9,0.4,16.22498,48.6,,100.0,0.0,51.0,92.18521
2025-10-25 13:00:00+00:00,8.45,1.1,14.764389,33.839996,,100.0,0.0,55.0,95.35707
2025-10-25 14:00:00+00:00,8.25,0.8,16.1198,32.039997,,100.0,0.0,53.0,89.038124
2025-10-25 15:00:00+00:00,8.4,0.1,14.396625,30.960001,,100.0,0.0,51.0,89.663956
2025-10-25 16:00:00+00:00,8.15,3.5,10.158444,27.72,,100.0,0.0,63.0,91.510605
2025-10-25 17:00:00+00:00,7.65,0.9,10.564941,19.8,,100.0,0.0,53.0,96.97398
2025-10-25 18:00:00+00:00,8.25,0.2,11.989946,20.880001,,100.0,0.0,51.0,93.097206
2025-10-25 19:00:00+00:00,8.2,0.6,11.212135,22.68,,100.0,0.0,53.0,95.348045
2025-10-25 20:00:00+00:00,8.25,0.4,10.210936,21.599998,,58.0,0.0,51.0,93.735985
2025-10-25 21:00:00+00:00,7.5,0.4,12.632101,25.56,,100.0,0.0,51.0,96.638855
2025-10-25 22:00:00+00:00,7.1,0.2,14.266632,27.359999,,100.0,0.0,51.0,93.68
2025-10-25 23:00:00+00:00,6.5,0.7,12.800266,27.72,,100.0,0.0,53.0,95.61596
2025-10-26 00:00:00+00:00,6.95,0.2,16.045261,29.88,,46.0,0.0,51.0,93.02765
2025-10-26 01:00:00+00:00,7.15,0.0,15.778516,33.48,,24.0,0.0,1.0,93.038414
2025-10-26 02:00:00+00:00,6.65,0.2,15.589497,30.960001,,60.0,0.0,51.0,93.011444
2025-10-26 03:00:00+00:00,6.65,0.7,16.63905,31.68,,100.0,0.0,53.0,92.36894
2025-10-26 04:00:00+00:00,6.6,0.7,18.25026,34.56,,100.0,0.0,53.0,93.98026
2025-10-26 05:00:00+00:00,6.6,0.5,18.0,35.64,,100.0,0.0,53.0,93.00874
2025-10-26 06:00:00+00:00,6.15,0.3,19.384087,41.760002,,63.0,0.0,51.0,92.66138
2025-10-26 07:00:00+00:00,5.8,0.0,18.430452,37.079998,,87.0,0.0,3.0,92.31867
2025-10-26 08:00:00+00:00,6.45,0.0,17.769016,44.28,,66.0,0.0,2.0,86.43789
2025-10-26 09:00:00+00:00,7.2,0.1,22.68357,48.96,,68.0,0.0,51.0,77.07242
2025-10-26 10:00:00+00:00,7.85,0.0,24.44954,50.76,,94.0,0.0,3.0,69.67285
2025-10-26 11:00:00+00:00,8.85,0.1,21.468348,52.92,,83.0,0.0,51.0,62.609173
2025-10-26 12:00:00+00:00,8.5,0.0,20.570463,50.399998,,70.0,0.0,2.0,54.527462
2025-10-26 13:00:00+00:00,8.9,0.0,19.08,45.719997,,68.0,0.0,2.0,55.230293
2025-10-26 14:00:00+00:00,9.05,0.0,17.057314,40.32,,10.0,0.0,0.0,53.69425
2025-10-26 15:00:00+00:00,8.55,0.0,15.215058,39.6,,23.0,0.0,1.0,56.14477
2025-10-26 16:00:00+00:00,7.1,0.0,12.503199,31.319998,,99.0,0.0,3.0,64.7107
2025-10-26 17:00:00+00:00,6.4,0.0,14.018059,29.519999,,85.0,0.0,3.0,73.46516
2025-10-26 18:00:00+00:00,5.45,0.0,12.503199,28.8,,100.0,0.0,3.0,79.57666
2025-10-26 19:00:00+00:00,5.85,0.1,14.48972,29.519999,,80.0,0.0,51.0,79.07188
2025-10-26 20:00:00+00:00,5.55,0.2,17.254667,34.2,,88.0,0.0,51.0,82.17669
2025-10-26 21:00:00+00:00,5.15,0.0,16.299694,34.56,,100.0,0.0,3.0,83.300156
2025-10-26 22:00:00+00:00,5.5,0.0,18.978693,38.519997,,100.0,0.0,3.0,79.58402
2025-10-26 23:00:00+00:00,5.65,0.1,20.404411,41.760002,,100.0,0.0,51.0,77.64656
2025-10-27 00:00:00+00:00,5.6,0.1,21.782972,44.28,,100.0,0.0,51.0,78.75338
2025-10-27 01:00:00+00:00,5.8,0.0,23.22279,47.88,,100.0,0.0,3.0,75.48534
2025-10-27 02:00:00+00:00,6.0,0.1,24.628447,50.76,,100.0,0.0,51.0,73.65478
2025-10-27 03:00:00+00:00,5.7,0.5,25.452026,52.56,,100.0,0.0,53.0,78.48876
2025-10-27 04:00:00+00:00,5.45,0.6,24.16898,51.12,,100.0,0.0,53.0,82.74853
2025-10-27 05:00:00+00:00,5.5,0.6,26.608969,52.56,,100.0,0.0,53.0,83.048584
2025-10-27 06:00:00+00:00,5.05,0.7,27.433912,54.0,,100.0,0.0,53.0,90.029755
2025-10-27 07:00:00+00:00,4.95,1.1,28.859,57.6,,100.0,0.0,55.0,94.23217
2025-10-27 08:00:00+00:00,4.9,1.2,30.49234,60.479996,,100.0,0.0,55.0,94.8931
2025-10-27 09:00:00+00:00,5.0,1.7,29.44802,60.839996,,100.0,0.0,61.0,95.22999
2025-10-27 10:00:00+00:00,5.35,1.2,29.454622,59.399998,,100.0,0.0,55.0,94.911125
2025-10-27 11:00:00+00:00,6.15,0.3,30.704119,60.839996,,100.0,0.0,51.0,89.17391
2025-10-27 12:00:00+00:00,6.6,0.6,33.10532,65.88,,100.0,0.0,53.0,91.0923
2025-10-27 13:00:00+00:00,6.55,2.1,31.002356,65.159996,,100.0,0.0,61.0,94.63081
2025-10-27 14:00:00+00:00,7.25,0.7,31.332928,64.439995,,100.0,0.0,53.0,89.57361
2025-10-27 15:00:00+00:00,7.55,0.1,25.44566,61.920002,,100.0,0.0,51.0,88.980095
2025-10-27 16:00:00+00:00,7.0,1.8,18.519018,50.76,,100.0,0.0,61.0,95.962944
2025-10-27 17:00:00+00:00,7.7,0.6,20.316889,43.199997,,100.0,0.0,53.0,93.38811
2025-10-27 18:00:00+00:00,7.75,0.3,18.102308,43.199997,,87.0,0.0,51.0,93.07057
2025-10-27 19:00:00+00:00,7.3,0.3,14.118243,36.719997,,82.0,0.0,51.0,93.36764
2025-10-27 20:00:00+00:00,6.5,0.7,15.655861,29.519999,,75.0,0.0,53.0,93.97558
2025-10-27 21:00:00+00:00,6.6,0.0,15.244842,29.519999,,66.0,0.0,2.0,93.33159
2025-10-27 22:00:00+00:00,6.75,0.0,16.427402,32.039997,,67.0,0.0,2.0,91.41914
2025-10-27 23:00:00+00:00,6.2,0.1,16.391863,32.760002,,75.0,0.0,51.0,92.98705
2025-10-28 00:00:00+00:00,6.3,0.1,15.3771,35.28,,41.0,0.0,51.0,93.64062
2025-10-28 01:00:00+00:00,6.65,0.0,14.897651,32.039997,,100.0,0.0,3.0,92.689705
2025-10-28 02:00:00+00:00,6.85,0.0,13.504799,29.16,,100.0,0.0,3.0,91.74309
2025-10-28 03:00:00+00:00,7.15,0.1,14.707222,28.8,,100.0,0.0,51.0,91.76208
2025-10-28 04:00:00+00:00,6.85,0.0,14.328949,29.16,,100.0,0.0,3.0,92.380714
2025-10-28 05:00:00+00:00,7.15,0.0,13.0806875,28.08,,73.0,0.0,2.0,91.12973
2025-10-28 06:00:00+00:00,7.35,0.0,11.720751,25.56,,100.0,0.0,3.0,87.434746
2025-10-28 07:00:00+00:00,7.7,0.0,12.330985,23.759998,,26.0,0.0,1.0,91.16693
2025-10-28 08:00:00+00:00,8.75,0.0,14.197196,28.44,,37.0,0.0,1.0,89.691216
2025-10-28 09:00:00+00:00,10.0,0.0,13.577776,30.599998,,27.0,0.0,1.0,83.02757
2025-10-28 10:00:00+00:00,11.15,0.0,15.095336,36.719997,,87.0,0.0,3.0,76.64358
2025-10-28 11:00:00+00:00,12.3,0.0,15.12964,37.44,,81.0,0.0,3.0,71.774055
2025-10-28 12:00:00+00:00,13.7,0.0,18.29459,47.16,,77.0,0.0,2.0,63.295452
2025-10-28 13:00:00+00:00,14.15,0.0,20.690605,42.839996,,98.0,0.0,3.0,63.832787
2025-10-28 14:00:00+00:00,14.0,0.0,16.62444,43.56,,76.0,0.0,2.0,63.798878
2025-10-28 15:00:00+00:00,13.15,0.0,11.226575,33.48,,54.0,0.0,2.0,71.20453
2025-10-28 16:00:00+00:00,10.9,0.0,6.638072,23.039999,,52.0,0.0,2.0,83.42014
2025-10-28 17:00:00+00:00,8.9,0.0,6.206738,13.32,,23.0,0.0,1.0,88.78733
2025-10-28 18:00:00+00:00,9.35,0.0,8.2584505,12.24,,25.0,0.0,1.0,81.2526
2025-10-28 19:00:00+00:00,9.2,0.0,9.220499,18.0,,28.0,0.0,1.0,82.644066
2025-10-28 20:00:00+00:00,8.8,0.0,8.4963045,18.0,,35.0,0.0,1.0,86.673195
2025-10-28 21:00:00+00:00,8.25,0.0,7.69592,16.199999,,53.0,0.0,2.0,89.038124
2025-10-28 22:00:00+00:00,7.9,0.0,8.107996,15.119999,,34.0,0.0,1.0,89.62481
2025-10-28 23:00:00+00:00,7.15,0.0,7.388775,15.4800005,,17.0,0.0,0.0,91.76208
2025-10-29 00:00:00+00:00,5.95,0.0,5.4656014,14.04,,16.0,0.0,0.0,94.93503
2025-10-29 01:00:00+00:00,5.15,0.0,3.7585104,9.36,,1.0,0.0,0.0,96.57594
2025-10-29 02:00:00+00:00,4.25,0.0,5.2939587,8.28,,3.0,0.0,0.0,98.95415
2025-10-29 03:00:00+00:00,4.25,0.0,5.8603754,10.799999,,11.0,0.0,0.0,97.23257
2025-10-29 04:00:00+00:00,3.5,0.0,5.3699164,10.799999,,21.0,0.0,1.0,98.25181
2025-10-29 05:00:00+00:00,3.15,0.0,4.599695,10.08,,98.0,0.0,3.0,100.0
2025-10-29 06:00:00+00:00,3.15,0.0,1.6299692,9.0,,100.0,0.0,3.0,100.0
2025-10-29 07:00:00+00:00,3.55,0.0,2.3469129,6.8399997,,100.0,0.0,3.0,99.648315
2025-10-29 08:00:00+00:00,5.2,0.0,2.8856194,10.799999,,100.0,0.0,3.0,94.24347
2025-10-29 09:00:00+00:00,7.0,0.0,3.671294,13.32,,29.0,0.0,1.0,91.435585
2025-10-29 10:00:00+00:00,8.75,0.0,3.84796,15.119999,,48.0,0.0,1.0,85.7791
2025-10-29 11:00:00+00:00,10.7,0.0,3.2599385,14.759999,,92.0,0.0,3.0,80.329475
2025-10-29 12:00:00+00:00,11.6,0.0,1.2727921,14.759999,,100.0,0.0,3.0,76.19483
2025-10-29 13:00:00+00:00,12.8,0.0,1.609969,10.440001,,100.0,0.0,3.0,73.59785
2025-10-29 14:00:00+00:00,12.7,0.0,3.148714,10.440001,,100.0,0.0,3.0,74.58552
2025-10-29 15:00:00+00:00,12.05,0.0,0.6489992,9.36,,100.0,0.0,3.0,84.40361
2025-10-29 16:00:00+00:00,10.15,0.0,3.4152596,5.7599998,,100.0,0.0,3.0,88.591064
2025-10-29 17:00:00+00:00,9.6,0.0,1.2074767,7.2,,100.0,0.0,3.0,90.67625
2025-10-29 18:00:00+00:00,8.65,0.0,2.1897945,3.96,,100.0,0.0,3.0,94.71777
2025-10-29 19:00:00+00:00,7.8,0.0,1.835647,4.32,,99.0,0.0,3.0,97.30936
2025-10-29 20:00:00+00:00,7.35,0.0,2.4149535,5.3999996,,100.0,0.0,3.0,97.2998
2025-10-29 21:00:00+00:00,7.75,0.4,0.8049845,7.2,,100.0,0.0,51.0,96.645454
2025-10-29 22:00:00+00:00,7.9,0.3,3.644722,11.5199995,,100.0,0.0,51.0,98.64765
2025-10-29 23:00:00+00:00,8.2,1.5,10.674773,18.0,,100.0,0.0,61.0,97.64957
2025-10-30 00:00:00+00:00,8.7,1.8,10.137692,36.719997,,100.0,0.0,61.0,98.65618
2025-10-30 01:00:00+00:00,8.8,0.5,9.292255,21.96,,100.0,0.0,53.0,98.991425
2025-10-30 02:00:00+00:00,8.55,0.0,8.825508,18.359999,,100.0,0.0,3.0,98.989426
2025-10-30 03:00:00+00:00,8.9,0.3,11.39842,21.24,,100.0,0.0,51.0,97.332504
2025-10-30 04:00:00+00:00,9.3,0.2,14.664202,28.08,,100.0,0.0,51.0,96.034805
2025-10-30 05:00:00+00:00,9.55,0.2,13.746156,29.519999,,100.0,0.0,51.0,93.16573
2025-10-30 06:00:00+00:00,9.95,0.0,12.96125,25.56,,100.0,0.0,3.0,95.090195
2025-10-30 07:00:00+00:00,10.05,0.1,12.320471,24.48,,100.0,0.0,51.0,96.705185
2025-10-30 08:00:00+00:00,10.6,0.0,11.481968,23.4,,87.0,0.0,3.0,94.79667
2025-10-30 09:00:00+00:00,11.2,0.0,12.431734,26.64,,59.0,0.0,2.0,89.57802
2025-10-30 10:00:00+00:00,12.1,0.0,12.081472,28.08,,59.0,0.0,2.0,80.25209
2025-10-30 11:00:00+00:00,13.05,0.0,11.362834,27.359999,,75.0,0.0,2.0,71.91478
2025-10-30 12:00:00+00:00,13.0,0.0,9.5196,26.28,,100.0,0.0,3.0,72.39545
2025-10-30 13:00:00+00:00,13.3,0.0,6.302571,21.24,,13.0,0.0,0.0,70.99176
2025-10-30 14:00:00+00:00,13.6,0.0,3.671294,16.199999,,58.0,0.0,2.0,69.382515
2025-10-30 15:00:00+00:00,13.1,0.0,0.8049845,10.799999,,59.0,0.0,2.0,79.58625
2025-10-30 16:00:00+00:00,10.8,0.0,0.35999998,1.8,,77.0,0.0,2.0,79.52503
2025-10-30 17:00:00+00:00,8.95,0.0,1.0182338,2.16,,13.0,0.0,0.0,86.9858
2025-10-30 18:00:00+00:00,7.55,0.0,3.84796,5.7599998,,39.0,0.0,1.0,94.99796
2025-10-30 19:00:00+00:00,6.9,0.0,4.991553,8.28,,100.0,0.0,3.0,95.62969
2025-10-30 20:00:00+00:00,6.45,0.0,5.3426957,9.36,,62.0,0.0,2.0,96.2777
2025-10-30 21:00:00+00:00,5.8,0.0,4.7928696,9.0,,98.0,0.0,3.0,98.62488
2025-10-30 22:00:00+00:00,5.6,0.0,4.1085763,8.64,,100.0,0.0,3.0,100.0
2025-10-30 23:00:00+00:00,5.55,0.0,1.6981165,7.2,,100.0,0.0,3.0,100.0
2025-10-31 00:00:00+00:00,5.3,0.0,3.0547013,3.96,,100.0,0.0,3.0,100.0
2025-10-31 01:00:00+00:00,5.25,0.0,2.995797,6.12,,100.0,0.0,3.0,100.0
2025-10-31 02:00:00+00:00,5.65,0.0,3.8939953,9.0,,100.0,0.0,3.0,100.0
2025-10-31 03:00:00+00:00,5.9,0.0,2.0523157,9.72,,100.0,0.0,3.0,99.65491
2025-10-31 04:00:00+00:00,6.15,0.0,2.50064,6.8399997,,100.0,0.0,3.0,99.6556
2025-10-31 05:00:00+00:00,6.35,0.0,1.2727921,7.2,,100.0,0.0,3.0,100.0
2025-10-31 06:00:00+00:00,5.9,0.0,3.4152596,5.7599998,,100.0,0.0,3.0,99.65491
2025-10-31 07:00:00+00:00,5.75,0.0,3.4763772,9.72,,100.0,0.0,3.0,98.96667
2025-10-31 08:00:00+00:00,6.15,0.0,1.2979984,9.72,,100.0,0.0,3.0,98.28849
2025-10-31 09:00:00+00:00,7.0,0.0,0.9,9.72,,100.0,0.0,3.0,98.63796
2025-10-31 10:00:00+00:00,7.95,0.0,2.5772076,11.879999,,100.0,0.0,3.0,93.721436
2025-10-31 11:00:00+00:00,9.6,0.0,2.0991426,12.959999,,100.0,0.0,3.0,87.34574
2025-10-31 12:00:00+00:00,11.2,0.0,1.7076298,12.24,,100.0,0.0,3.0,83.73893
2025-10-31 13:00:00+00:00,12.3,0.0,2.0991426,12.599999,,100.0,0.0,3.0,80.82288
2025-10-31 14:00:00+00:00,12.45,0.0,2.3051248,11.5199995,,100.0,0.0,3.0,80.84321
2025-10-31 15:00:00+00:00,12.0,0.0,2.3469129,9.72,,100.0,0.0,3.0,83.83256
2025-10-31 16:00:00+00:00,10.2,0.0,1.8,5.04,,100.0,0.0,3.0,91.02532
2025-10-31 17:00:00+00:00,9.05,0.0,2.3051248,3.6,,100.0,0.0,3.0,94.41326
2025-10-31 18:00:00+00:00,8.65,0.0,5.4744864,9.0,,100.0,0.0,3.0,97.98947
2025-10-31 19:00:00+00:00,8.55,0.0,4.6938257,10.799999,,100.0,0.0,3.0,97.325165
2025-10-31 20:00:00+00:00,8.05,0.0,4.2175345,8.28,,85.0,0.0,3.0,98.98541
2025-10-31 21:00:00+00:00,7.3,0.0,2.9522195,7.92,,100.0,0.0,3.0,100.0
2025-10-31 22:00:00+00:00,6.25,0.0,1.0948973,4.68,,100.0,0.0,3.0,100.0
2025-10-31 23:00:00+00:00,5.65,0.0,2.4216523,5.04,,100.0,0.0,3.0,100.0
2025-11-01 00:00:00+00:00,6.7,0.0,2.5582807,6.8399997,,100.0,0.0,3.0,99.65713
2025-11-01 01:00:00+00:00,6.95,0.0,2.6208394,8.28,,100.0,0.0,3.0,98.29934
2025-11-01 02:00:00+00:00,6.6,0.0,0.56920993,6.12,,100.0,0.0,3.0,100.0
2025-11-01 03:00:00+00:00,6.55,0.0,0.8049845,5.04,,100.0,0.0,3.0,98.29393
2025-11-01 04:00:00+00:00,6.65,0.0,1.8532133,5.7599998,,100.0,0.0,3.0,96.6163
2025-11-01 05:00:00+00:00,6.35,0.0,2.5959969,7.92,,100.0,0.0,3.0,97.61496
2025-11-01 06:00:00+00:00,6.55,0.0,0.35999998,7.5599995,,100.0,0.0,3.0,98.633064
2025-11-01 07:00:00+00:00,6.7,0.0,3.148714,9.36,,100.0,0.0,3.0,98.97449
2025-11-01 08:00:00+00:00,7.6,0.0,5.2478566,14.04,,100.0,0.0,3.0,98.30808
2025-11-01 09:00:00+00:00,8.35,0.0,4.965521,14.759999,,100.0,0.0,3.0,98.318085
2025-11-01 10:00:00+00:00,10.05,0.0,5.6060677,16.199999,,100.0,0.0,3.0,90.70787
2025-11-01 11:00:00+00:00,11.5,0.0,3.6,15.84,,100.0,0.0,3.0,88.40808
2025-11-01 12:00:00+00:00,11.85,0.0,3.462369,12.959999,,100.0,0.0,3.0,86.67876
2025-11-01 13:00:00+00:00,12.55,0.0,2.907989,10.440001,,100.0,0.0,3.0,85.59661
2025-11-01 14:00:00+00:00,11.55,0.0,2.36753,10.440001,,100.0,0.0,3.0,91.11616
2025-11-01 15:00:00+00:00,11.15,0.0,1.659518,3.96,,100.0,0.0,3.0,94.8186
2025-11-01 16:00:00+00:00,10.95,0.3,5.2939587,9.72,,100.0,0.0,51.0,91.38214
2025-11-01 17:00:00+00:00,11.4,0.4,9.059205,14.4,,100.0,0.0,51.0,88.39949
2025-11-01 18:00:00+00:00,11.8,0.4,5.0432134,16.199999,,100.0,0.0,51.0,88.13831
2025-11-01 19:00:00+00:00,11.1,0.6,7.293888,12.959999,,100.0,0.0,53.0,96.08973
2025-11-01 20:00:00+00:00,10.85,0.4,6.7205353,14.04,,100.0,0.0,51.0,98.023834
2025-11-01 21:00:00+00:00,10.5,0.5,4.0249224,12.599999,,100.0,0.0,53.0,98.018425
2025-11-01 22:00:00+00:00,10.3,0.4,5.3457265,10.440001,,100.0,0.0,51.0,98.67298
2025-11-01 23:00:00+00:00,10.15,0.4,7.2649574,12.599999,,100.0,0.0,51.0,98.671425
2025-11-02 00:00:00+00:00,10.65,1.1,7.5685663,20.16,,100.0,0.0,55.0,98.020744
2025-11-02 01:00:00+00:00,11.05,1.8,10.805999,20.16,,100.0,0.0,61.0,97.70141
2025-11-02 02:00:00+00:00,10.7,2.3,7.145796,20.880001,,100.0,0.0,61.0,96.72179
2025-11-02 03:00:00+00:00,10.45,1.5,5.5567255,13.679999,,100.0,0.0,61.0,97.69066
2025-11-02 04:00:00+00:00,10.25,1.9,4.3274937,10.440001,,100.0,0.0,61.0,97.360504
2025-11-02 05:00:00+00:00,10.25,1.6,4.965521,9.72,,100.0,0.0,61.0,97.360504
2025-11-02 06:00:00+00:00,10.2,1.8,3.9477081,9.0,,100.0,0.0,61.0,96.38524
2025-11-02 07:00:00+00:00,9.8,1.8,4.5891175,16.199999,,100.0,0.0,61.0,98.00754
2025-11-02 08:00:00+00:00,10.05,1.6,5.9399996,10.799999,,100.0,0.0,61.0,98.01143
2025-11-02 09:00:00+00:00,10.2,0.9,7.6409945,16.199999,,100.0,0.0,53.0,97.68614
2025-11-02 10:00:00+00:00,10.45,0.4,6.1226463,14.04,,100.0,0.0,51.0,98.34562
2025-11-02 11:00:00+00:00,10.85,0.7,5.637765,11.879999,,100.0,0.0,53.0,98.35078
2025-11-02 12:00:00+00:00,9.9,1.3,9.4238205,21.24,,100.0,0.0,61.0,94.44976
2025-11-02 13:00:00+00:00,9.85,1.5,9.984729,21.24,,100.0,0.0,61.0,94.447624
2025-11-02 14:00:00+00:00,9.85,0.7,16.951565,32.399998,,100.0,0.0,53.0,94.12965
2025-11-02 15:00:00+00:00,9.25,0.9,17.389341,34.56,,100.0,0.0,53.0,93.78405
2025-11-02 16:00:00+00:00,8.95,0.3,14.664202,33.839996,,100.0,0.0,51.0,90.01368
2025-11-02 17:00:00+00:00,8.5,0.0,14.148046,28.8,,99.0,0.0,3.0,89.67175
2025-11-02 18:00:00+00:00,8.2,0.0,8.792405,27.0,,100.0,0.0,3.0,93.413574
2025-11-02 19:00:00+00:00,8.1,0.5,9.037721,21.599998,,72.0,0.0,53.0,94.69521
2025-11-02 20:00:00+00:00,7.2,0.0,12.979984,25.199999,,33.0,0.0,1.0,93.68489
2025-11-02 21:00:00+00:00,6.75,0.0,10.946013,24.119999,,42.0,0.0,1.0,94.966644
2025-11-02 22:00:00+00:00,6.65,0.0,12.031756,23.039999,,30.0,0.0,1.0,95.62111
2025-11-02 23:00:00+00:00,6.5,0.0,12.033103,23.759998,,41.0,0.0,1.0,94.956795
2025-11-03 00:00:00+00:00,6.25,0.0,10.587917,23.4,,51.0,0.0,2.0,94.946915
2025-11-03 01:00:00+00:00,6.0,0.0,10.00256,20.16,,41.0,0.0,1.0,96.26448
2025-11-03 02:00:00+00:00,5.85,0.0,8.967541,19.08,,26.0,0.0,1.0,95.59352
2025-11-03 03:00:00+00:00,5.65,0.0,8.14587,16.919998,,20.0,0.0,1.0,94.263695
2025-11-03 04:00:00+00:00,5.25,0.0,6.8423676,15.4800005,,15.0,0.0,0.0,94.57591
2025-11-03 05:00:00+00:00,4.6,0.0,6.763786,12.959999,,5.0,0.0,0.0,95.54988
2025-11-03 06:00:00+00:00,4.1,0.0,5.2694216,12.599999,,2.0,0.0,0.0,97.22926
2025-11-03 07:00:00+00:00,4.75,0.0,7.689603,11.879999,,16.0,0.0,0.0,96.903786
2025-11-03 08:00:00+00:00,6.55,0.0,7.24486,15.4800005,,9.0,0.0,0.0,95.61768
2025-11-03 09:00:00+00:00,8.25,0.0,6.015878,16.199999,,42.0,0.0,1.0,87.519066
2025-11-03 10:00:00+00:00,9.4,0.0,7.282774,19.08,,59.0,0.0,2.0,77.692696
2025-11-03 11:00:00+00:00,10.35,0.0,9.044888,22.68,,6.0,0.0,0.0,69.68765
2025-11-03 12:00:00+00:00,11.0,0.0,11.328566,29.16,,62.0,0.0,2.0,66.04413
2025-11-03 13:00:00+00:00,11.4,0.0,12.652604,28.08,,63.0,0.0,2.0,63.647278
2025-11-03 14:00:00+00:00,11.5,0.0,12.033103,27.72,,52.0,0.0,2.0,63.670174
2025-11-03 15:00:00+00:00,11.05,0.0,7.0843205,28.08,,18.0,0.0,0.0,68.62882
2025-11-03 16:00:00+00:00,8.65,0.0,2.19718,14.04,,2.0,0.0,0.0,78.38911
2025-11-03 17:00:00+00:00,7.15,0.0,3.0652895,5.04,,0.0,0.0,0.0,82.962166
2025-11-03 18:00:00+00:00,6.4,0.0,5.0528407,8.64,,0.0,0.0,0.0,89.194466
2025-11-03 19:00:00+00:00,5.55,0.0,4.353619,8.28,,0.0,0.0,0.0,90.70176
2025-11-03 20:00:00+00:00,5.2,0.0,4.3349743,7.5599995,,0.0,0.0,0.0,91.63743
2025-11-03 21:00:00+00:00,4.9,0.0,4.7110505,7.5599995,,0.0,0.0,0.0,92.58985
2025-11-03 22:00:00+00:00,4.9,0.0,1.5379207,7.5599995,,0.0,0.0,0.0,93.57083
2025-11-03 23:00:00+00:00,4.35,0.0,0.9,3.2399998,,0.0,0.0,0.0,96.215385
2025-11-04 00:00:00+00:00,2.65,0.0,3.319036,9.0,,24.0,0.0,1.0,100.0
2025-11-04 01:00:00+00:00,1.95,0.0,3.572898,7.92,,93.0,0.0,3.0,99.64372
2025-11-04 02:00:00+00:00,1.55,0.0,2.5071096,5.7599998,,98.0,0.0,3.0,99.642555
2025-11-04 03:00:00+00:00,1.4,0.0,0.71999997,4.68,,99.0,0.0,3.0,100.0
2025-11-04 04:00:00+00:00,1.35,0.0,1.0495713,3.2399998,,99.0,0.0,3.0,100.0
2025-11-04 05:00:00+00:00,1.5,0.0,1.8792552,5.7599998,,96.0,0.0,3.0,98.576416
2025-11-04 06:00:00+00:00,1.55,0.0,1.2727921,5.7599998,,100.0,0.0,3.0,99.642555
2025-11-04 07:00:00+00:00,1.85,0.0,2.6208394,7.92,,100.0,0.0,3.0,98.933655
2025-11-04 08:00:00+00:00,2.9,0.0,2.4482646,10.08,,100.0,0.0,3.0,98.942696
2025-11-04 09:00:00+00:00,4.35,0.0,2.0991426,10.799999,,100.0,0.0,3.0,93.21373
2025-11-04 10:00:00+00:00,6.1,0.0,0.76367533,10.799999,,70.0,0.0,2.0,87.622795
2025-11-04 11:00:00+00:00,7.9,0.0,0.71999997,10.08,,24.0,0.0,1.0,80.49284
2025-11-04 12:00:00+00:00,9.25,0.0,1.2727921,10.799999,,36.0,0.0,1.0,72.95529
2025-11-04 13:00:00+00:00,10.5,0.0,1.7727944,11.159999,,31.0,0.0,1.0,69.71774
2025-11-04 14:00:00+00:00,10.75,0.0,2.2553935,10.440001,,69.0,0.0,2.0,68.56705
2025-11-04 15:00:00+00:00,10.05,0.0,1.7727944,9.0,,30.0,0.0,1.0,81.90544
2025-11-04 16:00:00+00:00,7.35,0.0,3.2846913,5.04,,1.0,0.0,0.0,83.86023
2025-11-04 17:00:00+00:00,6.0,0.0,4.8366103,7.5599995,,0.0,0.0,0.0,89.47408
2025-11-04 18:00:00+00:00,5.8,0.0,1.835647,7.5599995,,66.0,0.0,2.0,92.965256
2025-11-04 19:00:00+00:00,4.9,0.0,0.56920993,3.2399998,,38.0,0.0,1.0,94.8931
2025-11-04 20:00:00+00:00,4.15,0.0,1.08,2.16,,2.0,0.0,0.0,96.20937
2025-11-04 21:00:00+00:00,3.5,0.0,1.8089776,3.2399998,,96.0,0.0,3.0,97.90543
2025-11-04 22:00:00+00:00,3.3,0.0,0.9,3.2399998,,95.0,0.0,3.0,99.29632
2025-11-04 23:00:00+00:00,2.7,0.0,0.76367533,1.8,,99.0,0.0,3.0,100.0
2025-11-05 00:00:00+00:00,2.5,0.0,2.6758924,4.32,,100.0,0.0,3.0,96.84766
2025-11-05 01:00:00+00:00,1.35,0.0,3.319036,6.8399997,,100.0,0.0,3.0,99.28507
2025-11-05 02:00:00+00:00,1.8,0.0,3.244996,6.12,,99.0,0.0,3.0,98.57988
2025-11-05 03:00:00+00:00,2.3,0.0,2.9024127,6.8399997,,99.0,0.0,3.0,97.8851
2025-11-05 04:00:00+00:00,2.5,0.0,0.742159,5.3999996,,98.0,0.0,3.0,97.54047
2025-11-05 05:00:00+00:00,2.45,0.0,4.186693,8.64,,91.0,0.0,3.0,97.19239
2025-11-05 06:00:00+00:00,1.35,0.0,5.8104043,11.879999,,100.0,0.0,3.0,100.0
2025-11-05 07:00:00+00:00,1.6,0.0,5.509882,11.159999,,100.0,0.0,3.0,99.28654
2025-11-05 08:00:00+00:00,2.85,0.0,6.015878,15.4800005,,98.0,0.0,3.0,97.54738
2025-11-05 09:00:00+00:00,3.7,0.0,4.669604,15.4800005,,100.0,0.0,3.0,95.180756
2025-11-05 10:00:00+00:00,5.65,0.0,1.7727944,14.04,,82.0,0.0,3.0,90.07547
2025-11-05 11:00:00+00:00,7.7,0.0,0.56920993,11.5199995,,99.0,0.0,3.0,83.610344
2025-11-05 12:00:00+00:00,8.55,0.0,1.0495713,10.440001,,100.0,0.0,3.0,79.748566
2025-11-05 13:00:00+00:00,9.6,0.0,2.3469126,10.799999,,72.0,0.0,2.0,77.45574
2025-11-05 14:00:00+00:00,9.8,0.0,3.6179552,11.879999,,84.0,0.0,3.0,77.48729
2025-11-05 15:00:00+00:00,8.95,0.0,4.2366967,11.5199995,,98.0,0.0,3.0,82.898
2025-11-05 16:00:00+00:00,6.15,0.0,3.62243,9.0,,100.0,0.0,3.0,92.01846
2025-11-05 17:00:00+00:00,5.45,0.0,3.3481934,6.12,,6.0,0.0,0.0,94.254715
2025-11-05 18:00:00+00:00,4.9,0.0,2.5959969,5.7599998,,1.0,0.0,0.0,95.560394
2025-11-05 19:00:00+00:00,3.95,0.0,3.244996,5.3999996,,51.0,0.0,2.0,97.22593
2025-11-05 20:00:00+00:00,3.3,0.0,3.381893,5.7599998,,100.0,0.0,3.0,97.90207
2025-11-05 21:00:00+00:00,2.6,0.0,1.659518,5.3999996,,100.0,0.0,3.0,98.58906
2025-11-05 22:00:00+00:00,1.8,0.0,0.6489992,2.8799999,,99.0,0.0,3.0,99.64329
2025-11-05 23:00:00+00:00,0.95,0.0,1.6299692,3.2399998,,98.0,0.0,3.0,100.0
2025-11-06 00:00:00+00:00,1.25,0.0,1.835647,6.12,,100.0,0.0,3.0,95.774536
2025-11-06 01:00:00+00:00,1.0,0.0,2.1749482,6.8399997,,100.0,0.0,3.0,96.809364
2025-11-06 02:00:00+00:00,1.2,0.0,1.8532133,6.8399997,,100.0,0.0,3.0,98.57294
2025-11-06 03:00:00+00:00,1.2,0.0,2.0124612,6.4799995,,100.0,0.0,3.0,97.51452
2025-11-06 04:00:00+00:00,1.5,0.0,1.6299692,6.4799995,,100.0,0.0,3.0,94.75369
2025-11-06 05:00:00+00:00,1.8,0.0,1.1525624,6.12,,100.0,0.0,3.0,92.741646
2025-11-06 06:00:00+00:00,1.75,0.0,0.742159,5.04,,100.0,0.0,3.0,92.73878
2025-11-06 07:00:00+00:00,2.2,0.0,1.6981165,6.4799995,,100.0,0.0,3.0,91.769646
2025-11-06 08:00:00+00:00,2.75,0.0,2.0523157,9.36,,100.0,0.0,3.0,92.13416
2025-11-06 09:00:00+00:00,3.15,0.0,2.0124612,10.440001,,100.0,0.0,3.0,94.485435
2025-11-06 10:00:00+00:00,4.55,0.0,1.9881649,11.159999,,78.0,0.0,2.0,89.99141
2025-11-06 11:00:00+00:00,6.1,0.0,1.1384199,11.5199995,,80.0,0.0,3.0,86.40232
2025-11-06 12:00:00+00:00,6.7,0.0,0.9693296,11.5199995,,56.0,0.0,2.0,81.46245
2025-11-06 13:00:00+00:00,8.25,0.0,0.40249225,11.159999,,53.0,0.0,2.0,76.97169
2025-11-06 14:00:00+00:00,8.55,0.0,0.9693296,9.0,,80.0,0.0,3.0,76.75184
2025-11-06 15:00:00+00:00,7.85,0.0,2.50064,7.92,,98.0,0.0,3.0,84.21122
2025-11-06 16:00:00+00:00,4.85,0.0,4.8433046,7.5599995,,86.0,0.0,3.0,91.2927
2025-11-06 17:00:00+00:00,3.65,0.0,5.991594,10.440001,,60.0,0.0,2.0,94.50719
2025-11-06 18:00:00+00:00,3.35,0.0,5.4744864,10.799999,,55.0,0.0,2.0,98.59757
2025-11-06 19:00:00+00:00,3.05,0.0,6.4924874,14.04,,100.0,0.0,3.0,99.6469
2025-11-06 20:00:00+00:00,2.45,0.0,3.7064266,12.959999,,100.0,0.0,3.0,99.64517
2025-11-06 21:00:00+00:00,2.5,0.0,3.8647635,9.72,,100.0,0.0,3.0,98.58791
2025-11-06 22:00:00+00:00,2.75,0.0,3.3481934,10.799999,,100.0,0.0,3.0,94.46796
2025-11-06 23:00:00+00:00,3.35,0.0,2.0523157,9.0,,100.0,0.0,3.0,91.19091
2025-11-07 00:00:00+00:00,2.95,0.0,2.8460498,6.8399997,,100.0,0.0,3.0,96.17297
2025-11-07 01:00:00+00:00,2.9,0.0,1.1525624,6.4799995,,100.0,0.0,3.0,94.47452
2025-11-07 02:00:00+00:00,2.8,0.0,0.9,5.04,,100.0,0.0,3.0,92.46736
2025-11-07 03:00:00+00:00,2.8,0.0,1.1384199,5.04,,100.0,0.0,3.0,90.82719
2025-11-07 04:00:00+00:00,2.7,0.0,1.659518,4.68,,100.0,0.0,3.0,89.84766
2025-11-07 05:00:00+00:00,2.65,0.0,2.8174455,8.28,,100.0,0.0,3.0,87.60977
2025-11-07 06:00:00+00:00,2.4,0.0,1.484318,7.92,,100.0,0.0,3.0,89.50128
2025-11-07 07:00:00+00:00,2.55,0.0,1.0948973,6.12,,100.0,0.0,3.0,88.23395
2025-11-07 08:00:00+00:00,2.75,0.0,0.17999999,6.8399997,,100.0,0.0,3.0,91.1497
2025-11-07 09:00:00+00:00,2.95,0.0,1.2074767,9.36,,100.0,0.0,3.0,95.152016
2025-11-07 10:00:00+00:00,4.15,0.0,1.2727921,11.159999,,100.0,0.0,3.0,92.87426
2025-11-07 11:00:00+00:00,5.35,0.0,0.9178235,10.440001,,100.0,0.0,3.0,90.36957
2025-11-07 12:00:00+00:00,4.95,0.0,2.6999998,11.879999,,100.0,0.0,3.0,88.447716
2025-11-07 13:00:00+00:00,6.25,0.0,0.54,12.24,,91.0,0.0,3.0,84.02412
2025-11-07 14:00:00+00:00,6.75,0.0,1.0495713,9.36,,73.0,0.0,2.0,83.20355
2025-11-07 15:00:00+00:00,6.35,0.0,0.25455844,8.28,,13.0,0.0,0.0,85.523834
2025-11-07 16:00:00+00:00,3.9,0.0,0.9,1.8,,5.0,0.0,0.0,93.851814
2025-11-07 17:00:00+00:00,3.15,0.0,1.1384199,2.16,,3.0,0.0,0.0,95.49842
2025-11-07 18:00:00+00:00,3.95,0.0,2.4014995,2.52,,100.0,0.0,3.0,100.0
2025-11-07 19:00:00+00:00,3.55,0.0,2.1068459,5.7599998,,100.0,0.0,3.0,99.648315
2025-11-07 20:00:00+00:00,3.55,0.0,1.9134263,7.5599995,,100.0,0.0,3.0,99.648315
2025-11-07 21:00:00+00:00,3.5,0.0,0.742159,6.8399997,,100.0,0.0,3.0,99.29745
2025-11-07 22:00:00+00:00,3.65,0.0,1.8089776,6.8399997,,100.0,0.0,3.0,97.90796
2025-11-07 23:00:00+00:00,3.75,0.0,1.4512063,6.4799995,,100.0,0.0,3.0,96.1973
2025-11-08 00:00:00+00:00,3.0,0.0,0.17999999,6.12,,100.0,0.0,3.0,99.64675
2025-11-08 01:00:00+00:00,3.0,0.0,0.25455844,1.08,,100.0,0.0,3.0,99.64675
2025-11-08 02:00:00+00:00,3.2,0.0,0.25455844,1.08,,100.0,0.0,3.0,99.29573
2025-11-08 03:00:00+00:00,3.35,0.0,0.40249225,1.8,,100.0,0.0,3.0,98.59757
2025-11-08 04:00:00+00:00,3.35,0.0,0.35999998,1.8,,100.0,0.0,3.0,97.90291
2025-11-08 05:00:00+00:00,3.45,0.0,1.659518,4.32,,100.0,0.0,3.0,97.21481
2025-11-08 06:00:00+00:00,2.5,0.0,2.2910259,6.4799995,,100.0,0.0,3.0,100.0
2025-11-08 07:00:00+00:00,2.85,0.0,2.97953,7.2,,100.0,0.0,3.0,98.942276
2025-11-08 08:00:00+00:00,3.4,0.0,2.7943513,9.36,,100.0,0.0,3.0,98.94696
2025-11-08 09:00:00+00:00,4.1,0.0,1.484318,10.08,,100.0,0.0,3.0,98.26022
2025-11-08 10:00:00+00:00,4.7,0.0,0.9,9.72,,100.0,0.0,3.0,96.563705
2025-11-08 11:00:00+00:00,5.85,0.0,1.9386592,11.5199995,,100.0,0.0,3.0,90.72315
2025-11-08 12:00:00+00:00,5.25,0.0,2.5959969,12.24,,100.0,0.0,3.0,87.852455
2025-11-08 13:00:00+00:00,6.5,0.0,2.4149535,11.879999,,42.0,0.0,1.0,83.75905
2025-11-08 14:00:00+00:00,6.7,0.0,2.1674871,11.879999,,39.0,0.0,1.0,84.372116
2025-11-08 15:00:00+00:00,6.1,0.0,1.6299692,9.36,,30.0,0.0,1.0,88.54813
2025-11-08 16:00:00+00:00,3.85,0.0,0.35999998,3.2399998,,17.0,0.0,0.0,96.54039
2025-11-08 17:00:00+00:00,3.2,0.0,0.35999998,1.08,,16.0,0.0,0.0,98.94525
2025-11-08 18:00:00+00:00,4.05,0.0,0.54,1.08,,86.0,0.0,3.0,99.64974
2025-11-08 19:00:00+00:00,3.3,0.0,1.4058449,2.52,,100.0,0.0,3.0,100.0
2025-11-08 20:00:00+00:00,3.0,0.0,1.2979984,2.8799999,,100.0,0.0,3.0,99.64675
2025-11-08 21:00:00+00:00,3.3,0.0,0.17999999,3.2399998,,100.0,0.0,3.0,99.64761
2025-11-08 22:00:00+00:00,3.9,0.0,1.835647,5.04,,100.0,0.0,3.0,100.0
2025-11-08 23:00:00+00:00,4.35,0.0,1.9469976,5.7599998,,100.0,0.0,3.0,99.65058
2025-11-09 00:00:00+00:00,4.7,0.0,2.19718,4.68,,100.0,0.0,3.0,98.61272
2025-11-09 01:00:00+00:00,5.15,0.0,2.8174455,4.68,,100.0,0.0,3.0,98.27479
2025-11-09 02:00:00+00:00,4.65,0.1,2.5959969,5.3999996,,100.0,0.0,51.0,99.65142
2025-11-09 03:00:00+00:00,4.7,0.1,1.6199999,4.32,,100.0,0.0,51.0,99.304214
2025-11-09 04:00:00+00:00,4.35,0.0,1.9881649,3.6,,100.0,0.0,3.0,99.65058
2025-11-09 05:00:00+00:00,4.0,0.0,2.5264204,4.68,,100.0,0.0,3.0,99.300285
2025-11-09 06:00:00+00:00,4.4,0.0,2.52,5.7599998,,100.0,0.0,3.0,98.95541
2025-11-09 07:00:00+00:00,4.8,0.5,5.2478566,8.64,,100.0,0.0,53.0,99.65186
2025-11-09 08:00:00+00:00,5.55,0.2,7.186487,12.24,,100.0,0.0,51.0,99.65394
2025-11-09 09:00:00+00:00,6.4,0.1,7.5213294,13.32,,100.0,0.0,51.0,99.31364
2025-11-09 10:00:00+00:00,7.45,0.1,7.056826,15.4800005,,100.0,0.0,51.0,94.66835
2025-11-09 11:00:00+00:00,8.05,0.1,5.728979,15.84,,100.0,0.0,51.0,90.25531
2025-11-09 12:00:00+00:00,8.5,0.1,6.544677,14.4,,100.0,0.0,51.0,89.67175
2025-11-09 13:00:00+00:00,8.85,0.0,6.2405767,14.759999,,100.0,0.0,3.0,87.87552
2025-11-09 14:00:00+00:00,9.3,0.0,6.8423676,14.4,,98.0,0.0,3.0,86.13105
2025-11-09 15:00:00+00:00,9.05,0.0,3.319036,14.04,,100.0,0.0,3.0,89.10387
2025-11-09 16:00:00+00:00,7.95,0.0,3.219938,6.12,,100.0,0.0,3.0,93.081245
2025-11-09 17:00:00+00:00,7.1,0.0,3.0811036,5.3999996,,98.0,0.0,3.0,94.32821
2025-11-09 18:00:00+00:00,6.7,0.0,3.06,5.7599998,,76.0,0.0,2.0,95.62284
2025-11-09 19:00:00+00:00,6.4,0.3,2.5264204,4.68,,100.0,0.0,51.0,92.67557
2025-11-09 20:00:00+00:00,6.5,0.1,1.0495713,3.96,,100.0,0.0,51.0,95.94706
2025-11-09 21:00:00+00:00,5.65,0.3,0.25455844,2.16,,100.0,0.0,51.0,99.65422
2025-11-09 22:00:00+00:00,5.1,0.4,0.0,1.08,,99.0,0.0,51.0,99.652695
2025-11-09 23:00:00+00:00,4.7,0.0,2.8174455,6.4799995,,97.0,0.0,3.0,99.304214
2025-11-10 00:00:00+00:00,5.2,0.0,4.6938252,6.12,,100.0,0.0,3.0,99.652985
2025-11-10 01:00:00+00:00,4.7,0.0,6.6794305,14.04,,100.0,0.0,3.0,99.304214
2025-11-10 02:00:00+00:00,4.9,0.0,5.3517847,12.599999,,100.0,0.0,3.0,98.27133
2025-11-10 03:00:00+00:00,4.75,0.0,6.4323244,13.32,,100.0,0.0,3.0,98.26925
2025-11-10 04:00:00+00:00,4.6,0.0,7.570707,14.759999,,100.0,0.0,3.0,99.30366
2025-11-10 05:00:00+00:00,4.6,0.0,3.9844694,14.4,,100.0,0.0,3.0,100.0
2025-11-10 06:00:00+00:00,4.45,0.0,6.7853074,12.959999,,100.0,0.0,3.0,100.0
2025-11-10 07:00:00+00:00,4.6,0.0,5.6521144,13.32,,100.0,0.0,3.0,98.26718
2025-11-10 08:00:00+00:00,4.9,0.0,5.8769383,14.4,,100.0,0.0,3.0,98.95961
2025-11-10 09:00:00+00:00,5.75,0.0,2.5582807,12.959999,,100.0,0.0,3.0,97.60357
2025-11-10 10:00:00+00:00,6.65,0.0,2.2910259,10.799999,,100.0,0.0,3.0,95.29141
2025-11-10 11:00:00+00:00,7.2,0.1,1.4512063,10.799999,,100.0,0.0,51.0,92.08274
2025-11-10 12:00:00+00:00,6.75,0.1,2.5071096,11.159999,,100.0,0.0,51.0,93.33934
2025-11-10 13:00:00+00:00,7.6,0.0,0.6489992,10.08,,100.0,0.0,3.0,86.553795
2025-11-10 14:00:00+00:00,7.85,0.0,0.25455844,7.92,,100.0,0.0,3.0,83.919334
2025-11-10 15:00:00+00:00,7.75,0.0,0.71999997,6.12,,92.0,0.0,3.0,83.32606
2025-11-10 16:00:00+00:00,5.65,0.0,2.5071096,3.6,,13.0,0.0,0.0,91.98758
2025-11-10 17:00:00+00:00,3.7,0.0,4.072935,6.8399997,,99.0,0.0,3.0,97.56405
2025-11-10 18:00:00+00:00,4.05,0.0,2.8116899,6.8399997,,100.0,0.0,3.0,99.64974
2025-11-10 19:00:00+00:00,4.65,0.0,2.5772078,7.2,,100.0,0.0,3.0,98.957504
2025-11-10 20:00:00+00:00,3.2,0.0,2.7475805,5.04,,100.0,0.0,3.0,100.0
2025-11-10 21:00:00+00:00,4.0,0.0,7.3469996,13.679999,,100.0,0.0,3.0,100.0
2025-11-10 22:00:00+00:00,4.25,0.0,3.671294,14.04,,100.0,0.0,3.0,99.99999
2025-11-10 23:00:00+00:00,3.85,0.0,2.0523157,7.5599995,,100.0,0.0,3.0,100.0
2025-11-11 00:00:00+00:00,4.8,0.0,7.519175,6.4799995,,100.0,0.0,3.0,99.65186
2025-11-11 01:00:00+00:00,5.4,0.0,6.6185193,15.119999,,100.0,0.0,3.0,99.65353
2025-11-11 02:00:00+00:00,5.75,0.0,6.391901,12.24,,100.0,0.0,3.0,97.94277
2025-11-11 03:00:00+00:00,6.35,0.0,9.721666,17.64,,100.0,0.0,3.0,96.608284
2025-11-11 04:00:00+00:00,6.3,0.0,6.7853074,18.0,,100.0,0.0,3.0,95.94068
2025-11-11 05:00:00+00:00,5.7,0.0,3.5864744,12.599999,,100.0,0.0,3.0,97.26432
2025-11-11 06:00:00+00:00,4.75,0.0,1.2727921,6.4799995,,100.0,0.0,3.0,100.0
2025-11-11 07:00:00+00:00,4.85,0.0,0.9,3.2399998,,100.0,0.0,3.0,99.65199
2025-11-11 08:00:00+00:00,5.8,0.0,4.412754,10.799999,,100.0,0.0,3.0,96.92949
2025-11-11 09:00:00+00:00,7.25,0.0,4.6834598,14.04,,99.0,0.0,3.0,93.68734
2025-11-11 10:00:00+00:00,9.05,0.0,2.968636,14.04,,100.0,0.0,3.0,88.19479
2025-11-11 11:00:00+00:00,10.9,0.0,2.1674871,12.24,,39.0,0.0,1.0,78.192665
2025-11-11 12:00:00+00:00,12.3,0.0,3.1845248,11.5199995,,73.0,0.0,2.0,67.478546
2025-11-11 13:00:00+00:00,12.85,0.0,2.0124612,11.5199995,,68.0,0.0,2.0,66.44486
2025-11-11 14:00:00+00:00,12.85,0.0,1.8,9.36,,95.0,0.0,3.0,67.36275
2025-11-11 15:00:00+00:00,11.55,0.0,1.2727921,6.4799995,,99.0,0.0,3.0,77.76056
2025-11-11 16:00:00+00:00,9.05,0.0,2.1068459,3.96,,100.0,0.0,3.0,81.49307
2025-11-11 17:00:00+00:00,7.7,0.0,2.19718,3.96,,100.0,0.0,3.0,85.66823
2025-11-11 18:00:00+00:00,6.65,0.0,1.1384199,4.32,,95.0,0.0,3.0,90.77983
2025-11-11 19:00:00+00:00,5.65,0.0,1.4512063,2.16,,17.0,0.0,0.0,93.60835
2025-11-11 20:00:00+00:00,4.9,0.0,1.781909,3.6,,0.0,0.0,0.0,94.560974
2025-11-11 21:00:00+00:00,4.5,0.0,1.4058449,4.32,,0.0,0.0,0.0,95.21114
2025-11-11 22:00:00+00:00,4.0,0.0,1.2727921,2.8799999,,4.0,0.0,0.0,96.20485
2025-11-11 23:00:00+00:00,3.5,0.0,2.4014995,3.96,,0.0,0.0,0.0,96.530716
2025-11-12 00:00:00+00:00,2.8,0.0,0.35999998,4.32,,100.0,0.0,3.0,96.51126
2025-11-12 01:00:00+00:00,2.05,0.0,0.17999999,1.4399999,,100.0,0.0,3.0,98.93539
2025-11-12 02:00:00+00:00,1.9,0.0,1.2979984,2.16,,98.0,0.0,3.0,99.28827
2025-11-12 03:00:00+00:00,2.0,0.0,2.3469126,5.3999996,,94.0,0.0,3.0,98.582184
2025-11-12 04:00:00+00:00,2.05,0.0,1.0182338,4.32,,100.0,0.0,3.0,100.0
2025-11-12 05:00:00+00:00,2.1,0.0,0.5091169,2.16,,100.0,0.0,3.0,99.64416
2025-11-12 06:00:00+00:00,1.5,0.0,0.40249225,1.8,,100.0,0.0,3.0,99.28594
2025-11-12 07:00:00+00:00,1.75,0.0,2.226477,1.8,,100.0,0.0,3.0,100.0
2025-11-12 08:00:00+00:00,3.2,0.0,1.7076298,7.5599995,,100.0,0.0,3.0,99.29573
2025-11-12 09:00:00+00:00,4.25,0.0,3.096837,11.159999,,100.0,0.0,3.0,96.551384
2025-11-12 10:00:00+00:00,5.9,0.0,3.9640884,14.04,,99.0,0.0,3.0,89.46605
2025-11-12 11:00:00+00:00,7.7,0.0,1.659518,13.679999,,98.0,0.0,3.0,85.075745
2025-11-12 12:00:00+00:00,9.4,0.0,2.0523157,10.799999,,99.0,0.0,3.0,79.321266
2025-11-12 13:00:00+00:00,10.25,0.0,2.657668,11.159999,,99.0,0.0,3.0,76.49743
2025-11-12 14:00:00+00:00,10.3,0.0,0.8049845,10.799999,,98.0,0.0,3.0,75.718796
2025-11-12 15:00:00+00:00,9.2,0.0,0.56920993,5.7599998,,96.0,0.0,3.0,83.50142
2025-11-12 16:00:00+00:00,7.3,0.0,0.742159,1.8,,99.0,0.0,3.0,86.223434
2025-11-12 17:00:00+00:00,6.35,0.0,3.3043609,5.3999996,,99.0,0.0,3.0,88.56978
2025-11-12 18:00:00+00:00,5.4,0.0,1.5273507,6.8399997,,100.0,0.0,3.0,93.59588
2025-11-12 19:00:00+00:00,4.6,0.0,1.8792552,3.2399998,,100.0,0.0,3.0,92.899254
2025-11-12 20:00:00+00:00,4.65,0.0,1.2727921,3.2399998,,100.0,0.0,3.0,90.31763
2025-11-12 21:00:00+00:00,4.15,0.0,3.462369,5.3999996,,100.0,0.0,3.0,90.92269
2025-11-12 22:00:00+00:00,3.55,0.0,4.599695,8.64,,100.0,0.0,3.0,94.83842
2025-11-12 23:00:00+00:00,3.5,0.0,3.8939953,7.92,,98.0,0.0,3.0,95.8498
2025-11-13 00:00:00+00:00,3.05,0.0,3.362677,6.4799995,,99.0,0.0,3.0,93.47686
2025-11-13 01:00:00+00:00,2.5,0.0,0.40249225,5.04,,100.0,0.0,3.0,95.816605
2025-11-13 02:00:00+00:00,2.0,0.0,2.7059932,5.3999996,,100.0,0.0,3.0,97.53054
2025-11-13 03:00:00+00:00,2.15,0.0,2.6758924,6.12,,99.0,0.0,3.0,97.533516
2025-11-13 04:00:00+00:00,2.5,0.0,4.072935,6.8399997,,86.0,0.0,3.0,95.47509
2025-11-13 05:00:00+00:00,3.1,0.0,1.9469976,6.4799995,,49.0,0.0,1.0,92.15567
2025-11-13 06:00:00+00:00,2.5,0.0,2.4014995,3.96,,99.0,0.0,3.0,96.50288
2025-11-13 07:00:00+00:00,2.25,0.0,1.1525624,4.32,,99.0,0.0,3.0,97.88425
2025-11-13 08:00:00+00:00,4.25,0.0,0.17999999,5.04,,98.0,0.0,3.0,91.575676
2025-11-13 09:00:00+00:00,5.8,0.0,1.5484185,9.0,,96.0,0.0,3.0,89.77194
2025-11-13 10:00:00+00:00,7.95,0.0,1.6981165,9.72,,92.0,0.0,3.0,83.35041
2025-11-13 11:00:00+00:00,11.15,0.0,3.84796,13.32,,64.0,0.0,2.0,73.80746
2025-11-13 12:00:00+00:00,12.35,0.0,2.5264204,14.4,,98.0,0.0,3.0,76.059044
2025-11-13 13:00:00+00:00,14.1,0.0,3.4576871,10.799999,,89.0,0.0,3.0,71.62594
2025-11-13 14:00:00+00:00,14.1,0.0,3.362677,9.72,,100.0,0.0,3.0,74.076126
2025-11-13 15:00:00+00:00,10.9,0.0,4.39436,6.4799995,,98.0,0.0,3.0,88.95372
2025-11-13 16:00:00+00:00,7.3,0.0,5.369916,8.28,,89.0,0.0,3.0,91.1399
2025-11-13 17:00:00+00:00,5.8,0.0,3.644722,7.92,,96.0,0.0,3.0,92.31867
2025-11-13 18:00:00+00:00,5.8,0.0,0.71999997,5.04,,91.0,0.0,3.0,96.258575
2025-11-13 19:00:00+00:00,5.35,0.0,2.4149535,3.6,,82.0,0.0,3.0,96.91852
2025-11-13 20:00:00+00:00,5.6,0.0,4.942631,8.28,,8.0,0.0,0.0,96.92463
2025-11-13 21:00:00+00:00,5.5,0.0,4.7521367,7.5599995,,49.0,0.0,1.0,97.938675
2025-11-13 22:00:00+00:00,5.3,0.0,3.4763772,9.36,,9.0,0.0,0.0,94.57803
2025-11-13 23:00:00+00:00,4.8,0.0,1.659518,6.12,,1.0,0.0,0.0,93.23755
2025-11-14 00:00:00+00:00,3.35,0.0,2.1897945,4.68,,27.0,0.0,1.0,96.526566
2025-11-14 01:00:00+00:00,2.7,0.0,0.76367533,3.6,,15.0,0.0,0.0,97.198006
2025-11-14 02:00:00+00:00,2.3,0.0,1.835647,3.96,,9.0,0.0,0.0,97.8851
2025-11-14 03:00:00+00:00,1.9,0.0,1.4512063,3.6,,11.0,0.0,0.0,97.52855
2025-11-14 04:00:00+00:00,1.55,0.0,0.76367533,3.6,,36.0,0.0,1.0,97.521545
2025-11-14 05:00:00+00:00,1.15,0.0,1.9134263,3.2399998,,95.0,0.0,3.0,99.283905
2025-11-14 06:00:00+00:00,1.0,0.0,2.8460495,5.7599998,,98.0,0.0,3.0,98.57061
2025-11-14 07:00:00+00:00,0.95,0.0,2.3051248,5.04,,99.0,0.0,3.0,97.86187
2025-11-14 08:00:00+00:00,2.5,0.0,4.6730714,11.159999,,70.0,0.0,2.0,95.13464
2025-11-14 09:00:00+00:00,4.9,0.0,3.9640884,11.5199995,,94.0,0.0,3.0,90.33622
2025-11-14 10:00:00+00:00,7.5,0.0,3.0652893,11.5199995,,91.0,0.0,3.0,85.053696
2025-11-14 11:00:00+00:00,8.4,0.0,3.319036,14.4,,98.0,0.0,3.0,82.25763
2025-11-14 12:00:00+00:00,10.6,0.0,4.3349743,13.32,,100.0,0.0,3.0,71.45144
2025-11-14 13:00:00+00:00,11.7,0.0,4.175069,11.5199995,,97.0,0.0,3.0,68.99963
2025-11-14 14:00:00+00:00,11.0,0.0,3.2399998,12.24,,100.0,0.0,3.0,80.09801
2025-11-14 15:00:00+00:00,8.75,0.0,2.6208394,5.3999996,,99.0,0.0,3.0,80.05456
2025-11-14 16:00:00+00:00,6.9,0.0,2.2768397,4.68,,100.0,0.0,3.0,83.222015
2025-11-14 17:00:00+00:00,6.55,0.0,0.56920993,3.6,,100.0,0.0,3.0,84.35478
2025-11-14 18:00:00+00:00,7.8,0.0,0.9693296,6.12,,100.0,0.0,3.0,89.30844
2025-11-14 19:00:00+00:00,8.55,0.0,1.2979984,5.04,,100.0,0.0,3.0,90.292175
2025-11-14 20:00:00+00:00,8.25,0.0,3.8521678,5.7599998,,100.0,0.0,3.0,91.51708
2025-11-14 21:00:00+00:00,8.65,0.0,2.9024127,9.72,,100.0,0.0,3.0,88.76627
2025-11-14 22:00:00+00:00,7.6,0.0,3.4152596,5.04,,100.0,0.0,3.0,92.10704
2025-11-14 23:00:00+00:00,7.5,0.0,4.8633323,11.159999,,100.0,0.0,3.0,92.100975
2025-11-15 00:00:00+00:00,7.7,0.0,5.232399,7.5599995,,100.0,0.0,3.0,90.85347
2025-11-15 01:00:00+00:00,7.8,0.0,5.2478566,7.92,,100.0,0.0,3.0,89.61695
2025-11-15 02:00:00+00:00,8.15,0.0,1.2074767,8.64,,100.0,0.0,3.0,87.20849
2025-11-15 03:00:00+00:00,7.85,0.0,6.193674,11.159999,,100.0,0.0,3.0,87.78451
2025-11-15 04:00:00+00:00,6.7,0.0,5.2939587,11.5199995,,99.0,0.0,3.0,88.600006
2025-11-15 05:00:00+00:00,6.55,0.0,5.020677,9.36,,88.0,0.0,3.0,89.20676
2025-11-15 06:00:00+00:00,6.3,0.0,3.4763772,7.92,,71.0,0.0,2.0,92.66989
2025-11-15 07:00:00+00:00,5.85,0.0,2.226477,5.7599998,,97.0,0.0,3.0,93.944984
2025-11-15 08:00:00+00:00,7.45,0.0,5.3517847,11.159999,,18.0,0.0,0.0,91.78102
2025-11-15 09:00:00+00:00,9.5,0.0,1.484318,10.440001,,97.0,0.0,3.0,87.33635
2025-11-15 10:00:00+00:00,11.45,0.0,0.5091169,9.0,,85.0,0.0,3.0,80.98124
2025-11-15 11:00:00+00:00,12.95,0.0,2.8460498,11.159999,,34.0,0.0,1.0,75.64472
2025-11-15 12:00:00+00:00,14.5,0.0,6.452441,12.599999,,21.0,0.0,1.0,66.79691
2025-11-15 13:00:00+00:00,15.1,0.0,4.2366967,16.199999,,100.0,0.0,3.0,66.2498
2025-11-15 14:00:00+00:00,14.95,0.0,3.8647635,11.879999,,100.0,0.0,3.0,69.88498
2025-11-15 15:00:00+00:00,12.95,0.0,5.232399,9.0,,94.0,0.0,3.0,81.72792
2025-11-15 16:00:00+00:00,11.7,0.0,10.34178,17.64,,98.0,0.0,3.0,83.79755
2025-11-15 17:00:00+00:00,12.05,0.0,14.917212,31.68,,98.0,0.0,3.0,81.06204
2025-11-15 18:00:00+00:00,10.2,0.0,5.1481256,29.16,,100.0,0.0,3.0,89.49976
2025-11-15 19:00:00+00:00,11.15,0.0,7.5685663,12.959999,,100.0,0.0,3.0,88.974266
2025-11-15 20:00:00+00:00,10.65,0.2,9.746631,19.44,,100.0,0.0,51.0,90.44476
2025-11-15 21:00:00+00:00,10.1,0.3,4.802999,18.0,,55.0,0.0,51.0,91.01853
2025-11-15 22:00:00+00:00,8.2,0.0,5.072041,7.5599995,,23.0,0.0,1.0,92.7765
2025-11-15 23:00:00+00:00,7.55,0.0,6.151683,10.440001,,30.0,0.0,1.0,94.34801
2025-11-16 00:00:00+00:00,7.5,0.0,4.4274144,9.72,,9.0,0.0,0.0,93.37789
2025-11-16 01:00:00+00:00,7.25,0.0,2.3469126,7.2,,4.0,0.0,0.0,93.68734
2025-11-16 02:00:00+00:00,6.0,0.0,3.536439,5.04,,30.0,0.0,1.0,99.6552
2025-11-16 03:00:00+00:00,5.95,0.0,4.143911,6.4799995,,100.0,0.0,3.0,100.0
2025-11-16 04:00:00+00:00,6.05,0.0,1.8532133,6.12,,100.0,0.0,3.0,100.0
2025-11-16 05:00:00+00:00,5.7,0.0,1.6981165,4.32,,100.0,0.0,3.0,100.0
2025-11-16 06:00:00+00:00,5.2,0.0,2.1897945,6.4799995,,100.0,0.0,3.0,100.0
2025-11-16 07:00:00+00:00,5.45,0.0,3.362677,6.8399997,,100.0,0.0,3.0,98.621025
2025-11-16 08:00:00+00:00,6.3,0.0,3.6,9.72,,100.0,0.0,3.0,95.27848
2025-11-16 09:00:00+00:00,6.7,0.0,3.8773184,10.08,,100.0,0.0,3.0,95.29325
2025-11-16 10:00:00+00:00,7.55,0.0,5.7852573,14.4,,100.0,0.0,3.0,94.672485
2025-11-16 11:00:00+00:00,7.8,0.0,5.4833565,15.4800005,,100.0,0.0,3.0,95.66034
2025-11-16 12:00:00+00:00,8.4,0.1,5.796447,13.32,,100.0,0.0,51.0,95.68061
2025-11-16 13:00:00+00:00,8.1,0.5,4.6800003,12.599999,,100.0,0.0,53.0,99.32287
2025-11-16 14:00:00+00:00,8.35,0.5,7.928177,15.4800005,,100.0,0.0,53.0,98.65245
2025-11-16 15:00:00+00:00,8.4,0.5,6.87779,16.56,,100.0,0.0,53.0,98.31875
2025-11-16 16:00:00+00:00,7.85,0.4,5.983477,12.959999,,99.0,0.0,51.0,98.311424
2025-11-16 17:00:00+00:00,7.2,0.0,0.76367533,10.799999,,99.0,0.0,3.0,97.63095
2025-11-16 18:00:00+00:00,7.0,0.0,1.659518,2.16,,100.0,0.0,3.0,100.0
2025-11-16 19:00:00+00:00,7.2,0.0,1.1384199,3.96,,100.0,0.0,3.0,100.0
2025-11-16 20:00:00+00:00,7.0,0.0,3.189608,5.04,,100.0,0.0,3.0,99.65794
2025-11-16 21:00:00+00:00,7.6,0.0,6.122647,11.159999,,100.0,0.0,3.0,99.65958
2025-11-16 22:00:00+00:00,7.65,0.0,6.8989563,14.04,,100.0,0.0,3.0,99.659706
2025-11-16 23:00:00+00:00,7.4,0.0,5.257109,12.959999,,100.0,0.0,3.0,99.65902
2025-11-17 00:00:00+00:00,7.35,0.0,3.362677,10.440001,,81.0,0.0,3.0,99.318825
2025-11-17 01:00:00+00:00,7.15,0.0,4.1125174,7.5599995,,100.0,0.0,3.0,99.31773
2025-11-17 02:00:00+00:00,6.95,0.0,5.232399,9.36,,100.0,0.0,3.0,99.31664
2025-11-17 03:00:00+00:00,6.45,0.0,6.384293,11.879999,,100.0,0.0,3.0,99.99999
2025-11-17 04:00:00+00:00,6.3,0.0,7.327127,13.32,,100.0,0.0,3.0,100.0
2025-11-17 05:00:00+00:00,6.4,0.0,10.957846,20.16,,100.0,0.0,3.0,100.0
2025-11-17 06:00:00+00:00,6.8,0.0,10.152064,20.16,,100.0,0.0,3.0,96.95365
2025-11-17 07:00:00+00:00,7.15,0.3,12.136325,23.759998,,100.0,0.0,51.0,96.6296
2025-11-17 08:00:00+00:00,7.8,0.4,12.072083,23.4,,100.0,0.0,51.0,96.97755
2025-11-17 09:00:00+00:00,7.7,0.9,11.213581,23.4,,100.0,0.0,53.0,97.64028
2025-11-17 10:00:00+00:00,8.35,0.4,10.4493065,22.68,,100.0,0.0,51.0,99.6616
2025-11-17 11:00:00+00:00,5.65,1.2,14.810401,35.28,,100.0,0.0,55.0,95.91984
2025-11-17 12:00:00+00:00,5.65,1.9,8.36758,28.8,,100.0,0.0,61.0,90.70889
2025-11-17 13:00:00+00:00,5.45,0.3,7.0107627,15.84,,84.0,0.0,51.0,92.9461
2025-11-17 14:00:00+00:00,5.6,0.1,8.688613,20.519999,,32.0,0.0,51.0,83.650894
2025-11-17 15:00:00+00:00,5.35,0.0,5.8852015,19.44,,100.0,0.0,3.0,80.41666
2025-11-17 16:00:00+00:00,4.6,0.0,6.6624317,12.24,,66.0,0.0,2.0,81.176765
2025-11-17 17:00:00+00:00,3.5,0.0,5.896202,15.119999,,30.0,0.0,1.0,87.06451
2025-11-17 18:00:00+00:00,2.95,0.0,6.1120534,17.28,,100.0,0.0,3.0,90.18977
2025-11-17 19:00:00+00:00,2.75,0.1,4.5572357,10.799999,,82.0,0.0,51.0,91.1497
2025-11-17 20:00:00+00:00,2.05,0.2,5.920878,11.159999,,46.0,0.0,51.0,94.43716
2025-11-17 21:00:00+00:00,1.05,0.0,4.6102495,11.159999,,24.0,0.0,1.0,96.11428
2025-11-17 22:00:00+00:00,0.5,0.0,5.4744864,9.72,,0.0,0.0,0.0,94.02558
2025-11-17 23:00:00+00:00,-0.9,0.0,4.724786,10.08,,0.0,0.0,0.0,93.613235
2025-11-18 00:00:00+00:00,-0.85,0.0,5.2323985,7.92,,2.0,0.0,0.0,93.271965
2025-11-18 01:00:00+00:00,-1.9,0.0,5.1165614,9.36,,6.0,0.0,0.0,94.60858
2025-11-18 02:00:00+00:00,-2.15,0.0,5.5567255,10.440001,,7.0,0.0,0.0,94.94959
2025-11-18 03:00:00+00:00,-1.9,0.0,6.050785,11.879999,,4.0,0.0,0.0,94.60858
2025-11-18 04:00:00+00:00,-2.25,0.0,5.7964473,12.24,,19.0,0.0,0.0,94.59329
2025-11-18 05:00:00+00:00,-2.75,0.0,5.6060677,11.5199995,,12.0,0.0,0.0,94.571365
2025-11-18 06:00:00+00:00,-2.45,0.0,6.623413,12.24,,2.0,0.0,0.0,94.58455
2025-11-18 07:00:00+00:00,-2.25,0.0,7.995323,15.119999,,0.0,0.0,0.0,94.59329
2025-11-18 08:00:00+00:00,-0.7,0.0,9.97986,21.24,,29.0,0.0,1.0,89.90673
2025-11-18 09:00:00+00:00,0.55,0.0,10.534229,23.759998,,98.0,0.0,3.0,84.87879
2025-11-18 10:00:00+00:00,1.85,0.0,9.236298,23.759998,,94.0,0.0,3.0,77.59861
2025-11-18 11:00:00+00:00,2.75,0.0,6.8777895,22.68,,25.0,0.0,1.0,70.411545
2025-11-18 12:00:00+00:00,3.4,0.0,4.510787,18.72,,84.0,0.0,3.0,69.77029
2025-11-18 13:00:00+00:00,4.1,0.0,2.2768397,13.679999,,46.0,0.0,1.0,64.25418
2025-11-18 14:00:00+00:00,3.95,0.0,3.0547013,10.440001,,20.0,0.0,1.0,63.04324
2025-11-18 15:00:00+00:00,3.0,0.0,5.7204895,11.5199995,,23.0,0.0,1.0,69.17565
2025-11-18 16:00:00+00:00,0.75,0.0,6.2613096,12.599999,,19.0,0.0,0.0,81.53398
2025-11-18 17:00:00+00:00,-0.65,0.0,4.293669,12.24,,23.0,0.0,1.0,84.42592
2025-11-18 18:00:00+00:00,-0.6,0.0,3.710795,6.8399997,,12.0,0.0,0.0,84.43184
2025-11-18 19:00:00+00:00,-1.35,0.0,5.293959,9.36,,3.0,0.0,0.0,86.57498
2025-11-18 20:00:00+00:00,-1.3,0.0,6.015878,11.5199995,,3.0,0.0,0.0,88.20608
2025-11-18 21:00:00+00:00,-0.95,0.0,8.043805,14.759999,,2.0,0.0,0.0,87.58626
2025-11-18 22:00:00+00:00,-1.05,0.0,9.037721,17.64,,2.0,0.0,0.0,86.928505
2025-11-18 23:00:00+00:00,-1.25,0.0,7.8149853,17.64,,5.0,0.0,0.0,87.55733
2025-11-19 00:00:00+00:00,-1.4,0.0,6.792466,15.4800005,,5.0,0.0,0.0,88.52554
2025-11-19 01:00:00+00:00,-1.6,0.0,5.8409934,13.679999,,9.0,0.0,0.0,89.50157
2025-11-19 02:00:00+00:00,-2.2,0.0,5.509882,11.5199995,,2.0,0.0,0.0,89.451904
2025-11-19 03:00:00+00:00,-2.4,0.0,4.6938257,10.08,,1.0,0.0,0.0,90.78403
2025-11-19 04:00:00+00:00,-2.75,0.0,4.4456716,9.0,,1.0,0.0,0.0,93.16867
2025-11-19 05:00:00+00:00,-2.55,0.0,3.710795,8.64,,33.0,0.0,1.0,95.64276
2025-11-19 06:00:00+00:00,-2.5,0.0,4.327493,7.92,,100.0,0.0,3.0,97.07726
2025-11-19 07:00:00+00:00,-2.5,0.0,5.7515564,10.08,,100.0,0.0,3.0,97.80075
2025-11-19 08:00:00+00:00,-1.45,0.0,6.5248446,14.04,,100.0,0.0,3.0,96.74533
2025-11-19 09:00:00+00:00,0.15,0.0,7.0107627,16.919998,,70.0,0.0,2.0,88.01434
2025-11-19 10:00:00+00:00,1.85,0.0,7.001514,20.519999,,100.0,0.0,3.0,76.46511
2025-11-19 11:00:00+00:00,2.6,0.0,5.8048253,19.08,,100.0,0.0,3.0,72.48848
2025-11-19 12:00:00+00:00,2.85,0.0,7.344794,17.28,,100.0,0.0,3.0,67.87754
2025-11-19 13:00:00+00:00,3.5,0.0,7.0934615,19.08,,100.0,0.0,3.0,61.090145
2025-11-19 14:00:00+00:00,3.3,0.0,7.3447943,18.0,,100.0,0.0,3.0,61.72752
2025-11-19 15:00:00+00:00,1.7,0.0,6.122647,14.759999,,100.0,0.0,3.0,70.98499
2025-11-19 16:00:00+00:00,0.15,0.0,7.388775,14.04,,100.0,0.0,3.0,81.45131
2025-11-19 17:00:00+00:00,0.05,0.0,7.208994,14.4,,97.0,0.0,3.0,82.6538
2025-11-19 18:00:00+00:00,-0.7,0.0,6.4624763,13.679999,,47.0,0.0,1.0,88.26104
2025-11-19 19:00:00+00:00,-1.05,0.0,5.509882,11.5199995,,34.0,0.0,1.0,89.87896
2025-11-19 20:00:00+00:00,-0.55,0.0,5.994297,11.5199995,,99.0,0.0,3.0,90.91791
2025-11-19 21:00:00+00:00,0.5,0.0,7.0015144,14.04,,100.0,0.0,3.0,87.72471
2025-11-19 22:00:00+00:00,0.85,0.2,8.043805,15.119999,,100.0,0.07,71.0,87.11845
2025-11-19 23:00:00+00:00,1.2,0.4,13.1412325,24.48,,100.0,0.21000001,73.0,87.471344
2025-11-20 00:00:00+00:00,1.2,0.8,17.441433,30.599998,,100.0,0.42000002,73.0,95.08393
2025-11-20 01:00:00+00:00,1.05,1.4,17.477621,36.719997,,100.0,0.7,73.0,98.92669
2025-11-20 02:00:00+00:00,0.95,0.7,13.379461,33.12,,100.0,0.21000001,73.0,98.57003
2025-11-20 03:00:00+00:00,0.95,0.3,14.64209,28.08,,100.0,0.07,71.0,97.15822
2025-11-20 04:00:00+00:00,1.0,0.4,15.266079,32.039997,,89.0,0.28,73.0,88.737686
2025-11-20 05:00:00+00:00,0.4,1.5,16.053335,31.319998,,100.0,1.05,75.0,91.31845
2025-11-20 06:00:00+00:00,0.7,0.4,17.123669,33.839996,,98.0,0.28,73.0,87.423096
2025-11-20 07:00:00+00:00,0.7,0.0,15.349684,33.12,,70.0,0.0,2.0,89.03621
2025-11-20 08:00:00+00:00,1.0,0.0,13.104198,29.88,,98.0,0.0,3.0,87.77193
2025-11-20 09:00:00+00:00,1.9,0.0,11.368535,26.64,,87.0,0.0,3.0,83.195175
2025-11-20 10:00:00+00:00,2.5,0.0,15.3095255,32.399998,,61.0,0.0,2.0,76.29455
2025-11-20 11:00:00+00:00,2.8,0.0,15.841023,34.92,,48.0,0.0,1.0,73.06168
2025-11-20 12:00:00+00:00,3.4,0.1,12.74954,34.2,,28.0,0.0,51.0,67.746056
2025-11-20 13:00:00+00:00,3.75,0.0,11.126562,28.44,,80.0,0.0,3.0,60.024323
2025-11-20 14:00:00+00:00,3.3,0.0,11.173057,25.199999,,100.0,0.0,3.0,60.813107
2025-11-20 15:00:00+00:00,2.3,0.0,7.5685663,23.759998,,100.0,0.0,3.0,69.80088
2025-11-20 16:00:00+00:00,0.3,0.0,5.020677,15.4800005,,100.0,0.0,3.0,84.5379
2025-11-20 17:00:00+00:00,-0.6,0.0,4.0249224,9.36,,100.0,0.0,3.0,87.29634
2025-11-20 18:00:00+00:00,-0.15,0.0,6.544677,9.36,,89.0,0.0,3.0,91.280754
2025-11-20 19:00:00+00:00,-1.05,0.0,5.48631,12.599999,,100.0,0.0,3.0,91.89498
2025-11-20 20:00:00+00:00,-1.35,0.0,4.755544,10.440001,,100.0,0.0,3.0,92.900986
2025-11-20 21:00:00+00:00,-2.1,0.0,4.5,8.28,,100.0,0.0,3.0,93.89976
2025-11-20 22:00:00+00:00,-2.2,0.1,2.4149535,7.92,,100.0,0.07,71.0,96.01071
2025-11-20 23:00:00+00:00,-3.1,0.0,3.096837,5.3999996,,100.0,0.0,3.0,97.789856
2025-11-21 00:00:00+00:00,-1.55,0.1,4.9785542,8.64,,100.0,0.07,71.0,93.57987
2025-11-21 01:00:00+00:00,-1.2,1.1,5.983477,14.04,,100.0,0.77,73.0,85.94812
2025-11-21 02:00:00+00:00,-1.5,0.2,8.297589,14.04,,100.0,0.14,71.0,92.89246
2025-11-21 03:00:00+00:00,-1.6,0.2,6.6818557,15.119999,,100.0,0.14,71.0,90.16971
2025-11-21 04:00:00+00:00,-1.45,0.1,7.0568266,14.04,,100.0,0.07,71.0,91.52939
2025-11-21 05:00:00+00:00,-1.3,0.1,7.579261,15.119999,,100.0,0.07,71.0,91.53947
2025-11-21 06:00:00+00:00,-0.65,0.0,9.914717,15.84,,100.0,0.0,3.0,91.582924
2025-11-21 07:00:00+00:00,-0.6,0.1,11.481968,22.319998,,100.0,0.07,71.0,88.92472
2025-11-21 08:00:00+00:00,-0.2,0.0,12.442153,25.56,,100.0,0.0,3.0,85.738235
2025-11-21 09:00:00+00:00,0.35,0.1,13.040997,27.72,,100.0,0.07,71.0,80.5789
2025-11-21 10:00:00+00:00,0.75,0.1,14.168641,29.519999,,100.0,0.07,71.0,75.713356
2025-11-21 11:00:00+00:00,1.05,0.1,14.178927,31.68,,100.0,0.07,71.0,71.38549
2025-11-21 12:00:00+00:00,1.1,0.0,14.113652,30.599998,,100.0,0.0,3.0,63.067223
2025-11-21 13:00:00+00:00,1.1,0.0,13.130133,30.599998,,100.0,0.0,3.0,60.031296
2025-11-21 14:00:00+00:00,0.75,0.0,12.879752,28.44,,100.0,0.0,3.0,59.486046
2025-11-21 15:00:00+00:00,0.1,0.0,10.950452,29.16,,100.0,0.0,3.0,64.76939
2025-11-21 16:00:00+00:00,-0.5,0.1,10.474082,22.319998,,100.0,0.07,71.0,72.70428
2025-11-21 17:00:00+00:00,-0.8,0.0,11.841756,24.119999,,100.0,0.0,3.0,75.15753
2025-11-21 18:00:00+00:00,-0.75,0.0,8.490582,24.119999,,100.0,0.0,3.0,78.92875
2025-11-21 19:00:00+00:00,-0.7,0.0,10.920824,21.96,,100.0,0.0,3.0,79.232635
2025-11-21 20:00:00+00:00,-1.05,0.0,11.745604,23.759998,,99.0,0.0,3.0,79.17891
2025-11-21 21:00:00+00:00,-1.55,0.0,13.040997,26.28,,95.0,0.0,3.0,76.45775
2025-11-21 22:00:00+00:00,-1.95,0.0,12.976239,27.359999,,95.0,0.0,3.0,76.38911
2025-11-21 23:00:00+00:00,-2.3,0.0,11.734564,26.64,,48.0,0.0,1.0,78.09088
2025-11-22 00:00:00+00:00,-3.2,0.0,9.926147,23.4,,6.0,0.0,0.0,83.482994
2025-11-22 01:00:00+00:00,-3.8,0.0,9.914717,19.8,,1.0,0.0,0.0,84.68952
2025-11-22 02:00:00+00:00,-4.05,0.0,9.801326,19.8,,0.0,0.0,0.0,83.694695
2025-11-22 03:00:00+00:00,-4.2,0.0,8.905908,19.44,,0.0,0.0,0.0,81.77275
2025-11-22 04:00:00+00:00,-4.4,0.0,7.0199995,17.64,,13.0,0.0,0.0,81.11841
2025-11-22 05:00:00+00:00,-4.6,0.0,5.2939587,14.04,,8.0,0.0,0.0,82.348976
2025-11-22 06:00:00+00:00,-4.85,0.0,6.302571,11.159999,,13.0,0.0,0.0,83.27267
2025-11-22 07:00:00+00:00,-4.95,0.0,5.937272,12.24,,94.0,0.0,3.0,82.93933
2025-11-22 08:00:00+00:00,-3.6,0.0,5.950899,15.4800005,,97.0,0.0,3.0,74.93873
2025-11-22 09:00:00+00:00,-2.9,0.0,6.552099,17.28,,100.0,0.0,3.0,76.51723
2025-11-22 10:00:00+00:00,-2.2,0.0,5.994297,17.64,,99.0,0.0,3.0,76.056015
2025-11-22 11:00:00+00:00,-1.5,0.0,5.7628117,18.0,,66.0,0.0,2.0,73.34251
2025-11-22 12:00:00+00:00,-2.05,0.0,5.8603754,18.0,,60.0,0.0,2.0,74.647896
2025-11-22 13:00:00+00:00,-1.4,0.0,4.278551,17.64,,30.0,0.0,1.0,62.216442
2025-11-22 14:00:00+00:00,-1.35,0.0,3.6179552,14.759999,,27.0,0.0,1.0,56.910286
2025-11-22 15:00:00+00:00,-2.15,0.0,2.1897945,12.599999,,16.0,0.0,0.0,57.591427
2025-11-22 16:00:00+00:00,-3.8,0.0,1.8089776,5.04,,7.0,0.0,0.0,65.6186
2025-11-22 17:00:00+00:00,-4.35,0.0,1.3104197,3.96,,9.0,0.0,0.0,70.00789
2025-11-22 18:00:00+00:00,-4.6,0.0,1.484318,3.2399998,,2.0,0.0,0.0,76.51889
2025-11-22 19:00:00+00:00,-5.35,0.0,1.8089776,3.96,,1.0,0.0,0.0,80.043945
2025-11-22 20:00:00+00:00,-5.55,0.0,1.2074767,4.32,,5.0,0.0,0.0,82.86046
2025-11-22 21:00:00+00:00,-5.95,0.0,2.4149535,4.68,,9.0,0.0,0.0,85.4207
2025-11-22 22:00:00+00:00,-6.25,0.0,1.659518,5.7599998,,10.0,0.0,0.0,88.42036
2025-11-22 23:00:00+00:00,-6.65,0.0,2.7943513,5.3999996,,3.0,0.0,0.0,90.11526
2025-11-23 00:00:00+00:00,-6.35,0.0,3.219938,6.4799995,,23.0,0.0,1.0,88.41115
2025-11-23 01:00:00+00:00,-6.85,0.0,0.5091169,5.7599998,,42.0,0.0,1.0,89.40193
2025-11-23 02:00:00+00:00,-6.85,0.0,0.40249225,2.16,,52.0,0.0,2.0,89.75003
2025-11-23 03:00:00+00:00,-7.15,0.0,2.0991426,3.6,,35.0,0.0,1.0,90.075356
2025-11-23 04:00:00+00:00,-7.15,0.0,2.0124612,5.3999996,,50.0,0.0,2.0,89.72524
2025-11-23 05:00:00+00:00,-7.15,0.0,1.4058449,3.96,,70.0,0.0,2.0,90.77921
2025-11-23 06:00:00+00:00,-6.5,0.0,1.4058449,3.2399998,,100.0,0.0,3.0,95.86725
2025-11-23 07:00:00+00:00,-6.9,0.0,1.3104197,3.96,,100.0,0.0,3.0,96.59585
2025-11-23 08:00:00+00:00,-6.05,0.0,1.4512063,8.64,,100.0,0.0,3.0,93.34168
2025-11-23 09:00:00+00:00,-4.85,0.0,1.1525624,9.36,,100.0,0.0,3.0,88.21018
2025-11-23 10:00:00+00:00,-3.45,0.0,3.244996,12.959999,,100.0,0.0,3.0,81.87625
2025-11-23 11:00:00+00:00,-1.15,0.0,1.4399999,14.4,,46.0,0.0,1.0,69.87076
2025-11-23 12:00:00+00:00,-0.75,0.0,3.494968,11.879999,,99.0,0.0,3.0,68.89886
2025-11-23 13:00:00+00:00,-0.4,0.0,2.8116899,12.24,,100.0,0.0,3.0,66.90895
2025-11-23 14:00:00+00:00,0.05,0.0,4.5891175,12.24,,100.0,0.0,3.0,65.252205
2025-11-23 15:00:00+00:00,-0.1,0.0,2.5071096,12.24,,100.0,0.0,3.0,66.722305
2025-11-23 16:00:00+00:00,-0.4,0.0,2.7059932,7.2,,100.0,0.0,3.0,69.235695
2025-11-23 17:00:00+00:00,0.3,0.0,6.302571,12.959999,,100.0,0.0,3.0,66.55962
2025-11-23 18:00:00+00:00,-0.85,0.1,3.2048087,14.04,,100.0,0.07,71.0,85.03253
2025-11-23 19:00:00+00:00,-0.6,0.2,7.3799996,13.32,,100.0,0.14,71.0,86.01275
2025-11-23 20:00:00+00:00,0.3,0.2,10.914888,21.96,,100.0,0.14,71.0,82.07718
2025-11-23 21:00:00+00:00,0.3,0.5,6.804381,21.599998,,100.0,0.14,71.0,83.60757
2025-11-23 22:00:00+00:00,-0.2,1.0,4.7521367,12.959999,,100.0,0.14,71.0,93.64887
2025-11-23 23:00:00+00:00,0.15,1.7,10.739833,20.16,,100.0,0.0,61.0,96.43613
2025-11-24 00:00:00+00:00,1.95,1.9,11.837651,20.880001,,100.0,0.0,61.0,96.14225
2025-11-24 01:00:00+00:00,1.8,2.8,15.427586,29.16,,100.0,0.0,63.0,97.52654
2025-11-24 02:00:00+00:00,1.6,2.6,14.713831,29.16,,100.0,0.0,63.0,98.577576
2025-11-24 03:00:00+00:00,0.9,2.3,13.379461,28.44,,100.0,0.0,61.0,98.92537
2025-11-24 04:00:00+00:00,0.6,2.4,12.2519045,25.56,,100.0,0.56,73.0,99.280685
2025-11-24 05:00:00+00:00,0.6,2.3,11.609651,23.4,,100.0,0.56,73.0,98.922745
2025-11-24 06:00:00+00:00,2.0,2.3,14.018059,22.319998,,100.0,0.42000002,73.0,97.879974
2025-11-24 07:00:00+00:00,1.5,2.1,12.9249525,27.0,,100.0,0.0,61.0,98.223335
2025-11-24 08:00:00+00:00,1.3,2.2,11.656998,24.48,,100.0,0.0,61.0,98.22045
2025-11-24 09:00:00+00:00,1.35,1.5,7.172949,21.96,,100.0,0.0,61.0,98.22117
2025-11-24 10:00:00+00:00,1.35,1.4,3.096837,13.32,,100.0,0.0,61.0,96.47044
2025-11-24 11:00:00+00:00,1.35,1.2,2.6208394,6.4799995,,100.0,0.0,55.0,97.51753
2025-11-24 12:00:00+00:00,3.3,1.2,9.3962755,9.72,,100.0,0.0,55.0,94.82819
2025-11-24 13:00:00+00:00,3.5,0.9,11.028581,20.880001,,100.0,0.0,53.0,96.87279
2025-11-24 14:00:00+00:00,2.95,1.0,8.435069,20.519999,,100.0,0.0,55.0,98.24405
2025-11-24 15:00:00+00:00,2.45,2.4,8.027678,15.84,,100.0,0.0,61.0,97.887665
2025-11-24 16:00:00+00:00,2.05,2.1,7.24486,15.119999,,100.0,0.0,61.0,97.88083
2025-11-24 17:00:00+00:00,1.55,1.6,4.942631,13.32,,100.0,0.0,61.0,98.576996
2025-11-24 18:00:00+00:00,2.35,1.2,1.6199999,8.64,,100.0,0.0,55.0,97.88596
2025-11-24 19:00:00+00:00,2.45,1.7,6.384293,10.799999,,100.0,0.0,61.0,98.58734
2025-11-24 20:00:00+00:00,2.65,1.2,9.187056,19.44,,100.0,0.0,55.0,98.2398
2025-11-24 21:00:00+00:00,1.95,0.2,4.8965297,16.919998,,100.0,0.0,51.0,98.58162
2025-11-24 22:00:00+00:00,1.95,0.2,3.7971036,9.36,,100.0,0.0,51.0,97.87913
2025-11-24 23:00:00+00:00,1.7,0.5,3.2846913,6.8399997,,100.0,0.0,53.0,97.175385
2025-11-25 00:00:00+00:00,0.7,2.1,5.293959,13.679999,,100.0,0.7,73.0,100.0
2025-11-25 01:00:00+00:00,1.05,0.2,7.0843205,12.959999,,100.0,0.0,51.0,99.28332
2025-11-25 02:00:00+00:00,1.3,0.2,6.9527545,15.119999,,100.0,0.0,51.0,98.22045
2025-11-25 03:00:00+00:00,1.45,3.5,7.970972,16.56,,100.0,1.75,75.0,97.51954
2025-11-25 04:00:00+00:00,1.0,0.6,5.1544156,14.759999,,100.0,0.28,73.0,94.73272
2025-11-25 05:00:00+00:00,1.0,0.0,8.139901,15.4800005,,100.0,0.0,3.0,95.42052
2025-11-25 06:00:00+00:00,2.2,0.3,12.475961,25.919998,,99.0,0.0,51.0,95.12302
2025-11-25 07:00:00+00:00,1.55,0.1,13.15971,24.119999,,100.0,0.0,51.0,96.47611
2025-11-25 08:00:00+00:00,2.0,0.3,14.529915,27.359999,,100.0,0.0,51.0,93.422615
2025-11-25 09:00:00+00:00,2.4,0.3,13.584932,27.0,,98.0,0.07,71.0,91.125534
2025-11-25 10:00:00+00:00,3.2,0.2,13.5,25.919998,,100.0,0.0,51.0,88.60927
2025-11-25 11:00:00+00:00,3.55,0.1,11.679212,26.64,,100.0,0.0,51.0,90.235176
2025-11-25 12:00:00+00:00,4.15,0.1,13.752047,30.599998,,78.0,0.0,51.0,88.06337
2025-11-25 13:00:00+00:00,3.95,0.7,15.472672,35.28,,75.0,0.21000001,73.0,85.26186
2025-11-25 14:00:00+00:00,3.75,0.2,14.178927,32.760002,,95.0,0.0,51.0,91.542915
2025-11-25 15:00:00+00:00,2.9,0.3,13.799087,28.8,,100.0,0.0,51.0,93.46914
2025-11-25 16:00:00+00:00,2.45,0.2,12.879752,26.64,,100.0,0.0,51.0,94.79321
2025-11-25 17:00:00+00:00,2.0,0.5,12.703715,26.28,,100.0,0.0,53.0,97.1822
2025-11-25 18:00:00+00:00,2.0,0.5,11.886816,24.84,,100.0,0.0,53.0,95.45701
2025-11-25 19:00:00+00:00,1.45,0.3,9.220499,21.599998,,100.0,0.0,51.0,96.473274
2025-11-25 20:00:00+00:00,1.5,0.5,9.485504,19.08,,98.0,0.07,71.0,96.128296
2025-11-25 21:00:00+00:00,1.05,0.4,9.4238205,18.0,,100.0,0.0,51.0,97.5115
2025-11-25 22:00:00+00:00,0.8,0.3,9.659814,19.08,,100.0,0.0,51.0,98.56829
2025-11-25 23:00:00+00:00,0.7,1.2,9.360001,18.72,,100.0,0.63,73.0,99.64005
2025-11-26 00:00:00+00:00,2.25,1.4,6.8989563,17.28,,100.0,0.84000003,75.0,93.771324
2025-11-26 01:00:00+00:00,1.3,0.9,6.6624317,19.44,,100.0,0.07,71.0,99.28478
2025-11-26 02:00:00+00:00,1.05,1.0,5.6262593,11.5199995,,100.0,0.21000001,73.0,100.0
2025-11-26 03:00:00+00:00,0.75,0.3,4.1085763,9.36,,100.0,0.0,51.0,100.0
2025-11-26 04:00:00+00:00,0.55,0.2,1.7727944,6.8399997,,100.0,0.0,51.0,100.0
2025-11-26 05:00:00+00:00,0.5,0.2,2.4149535,4.68,,100.0,0.0,51.0,99.639465
2025-11-26 06:00:00+00:00,0.15,0.0,4.896529,8.64,,100.0,0.0,3.0,100.0
2025-11-26 07:00:00+00:00,0.05,0.2,5.5596404,10.440001,,100.0,0.07,71.0,99.63813
2025-11-26 08:00:00+00:00,0.6,0.5,3.563818,12.599999,,100.0,0.21000001,73.0,98.922745
2025-11-26 09:00:00+00:00,0.85,0.9,2.1068459,9.36,,100.0,0.48999998,73.0,99.28214
2025-11-26 10:00:00+00:00,1.75,0.0,4.327493,12.24,,100.0,0.0,3.0,94.764145
2025-11-26 11:00:00+00:00,2.7,0.1,4.991553,14.759999,,100.0,0.0,51.0,91.146255
2025-11-26 12:00:00+00:00,3.0,0.1,3.671294,14.4,,100.0,0.0,51.0,91.1669
2025-11-26 13:00:00+00:00,2.95,0.2,5.318383,13.32,,100.0,0.0,51.0,87.63814
2025-11-26 14:00:00+00:00,2.55,0.1,6.7565966,15.84,,100.0,0.0,51.0,87.284996
2025-11-26 15:00:00+00:00,1.4,0.4,7.0934615,15.119999,,99.0,0.07,71.0,97.51854
2025-11-26 16:00:00+00:00,0.55,0.4,8.626865,18.0,,99.0,0.21000001,73.0,99.63962
2025-11-26 17:00:00+00:00,0.4,0.1,3.8521678,15.4800005,,89.0,0.07,71.0,96.79386
2025-11-26 18:00:00+00:00,0.05,0.0,3.143565,7.5599995,,5.0,0.0,0.0,97.13743
2025-11-26 19:00:00+00:00,-0.35,0.0,4.6938257,7.5599995,,69.0,0.0,2.0,96.77432
2025-11-26 20:00:00+00:00,0.05,0.0,5.4477882,10.08,,100.0,0.0,3.0,96.78476
2025-11-26 21:00:00+00:00,0.45,0.2,7.2202215,12.959999,,100.0,0.14,71.0,95.400246
2025-11-26 22:00:00+00:00,0.7,0.0,7.9465466,14.4,,100.0,0.0,3.0,95.755844
2025-11-26 23:00:00+00:00,0.75,0.0,7.382195,14.4,,100.0,0.0,3.0,96.45335
2025-11-27 00:00:00+00:00,-0.35,0.0,6.601363,14.4,,22.0,0.0,1.0,98.55478
2025-11-27 01:00:00+00:00,-1.3,0.0,4.6102495,12.24,,9.0,0.0,0.0,97.46347
2025-11-27 02:00:00+00:00,-1.55,0.0,4.1046314,7.92,,27.0,0.0,1.0,97.458275
2025-11-27 03:00:00+00:00,-1.9,0.0,4.952453,8.28,,66.0,0.0,2.0,97.09159
2025-11-27 04:00:00+00:00,-1.85,0.0,5.815978,10.799999,,96.0,0.0,3.0,97.09278
2025-11-27 05:00:00+00:00,-2.0,0.0,5.48631,12.24,,94.0,0.0,3.0,96.7307
2025-11-27 06:00:00+00:00,-0.95,0.0,7.0407386,11.5199995,,80.0,0.0,3.0,98.18751
2025-11-27 07:00:00+00:00,-1.05,0.0,6.6624317,14.4,,100.0,0.0,3.0,99.270874
2025-11-27 08:00:00+00:00,-0.85,0.0,6.4096174,15.84,,100.0,0.0,3.0,98.188995
2025-11-27 09:00:00+00:00,-0.3,0.0,6.3690495,16.919998,,100.0,0.0,3.0,97.48408
2025-11-27 10:00:00+00:00,0.95,0.0,6.9550843,18.0,,99.0,0.0,3.0,90.364494
2025-11-27 11:00:00+00:00,1.8,0.0,5.95906,18.359999,,100.0,0.0,3.0,83.48658
2025-11-27 12:00:00+00:00,2.9,0.0,4.991553,16.919998,,52.0,0.0,2.0,78.908554
2025-11-27 13:00:00+00:00,3.55,0.0,2.7475805,14.759999,,83.0,0.0,3.0,72.40468
2025-11-27 14:00:00+00:00,3.45,0.0,3.9966488,11.5199995,,45.0,0.0,1.0,71.59514
2025-11-27 15:00:00+00:00,2.0,0.0,1.6981165,11.5199995,,50.0,0.0,2.0,81.40679
2025-11-27 16:00:00+00:00,-0.2,0.0,2.0124612,3.2399998,,100.0,0.0,3.0,84.47912
2025-11-27 17:00:00+00:00,-1.0,0.0,1.2727921,3.2399998,,100.0,0.0,3.0,87.256966
2025-11-27 18:00:00+00:00,-0.8,0.0,0.9,2.16,,92.0,0.0,3.0,90.89999
2025-11-27 19:00:00+00:00,-1.4,0.0,0.40249225,1.8,,48.0,0.0,1.0,93.24231
2025-11-27 20:00:00+00:00,-2.05,0.0,0.8049845,1.4399999,,27.0,0.0,1.0,96.01559
2025-11-27 21:00:00+00:00,-2.35,0.0,0.9178235,1.4399999,,27.0,0.0,1.0,98.89632
2025-11-27 22:00:00+00:00,-2.55,0.0,0.6489992,1.8,,16.0,0.0,0.0,98.89449
2025-11-27 23:00:00+00:00,-2.9,0.0,1.659518,3.2399998,,99.0,0.0,3.0,98.52414
2025-11-28 00:00:00+00:00,-2.4,0.0,3.7585104,6.8399997,,99.0,0.0,3.0,98.53022
2025-11-28 01:00:00+00:00,-2.45,0.0,2.6758924,6.8399997,,100.0,0.0,3.0,98.52962
2025-11-28 02:00:00+00:00,-2.45,0.0,1.4512063,5.7599998,,100.0,0.0,3.0,98.8954
2025-11-28 03:00:00+00:00,-2.4,0.0,1.9881649,4.68,,100.0,0.0,3.0,98.16579
2025-11-28 04:00:00+00:00,-2.45,0.0,2.0523157,5.3999996,,100.0,0.0,3.0,98.52962
2025-11-28 05:00:00+00:00,-2.3,0.0,1.6981165,5.3999996,,100.0,0.0,3.0,98.1673
2025-11-28 06:00:00+00:00,-2.15,0.0,2.9024127,4.68,,100.0,0.0,3.0,99.6315
2025-11-28 07:00:00+00:00,-1.95,0.0,2.7238941,9.0,,100.0,0.0,3.0,98.89995
2025-11-28 08:00:00+00:00,-1.35,0.0,3.01735,10.08,,100.0,0.0,3.0,98.90538
2025-11-28 09:00:00+00:00,-0.55,0.0,3.671294,11.159999,,100.0,0.0,3.0,96.76908
2025-11-28 10:00:00+00:00,0.4,0.0,2.97953,11.5199995,,100.0,0.0,3.0,93.33866
2025-11-28 11:00:00+00:00,1.9,0.0,1.2074767,11.159999,,84.0,0.0,3.0,86.591194
2025-11-28 12:00:00+00:00,2.9,0.0,3.4388947,10.08,,100.0,0.0,3.0,83.01937
2025-11-28 13:00:00+00:00,3.25,0.0,1.659518,10.799999,,100.0,0.0,3.0,77.82365
2025-11-28 14:00:00+00:00,2.9,0.0,0.9693296,8.28,,100.0,0.0,3.0,78.621956
2025-11-28 15:00:00+00:00,2.05,0.0,0.9178235,2.16,,100.0,0.0,3.0,83.51746
2025-11-28 16:00:00+00:00,1.6,0.0,0.9693296,2.52,,100.0,0.0,3.0,85.93272
2025-11-28 17:00:00+00:00,1.5,0.0,2.1674871,3.2399998,,100.0,0.0,3.0,85.922005
2025-11-28 18:00:00+00:00,2.0,0.0,4.2021422,5.7599998,,100.0,0.0,3.0,85.66391
2025-11-28 19:00:00+00:00,2.25,0.0,3.7842832,6.4799995,,100.0,0.0,3.0,82.93698
2025-11-28 20:00:00+00:00,2.45,0.0,6.122647,10.799999,,100.0,0.0,3.0,82.06318
2025-11-28 21:00:00+00:00,2.0,0.0,5.5829024,11.879999,,100.0,0.0,3.0,86.60142
2025-11-28 22:00:00+00:00,1.15,0.0,4.6277857,10.08,,100.0,0.0,3.0,92.704315
2025-11-28 23:00:00+00:00,1.15,0.0,4.7110505,9.0,,100.0,0.0,3.0,93.716774
2025-11-29 00:00:00+00:00,1.35,0.1,3.2048087,8.64,,100.0,0.0,51.0,93.05173
2025-11-29 01:00:00+00:00,1.7,0.0,4.8965297,8.28,,100.0,0.0,3.0,90.4207
2025-11-29 02:00:00+00:00,1.95,0.2,5.4656014,10.08,,100.0,0.0,51.0,87.86091
2025-11-29 03:00:00+00:00,1.45,0.3,6.1569467,11.159999,,100.0,0.0,51.0,95.43697
2025-11-29 04:00:00+00:00,1.45,0.3,6.4624763,11.879999,,100.0,0.0,51.0,96.473274
2025-11-29 05:00:00+00:00,1.6,0.4,8.287822,15.119999,,99.0,0.0,51.0,96.82477
2025-11-29 06:00:00+00:00,1.6,0.1,7.256032,15.119999,,98.0,0.0,51.0,97.522545
2025-11-29 07:00:00+00:00,1.8,0.0,4.6277857,14.4,,66.0,0.0,2.0,96.82988
2025-11-29 08:00:00+00:00,2.35,0.0,4.5572357,9.0,,27.0,0.0,1.0,95.46967
2025-11-29 09:00:00+00:00,3.65,0.0,1.98,9.0,,98.0,0.0,3.0,93.83974
2025-11-29 10:00:00+00:00,4.95,0.0,2.36753,10.08,,20.0,0.0,1.0,90.0221
2025-11-29 11:00:00+00:00,6.45,0.0,5.5916004,15.119999,,55.0,0.0,2.0,81.14228
2025-11-29 12:00:00+00:00,6.8,0.0,2.7238941,16.56,,44.0,0.0,1.0,79.77412
2025-11-29 13:00:00+00:00,7.45,0.0,1.6981165,10.440001,,5.0,0.0,0.0,76.5719
2025-11-29 14:00:00+00:00,7.25,0.0,1.26,8.28,,92.0,0.0,3.0,78.17375
2025-11-29 15:00:00+00:00,5.05,0.0,2.3400002,4.32,,95.0,0.0,3.0,87.215454
2025-11-29 16:00:00+00:00,2.9,0.0,3.319036,5.3999996,,79.0,0.0,2.0,90.50963
2025-11-29 17:00:00+00:00,1.85,0.0,2.907989,5.7599998,,66.0,0.0,2.0,93.079124
2025-11-29 18:00:00+00:00,1.5,0.0,1.1525624,4.32,,100.0,0.0,3.0,99.6424
2025-11-29 19:00:00+00:00,0.25,0.0,1.2979984,2.52,,100.0,0.0,3.0,99.63873
2025-11-29 20:00:00+00:00,-0.15,0.0,1.8532133,4.32,,100.0,0.0,3.0,100.0
2025-11-29 21:00:00+00:00,-0.1,0.0,2.0523157,5.04,,100.0,0.0,3.0,100.0
2025-11-29 22:00:00+00:00,0.1,0.0,1.8,4.32,,100.0,0.0,3.0,99.63829
2025-11-29 23:00:00+00:00,-0.5,0.0,2.3051248,5.3999996,,100.0,0.0,3.0,100.0
2025-11-30 00:00:00+00:00,-0.3,0.0,2.8460498,9.0,,100.0,0.0,3.0,100.0
2025-11-30 01:00:00+00:00,-0.7,0.0,0.40249225,5.04,,100.0,0.0,3.0,99.635895
2025-11-30 02:00:00+00:00,-0.6,0.0,1.1525624,2.8799999,,100.0,0.0,3.0,99.27357
2025-11-30 03:00:00+00:00,-0.25,0.0,1.0182338,3.2399998,,100.0,0.0,3.0,99.637245
2025-11-30 04:00:00+00:00,-0.3,0.0,0.742159,2.52,,100.0,0.0,3.0,99.63709
2025-11-30 05:00:00+00:00,-0.15,0.0,1.0495713,2.8799999,,100.0,0.0,3.0,100.0
2025-11-30 06:00:00+00:00,0.35,0.0,0.0,3.6,,100.0,0.0,3.0,100.0
2025-11-30 07:00:00+00:00,0.25,0.7,0.9693296,2.8799999,,100.0,0.0,53.0,99.63873
2025-11-30 08:00:00+00:00,0.65,0.7,0.76367533,6.8399997,,100.0,0.0,53.0,99.639915
2025-11-30 09:00:00+00:00,1.15,0.1,3.4763772,9.72,,100.0,0.0,51.0,99.64138
2025-11-30 10:00:00+00:00,1.95,0.4,6.8612823,14.04,,100.0,0.0,51.0,98.934525
2025-11-30 11:00:00+00:00,2.9,0.3,4.5,14.04,,100.0,0.0,51.0,97.8953
2025-11-30 12:00:00+00:00,4.65,0.2,3.219938,9.0,,100.0,0.0,51.0,93.229614
2025-11-30 13:00:00+00:00,5.35,0.0,3.143565,10.08,,100.0,0.0,3.0,91.6471
2025-11-30 14:00:00+00:00,5.55,0.0,4.445672,10.08,,100.0,0.0,3.0,90.70176
2025-11-30 15:00:00+00:00,4.6,0.0,1.5273507,10.08,,100.0,0.0,3.0,95.885864
2025-11-30 16:00:00+00:00,3.95,0.1,3.381893,6.12,,100.0,0.0,51.0,97.56892
2025-11-30 17:00:00+00:00,4.4,0.2,8.78872,14.759999,,100.0,0.0,51.0,97.57765
2025-11-30 18:00:00+00:00,4.85,0.4,12.134992,24.48,,100.0,0.0,51.0,96.90627
2025-11-30 19:00:00+00:00,4.6,0.5,10.6261,22.319998,,100.0,0.0,53.0,98.61162
2025-11-30 20:00:00+00:00,4.25,0.5,7.79215,19.44,,100.0,0.0,53.0,98.95415
2025-11-30 21:00:00+00:00,3.9,0.4,10.304115,18.72,,100.0,0.0,51.0,98.603775
2025-11-30 22:00:00+00:00,3.55,0.3,11.431063,22.319998,,100.0,0.0,51.0,98.25251
2025-11-30 23:00:00+00:00,3.25,0.2,8.139901,21.599998,,100.0,0.0,51.0,98.24828
2025-12-01 00:00:00+00:00,3.15,0.0,7.653705,15.4800005,,100.0,0.0,3.0,98.24688
2025-12-01 01:00:00+00:00,2.7,0.1,6.7757506,14.4,,100.0,0.0,51.0,98.59019
2025-12-01 02:00:00+00:00,2.7,0.1,6.552099,13.32,,100.0,0.0,51.0,98.94098
2025-12-01 03:00:00+00:00,2.65,0.0,6.830519,12.24,,100.0,0.0,3.0,97.89106
2025-12-01 04:00:00+00:00,2.75,0.0,4.896529,11.879999,,100.0,0.0,3.0,97.19913
2025-12-01 05:00:00+00:00,2.55,0.0,5.1197267,9.36,,76.0,0.0,2.0,97.54146
2025-12-01 06:00:00+00:00,2.75,0.0,3.1072817,9.36,,100.0,0.0,3.0,97.19913
2025-12-01 07:00:00+00:00,2.7,0.0,1.8792552,4.68,,100.0,0.0,3.0,97.198006
2025-12-01 08:00:00+00:00,2.9,0.0,5.5916004,11.159999,,100.0,0.0,3.0,97.548355
2025-12-01 09:00:00+00:00,3.35,0.0,6.8423676,15.84,,100.0,0.0,3.0,95.84484
2025-12-01 10:00:00+00:00,3.95,0.0,7.891311,19.08,,100.0,0.0,3.0,92.534805
2025-12-01 11:00:00+00:00,4.45,0.0,7.519175,19.08,,100.0,0.0,3.0,88.40365
2025-12-01 12:00:00+00:00,4.15,0.0,7.353611,18.72,,100.0,0.0,3.0,85.5889
2025-12-01 13:00:00+00:00,4.6,0.0,5.0911684,17.64,,100.0,0.0,3.0,82.05207
2025-12-01 14:00:00+00:00,4.75,0.0,4.7657523,14.04,,100.0,0.0,3.0,79.75828
2025-12-01 15:00:00+00:00,4.65,0.0,1.8089776,11.879999,,100.0,0.0,3.0,83.23835
2025-12-01 16:00:00+00:00,3.85,0.0,0.40249225,3.2399998,,97.0,0.0,3.0,85.86291
2025-12-01 17:00:00+00:00,3.35,0.0,1.8089776,2.16,,89.0,0.0,3.0,89.89851
2025-12-01 18:00:00+00:00,3.2,0.0,1.2727921,5.7599998,,100.0,0.0,3.0,94.82409
2025-12-01 19:00:00+00:00,2.6,0.0,0.25455844,2.52,,100.0,0.0,3.0,96.50568
2025-12-01 20:00:00+00:00,1.8,0.0,0.35999998,1.8,,100.0,0.0,3.0,100.0
2025-12-01 21:00:00+00:00,1.35,0.0,0.9693296,2.8799999,,100.0,0.0,3.0,100.0
2025-12-01 22:00:00+00:00,0.9,0.0,2.7238941,5.04,,100.0,0.0,3.0,100.0
2025-12-01 23:00:00+00:00,0.6,0.0,4.0249224,8.28,,100.0,0.0,3.0,100.0
2025-12-02 00:00:00+00:00,0.0,0.0,1.6199999,11.159999,,100.0,0.0,3.0,100.0
2025-12-02 01:00:00+00:00,0.1,0.0,2.7534704,7.92,,100.0,0.0,3.0,99.63829
2025-12-02 02:00:00+00:00,0.05,0.0,3.9312592,10.799999,,100.0,0.0,3.0,99.27743
2025-12-02 03:00:00+00:00,-0.1,0.0,4.353619,12.24,,100.0,0.0,3.0,99.276535
2025-12-02 04:00:00+00:00,-0.2,0.0,4.060985,11.5199995,,100.0,0.0,3.0,99.275955
2025-12-02 05:00:00+00:00,-0.6,0.0,1.7076298,10.799999,,100.0,0.0,3.0,100.0
2025-12-02 06:00:00+00:00,-1.1,0.0,0.9693296,6.12,,100.0,0.0,3.0,99.99999
2025-12-02 07:00:00+00:00,-1.1,0.0,2.657668,7.5599995,,100.0,0.0,3.0,99.63469
2025-12-02 08:00:00+00:00,-0.7,0.0,3.8183763,11.5199995,,100.0,0.0,3.0,99.27297
2025-12-02 09:00:00+00:00,0.0,0.0,2.4482646,11.159999,,100.0,0.0,3.0,98.20153
2025-12-02 10:00:00+00:00,1.0,0.0,3.2048087,12.24,,100.0,0.0,3.0,94.73272
2025-12-02 11:00:00+00:00,2.15,0.0,3.219938,12.959999,,100.0,0.0,3.0,92.42883
2025-12-02 12:00:00+00:00,2.5,0.0,1.1384199,13.32,,100.0,0.0,3.0,92.11876
2025-12-02 13:00:00+00:00,3.75,0.0,0.9,9.72,,44.0,0.0,1.0,87.71331
2025-12-02 14:00:00+00:00,3.9,0.0,4.080882,11.879999,,45.0,0.0,1.0,86.48402
2025-12-02 15:00:00+00:00,2.1,0.0,3.8521678,11.879999,,100.0,0.0,3.0,94.77872
2025-12-02 16:00:00+00:00,-0.05,0.0,5.6521144,10.440001,,92.0,0.0,3.0,98.2008
2025-12-02 17:00:00+00:00,-0.7,0.0,5.8048253,11.159999,,93.0,0.0,3.0,98.91122
2025-12-02 18:00:00+00:00,0.85,0.0,8.019601,14.4,,100.0,0.0,3.0,100.0
2025-12-02 19:00:00+00:00,0.25,0.0,5.983477,16.199999,,100.0,0.0,3.0,99.63873
2025-12-02 20:00:00+00:00,-0.05,0.0,4.5536795,13.32,,100.0,0.0,3.0,98.55833
2025-12-02 21:00:00+00:00,-0.05,0.0,4.2671766,11.879999,,100.0,0.0,3.0,98.917
2025-12-02 22:00:00+00:00,-0.15,0.0,3.693291,9.72,,100.0,0.0,3.0,98.557144
2025-12-02 23:00:00+00:00,-0.3,0.0,3.4623692,9.36,,100.0,0.0,3.0,99.27536
2025-12-03 00:00:00+00:00,0.1,0.0,3.462369,9.0,,100.0,0.0,3.0,100.0
2025-12-03 01:00:00+00:00,-0.05,0.0,2.1749482,9.72,,100.0,0.0,3.0,98.55833
2025-12-03 02:00:00+00:00,-0.15,0.0,2.4482646,7.2,,100.0,0.0,3.0,98.199326
2025-12-03 03:00:00+00:00,-0.1,0.0,3.8521678,10.440001,,100.0,0.0,3.0,99.637695
2025-12-03 04:00:00+00:00,0.05,0.0,4.829907,11.879999,,100.0,0.0,3.0,100.0
2025-12-03 05:00:00+00:00,0.1,0.0,5.195113,12.24,,100.0,0.0,3.0,99.63829
2025-12-03 06:00:00+00:00,0.15,0.0,4.8633323,12.24,,100.0,0.0,3.0,100.0
2025-12-03 07:00:00+00:00,0.15,0.0,5.00128,12.959999,,100.0,0.0,3.0,99.638435
2025-12-03 08:00:00+00:00,0.3,0.0,5.4744864,13.679999,,100.0,0.0,3.0,99.27891
2025-12-03 09:00:00+00:00,0.65,0.0,6.1094027,15.4800005,,100.0,0.0,3.0,98.56654
2025-12-03 10:00:00+00:00,1.45,0.0,6.2379804,16.199999,,100.0,0.0,3.0,97.51954
2025-12-03 11:00:00+00:00,2.0,0.0,5.7402787,16.199999,,100.0,0.0,3.0,96.1438
2025-12-03 12:00:00+00:00,0.75,0.0,3.4576871,16.919998,,100.0,0.0,3.0,99.640205
2025-12-03 13:00:00+00:00,1.3,0.0,0.9178235,11.5199995,,100.0,0.0,3.0,95.431496
2025-12-03 14:00:00+00:00,1.55,0.0,1.7076298,9.0,,100.0,0.0,3.0,94.415
2025-12-03 15:00:00+00:00,1.4,0.0,2.0523157,9.0,,100.0,0.0,3.0,94.06824
2025-12-03 16:00:00+00:00,0.95,0.0,2.36753,5.7599998,,100.0,0.0,3.0,97.15822
2025-12-03 17:00:00+00:00,1.1,0.0,1.08,5.3999996,,100.0,0.0,3.0,96.81194
2025-12-03 18:00:00+00:00,0.95,0.0,3.0758414,2.16,,100.0,0.0,3.0,98.215385
2025-12-03 19:00:00+00:00,1.1,0.0,3.3043609,7.92,,100.0,0.0,3.0,96.81194
2025-12-03 20:00:00+00:00,1.05,0.0,0.54,7.2,,100.0,0.0,3.0,96.46191
2025-12-03 21:00:00+00:00,0.95,0.0,2.5455842,6.12,,100.0,0.0,3.0,96.45906
2025-12-03 22:00:00+00:00,0.65,0.0,0.9178235,6.4799995,,100.0,0.0,3.0,98.21104
2025-12-03 23:00:00+00:00,0.75,0.0,1.781909,5.04,,100.0,0.0,3.0,96.80293
2025-12-04 00:00:00+00:00,0.7,0.0,1.8089776,5.7599998,,100.0,0.0,3.0,99.281265
2025-12-04 01:00:00+00:00,0.75,0.0,1.659518,7.92,,100.0,0.0,3.0,98.924065
2025-12-04 02:00:00+00:00,0.85,0.0,1.8792552,6.12,,100.0,0.0,3.0,99.28214
2025-12-04 03:00:00+00:00,1.0,0.0,3.0652895,7.2,,100.0,0.0,3.0,99.64094
2025-12-04 04:00:00+00:00,0.75,0.0,3.9966483,7.92,,100.0,0.0,3.0,100.0
2025-12-04 05:00:00+00:00,0.75,0.0,4.6452556,9.0,,100.0,0.0,3.0,99.640205
2025-12-04 06:00:00+00:00,0.8,0.0,4.8433046,11.159999,,100.0,0.0,3.0,100.0
2025-12-04 07:00:00+00:00,0.65,0.0,5.1481256,10.440001,,100.0,0.0,3.0,100.0
2025-12-04 08:00:00+00:00,0.8,0.0,5.315336,12.959999,,100.0,0.0,3.0,98.9245
2025-12-04 09:00:00+00:00,1.05,0.0,4.2175345,13.32,,100.0,0.0,3.0,97.8636
2025-12-04 10:00:00+00:00,1.5,0.0,3.319036,12.599999,,100.0,0.0,3.0,98.223335
2025-12-04 11:00:00+00:00,2.0,0.0,3.096837,11.879999,,100.0,0.0,3.0,95.11524
2025-12-04 12:00:00+00:00,1.85,0.0,3.2048087,12.599999,,100.0,0.0,3.0,95.10938
2025-12-04 13:00:00+00:00,2.5,0.0,3.745557,12.959999,,100.0,0.0,3.0,91.78894
2025-12-04 14:00:00+00:00,2.45,0.0,3.8268526,12.599999,,100.0,0.0,3.0,91.78573
2025-12-04 15:00:00+00:00,2.2,0.0,3.7064266,11.879999,,100.0,0.0,3.0,92.76448
2025-12-04 16:00:00+00:00,1.45,0.0,3.4199998,9.0,,100.0,0.0,3.0,97.16968
2025-12-04 17:00:00+00:00,1.1,0.0,5.8298883,11.159999,,100.0,0.0,3.0,98.92713
2025-12-04 18:00:00+00:00,1.6,0.0,4.829907,12.959999,,100.0,0.0,3.0,98.93149
2025-12-04 19:00:00+00:00,1.45,0.0,6.5520988,13.32,,100.0,0.0,3.0,98.93018
2025-12-04 20:00:00+00:00,1.3,0.0,6.361415,14.04,,100.0,0.0,3.0,99.28478
2025-12-04 21:00:00+00:00,1.15,0.0,5.4149795,13.32,,100.0,0.0,3.0,99.64138
2025-12-04 22:00:00+00:00,1.2,0.0,2.8174455,10.799999,,100.0,0.0,3.0,98.928
2025-12-04 23:00:00+00:00,1.35,0.0,0.9693296,6.4799995,,100.0,0.0,3.0,97.16738
2025-12-05 00:00:00+00:00,1.2,0.0,0.35999998,3.6,,100.0,0.0,3.0,97.8662
2025-12-05 01:00:00+00:00,1.25,0.1,0.9693296,1.8,,100.0,0.0,51.0,97.86706
2025-12-05 02:00:00+00:00,1.25,0.2,1.8,3.6,,100.0,0.0,51.0,97.86706
2025-12-05 03:00:00+00:00,1.4,0.3,1.781909,3.96,,100.0,0.0,51.0,98.575264
2025-12-05 04:00:00+00:00,1.45,0.2,2.0523157,3.6,,100.0,0.0,51.0,97.87052
2025-12-05 05:00:00+00:00,1.6,0.2,3.244996,5.7599998,,100.0,0.0,51.0,98.224785
2025-12-05 06:00:00+00:00,2.0,0.2,4.379589,8.28,,100.0,0.0,51.0,98.582184
2025-12-05 07:00:00+00:00,2.15,0.2,6.1437774,11.159999,,100.0,0.0,51.0,98.5839
2025-12-05 08:00:00+00:00,2.35,0.1,6.8541956,12.599999,,100.0,0.0,51.0,98.93799
2025-12-05 09:00:00+00:00,2.75,0.1,7.256032,14.04,,100.0,0.0,51.0,96.85395
2025-12-05 10:00:00+00:00,3.7,0.1,6.7469993,17.28,,100.0,0.0,51.0,91.865456
2025-12-05 11:00:00+00:00,4.2,0.1,5.6060677,15.4800005,,100.0,0.0,51.0,89.96445
2025-12-05 12:00:00+00:00,4.5,0.0,5.7176566,14.4,,100.0,0.0,3.0,91.591995
2025-12-05 13:00:00+00:00,5.2,0.1,4.14,14.759999,,100.0,0.0,51.0,84.496605
2025-12-05 14:00:00+00:00,5.05,0.1,2.9024127,11.879999,,100.0,0.0,51.0,84.18003
2025-12-05 15:00:00+00:00,4.9,0.0,0.9693296,8.28,,100.0,0.0,3.0,87.20096
2025-12-05 16:00:00+00:00,4.3,0.0,4.2481523,7.5599995,,100.0,0.0,3.0,88.70476
2025-12-05 17:00:00+00:00,3.9,0.0,5.3305535,9.72,,99.0,0.0,3.0,90.905106
2025-12-05 18:00:00+00:00,4.0,0.0,3.7585104,10.08,,100.0,0.0,3.0,93.85664
2025-12-05 19:00:00+00:00,3.8,0.0,2.907989,6.8399997,,0.0,0.0,0.0,95.5216
2025-12-05 20:00:00+00:00,2.15,0.0,4.2021427,6.8399997,,14.0,0.0,0.0,97.533516
2025-12-05 21:00:00+00:00,1.4,0.0,5.1165614,9.36,,42.0,0.0,1.0,96.47186
2025-12-05 22:00:00+00:00,0.25,0.0,5.6060677,9.72,,26.0,0.0,1.0,95.74045
2025-12-05 23:00:00+00:00,-0.5,0.0,3.8183763,10.440001,,6.0,0.0,0.0,96.77039
2025-12-06 00:00:00+00:00,-1.45,0.0,1.2979984,6.12,,100.0,0.0,3.0,100.0
2025-12-06 01:00:00+00:00,-1.25,0.0,0.9178235,3.2399998,,100.0,0.0,3.0,100.0
2025-12-06 02:00:00+00:00,-0.8,0.0,3.143565,7.5599995,,100.0,0.0,3.0,99.6356
2025-12-06 03:00:00+00:00,-0.95,0.0,2.5582807,7.92,,100.0,0.0,3.0,99.27147
2025-12-06 04:00:00+00:00,-0.4,0.0,1.1525624,6.12,,100.0,0.0,3.0,99.636795
2025-12-06 05:00:00+00:00,-0.45,0.0,2.7416782,6.8399997,,100.0,0.0,3.0,99.27446
2025-12-06 06:00:00+00:00,0.45,0.0,1.8792552,6.8399997,,100.0,0.0,3.0,100.0
2025-12-06 07:00:00+00:00,0.6,0.0,0.40249225,5.3999996,,100.0,0.0,3.0,100.0
2025-12-06 08:00:00+00:00,1.3,0.0,2.6208394,7.92,,100.0,0.0,3.0,99.28478
2025-12-06 09:00:00+00:00,2.0,0.0,5.1197267,12.24,,100.0,0.0,3.0,97.879974
2025-12-06 10:00:00+00:00,2.45,0.3,6.830519,14.4,,100.0,0.0,51.0,96.84638
2025-12-06 11:00:00+00:00,3.2,0.0,5.4029994,15.119999,,100.0,0.0,3.0,96.180595
2025-12-06 12:00:00+00:00,3.6,0.0,6.28713,15.4800005,,100.0,0.0,3.0,96.8753
2025-12-06 13:00:00+00:00,5.35,0.0,10.285232,18.359999,,100.0,0.0,3.0,95.243126
2025-12-06 14:00:00+00:00,6.95,0.0,15.3802595,29.16,,100.0,0.0,3.0,83.81274
2025-12-06 15:00:00+00:00,7.15,0.0,14.64209,29.519999,,100.0,0.0,3.0,83.25271
2025-12-06 16:00:00+00:00,6.6,0.0,11.988594,28.8,,36.0,0.0,1.0,85.25181
2025-12-06 17:00:00+00:00,5.7,0.1,10.009036,23.4,,25.0,0.0,51.0,86.97155
2025-12-06 18:00:00+00:00,6.1,0.1,8.29173,23.4,,88.0,0.0,51.0,93.30566
2025-12-06 19:00:00+00:00,5.5,0.0,9.796366,18.0,,65.0,0.0,2.0,94.58653
2025-12-06 20:00:00+00:00,5.1,0.1,10.44,18.359999,,89.0,0.0,51.0,93.90941
2025-12-06 21:00:00+00:00,4.35,0.2,13.708391,25.199999,,100.0,0.0,51.0,89.65778
2025-12-06 22:00:00+00:00,3.25,0.0,14.607751,26.64,,100.0,0.0,3.0,83.06349
2025-12-06 23:00:00+00:00,4.05,0.1,17.194475,32.760002,,100.0,0.0,51.0,87.741325
2025-12-07 00:00:00+00:00,4.9,0.1,12.134992,33.839996,,100.0,0.0,51.0,95.89561
2025-12-07 01:00:00+00:00,6.55,0.3,16.5776,30.599998,,100.0,0.0,51.0,92.68405
2025-12-07 02:00:00+00:00,6.3,0.7,15.124284,30.960001,,100.0,0.0,53.0,96.2733
2025-12-07 03:00:00+00:00,6.35,0.9,12.738099,28.8,,100.0,0.0,53.0,96.27477
2025-12-07 04:00:00+00:00,6.0,0.3,11.132385,24.119999,,100.0,0.0,51.0,97.27083
2025-12-07 05:00:00+00:00,5.65,0.1,11.334284,20.880001,,100.0,0.0,51.0,96.58948
2025-12-07 06:00:00+00:00,6.4,0.5,11.788281,21.24,,100.0,0.0,53.0,93.97089
2025-12-07 07:00:00+00:00,6.6,0.2,9.919618,21.599998,,100.0,0.0,51.0,95.95024
2025-12-07 08:00:00+00:00,6.5,0.6,9.224011,18.72,,100.0,0.0,53.0,96.61229
2025-12-07 09:00:00+00:00,6.7,0.7,9.565437,18.0,,100.0,0.0,53.0,96.617645
2025-12-07 10:00:00+00:00,6.95,0.5,9.676569,18.359999,,100.0,0.0,53.0,96.62428
2025-12-07 11:00:00+00:00,7.2,0.4,10.310403,19.8,,100.0,0.0,51.0,96.63091
2025-12-07 12:00:00+00:00,7.45,0.4,13.88919,28.8,,100.0,0.0,51.0,91.78102
2025-12-07 13:00:00+00:00,7.95,1.3,15.702356,30.960001,,100.0,0.0,61.0,94.365524
2025-12-07 14:00:00+00:00,7.45,1.5,14.230248,33.12,,100.0,0.0,61.0,94.994064
2025-12-07 15:00:00+00:00,6.85,0.6,13.690654,37.8,,100.0,0.0,53.0,94.97057
2025-12-07 16:00:00+00:00,6.45,0.9,10.075177,26.28,,100.0,0.0,53.0,95.28403
2025-12-07 17:00:00+00:00,6.55,1.5,11.833546,22.68,,100.0,0.0,61.0,95.28771
2025-12-07 18:00:00+00:00,8.0,1.6,18.727787,34.56,,100.0,0.0,61.0,91.81556
2025-12-07 19:00:00+00:00,8.6,1.9,21.528633,41.760002,,100.0,0.0,61.0,95.36249
2025-12-07 20:00:00+00:00,8.85,1.5,21.265156,42.12,,100.0,0.0,61.0,94.72595
2025-12-07 21:00:00+00:00,8.8,1.0,19.229696,41.760002,,97.0,0.0,55.0,94.402466
2025-12-07 22:00:00+00:00,9.35,0.2,20.88698,40.32,,100.0,0.0,51.0,90.04376
2025-12-07 23:00:00+00:00,10.1,0.1,21.028437,41.399998,,100.0,0.0,51.0,86.21259
2025-12-08 00:00:00+00:00,9.7,0.3,16.825909,40.68,,100.0,0.0,51.0,96.04712
2025-12-08 01:00:00+00:00,9.8,1.0,16.299694,32.399998,,100.0,0.0,55.0,96.37399
2025-12-08 02:00:00+00:00,10.05,0.2,17.123669,33.12,,100.0,0.0,51.0,93.5065
2025-12-08 03:00:00+00:00,9.6,0.2,13.248049,32.039997,,100.0,0.0,51.0,96.04405
2025-12-08 04:00:00+00:00,9.3,0.5,13.70839,26.28,,100.0,0.0,53.0,96.68588
2025-12-08 05:00:00+00:00,9.35,0.2,13.985663,27.359999,,100.0,0.0,51.0,96.03635
2025-12-08 06:00:00+00:00,9.85,0.1,14.4415655,27.72,,100.0,0.0,51.0,94.76653
2025-12-08 07:00:00+00:00,10.0,0.0,14.8257065,28.08,,100.0,0.0,3.0,93.50402
2025-12-08 08:00:00+00:00,10.15,0.0,14.98331,28.44,,100.0,0.0,3.0,91.94856
2025-12-08 09:00:00+00:00,10.55,0.0,13.125196,28.08,,100.0,0.0,3.0,89.22562
2025-12-08 10:00:00+00:00,11.65,0.0,9.847496,24.84,,95.0,0.0,3.0,86.65921
2025-12-08 11:00:00+00:00,12.9,0.0,11.236671,24.48,,98.0,0.0,3.0,78.75937
2025-12-08 12:00:00+00:00,13.55,0.0,10.296251,26.28,,100.0,0.0,3.0,78.06712
2025-12-08 13:00:00+00:00,13.5,0.0,8.287822,21.599998,,100.0,0.0,3.0,79.37737
2025-12-08 14:00:00+00:00,13.05,0.0,8.93859,18.0,,100.0,0.0,3.0,82.28934
2025-12-08 15:00:00+00:00,11.95,0.0,9.021574,18.72,,99.0,0.0,3.0,86.39851
2025-12-08 16:00:00+00:00,10.05,0.0,5.904439,17.28,,100.0,0.0,3.0,92.2534
2025-12-08 17:00:00+00:00,9.3,0.3,5.8048253,11.159999,,100.0,0.0,51.0,93.46906
2025-12-08 18:00:00+00:00,10.15,0.0,8.089993,12.24,,100.0,0.0,3.0,97.032616
2025-12-08 19:00:00+00:00,8.9,0.0,8.297589,14.04,,100.0,0.0,3.0,98.99222
2025-12-08 20:00:00+00:00,8.2,0.0,6.898956,16.919998,,95.0,0.0,3.0,98.31609
2025-12-08 21:00:00+00:00,7.0,0.0,1.3104197,12.24,,98.0,0.0,3.0,100.0
2025-12-08 22:00:00+00:00,6.45,0.0,2.4482646,3.96,,98.0,0.0,3.0,99.65643
2025-12-08 23:00:00+00:00,6.1,0.0,2.3051248,3.6,,98.0,0.0,3.0,100.0
2025-12-09 00:00:00+00:00,6.2,0.0,3.693291,10.799999,,96.0,0.0,3.0,98.970375
2025-12-09 01:00:00+00:00,5.85,0.0,3.5864744,9.72,,100.0,0.0,3.0,98.9675
2025-12-09 02:00:00+00:00,5.0,0.0,0.71999997,6.8399997,,100.0,0.0,3.0,100.0
2025-12-09 03:00:00+00:00,4.7,0.0,0.71999997,2.16,,100.0,0.0,3.0,100.0
2025-12-09 04:00:00+00:00,4.7,0.0,2.5772078,6.8399997,,100.0,0.0,3.0,100.0
2025-12-09 05:00:00+00:00,4.2,0.0,2.5455842,9.0,,100.0,0.0,3.0,100.0
2025-12-09 06:00:00+00:00,4.85,0.0,2.5772076,6.4799995,,100.0,0.0,3.0,100.0
2025-12-09 07:00:00+00:00,4.75,0.0,4.3349743,12.24,,100.0,0.0,3.0,100.0
2025-12-09 08:00:00+00:00,4.85,0.0,5.8298883,14.04,,100.0,0.0,3.0,99.65199
2025-12-09 09:00:00+00:00,5.25,0.0,5.1197267,14.759999,,100.0,0.0,3.0,97.93456
2025-12-09 10:00:00+00:00,6.1,0.0,2.6999998,14.4,,100.0,0.0,3.0,96.601585
2025-12-09 11:00:00+00:00,7.75,0.0,2.9024127,11.879999,,98.0,0.0,3.0,90.85695
2025-12-09 12:00:00+00:00,8.35,0.0,2.5455842,11.5199995,,9.0,0.0,0.0,89.046364
2025-12-09 13:00:00+00:00,9.05,0.0,2.6208394,11.5199995,,80.0,0.0,3.0,84.93124
2025-12-09 14:00:00+00:00,9.0,0.0,3.2048087,10.440001,,86.0,0.0,3.0,83.47738
2025-12-09 15:00:00+00:00,6.95,0.0,2.4482646,8.64,,90.0,0.0,3.0,91.11615
2025-12-09 16:00:00+00:00,5.05,0.0,2.7059932,5.3999996,,95.0,0.0,3.0,95.900475
2025-12-09 17:00:00+00:00,4.45,0.0,0.56920993,5.04,,93.0,0.0,3.0,96.8964
2025-12-09 18:00:00+00:00,4.55,0.0,2.0523157,4.68,,100.0,0.0,3.0,100.0
2025-12-09 19:00:00+00:00,4.95,0.0,1.4512063,7.2,,100.0,0.0,3.0,100.0
2025-12-09 20:00:00+00:00,4.6,0.0,1.98,5.7599998,,100.0,0.0,3.0,100.0
2025-12-09 21:00:00+00:00,4.15,0.0,4.278551,10.08,,100.0,0.0,3.0,99.65001
2025-12-09 22:00:00+00:00,3.85,0.0,5.223103,11.159999,,100.0,0.0,3.0,97.56697
2025-12-09 23:00:00+00:00,2.75,0.0,4.3349743,11.879999,,100.0,0.0,3.0,96.509865
2025-12-10 00:00:00+00:00,3.25,0.0,0.9,10.440001,,100.0,0.0,3.0,99.64747
2025-12-10 01:00:00+00:00,2.85,0.0,0.9,4.68,,100.0,0.0,3.0,100.0
2025-12-10 02:00:00+00:00,2.5,0.0,0.71999997,4.32,,100.0,0.0,3.0,99.64531
2025-12-10 03:00:00+00:00,1.9,0.0,2.0124612,5.04,,100.0,0.0,3.0,99.64358
2025-12-10 04:00:00+00:00,1.65,0.0,3.1072817,6.8399997,,100.0,0.0,3.0,98.225494
2025-12-10 05:00:00+00:00,1.35,0.0,3.4152596,7.5599995,,92.0,0.0,3.0,96.47044
2025-12-10 06:00:00+00:00,1.7,0.0,2.97953,7.5599995,,100.0,0.0,3.0,97.52455
2025-12-10 07:00:00+00:00,2.0,0.0,4.0249224,9.0,,99.0,0.0,3.0,95.11524
2025-12-10 08:00:00+00:00,2.75,0.0,3.362677,9.36,,99.0,0.0,3.0,91.476814
2025-12-10 09:00:00+00:00,3.7,0.0,3.2399998,9.72,,99.0,0.0,3.0,89.28726
2025-12-10 10:00:00+00:00,4.95,0.0,3.4763772,11.159999,,92.0,0.0,3.0,90.97859
2025-12-10 11:00:00+00:00,6.2,0.0,3.0652895,11.159999,,98.0,0.0,3.0,91.38282
2025-12-10 12:00:00+00:00,6.5,0.0,1.1525624,11.159999,,83.0,0.0,3.0,89.82639
2025-12-10 13:00:00+00:00,7.6,0.0,3.362677,10.08,,84.0,0.0,3.0,84.47548
2025-12-10 14:00:00+00:00,8.45,0.0,4.942631,11.159999,,90.0,0.0,3.0,81.695786
2025-12-10 15:00:00+00:00,7.2,0.0,4.802999,10.799999,,63.0,0.0,2.0,88.642975
2025-12-10 16:00:00+00:00,5.35,0.0,5.9644947,11.159999,,100.0,0.0,3.0,90.68747
2025-12-10 17:00:00+00:00,4.3,0.0,5.0432134,11.159999,,100.0,0.0,3.0,91.57895
2025-12-10 18:00:00+00:00,4.45,0.0,5.04,8.64,,99.0,0.0,3.0,94.54171
2025-12-10 19:00:00+00:00,3.95,0.0,4.6938252,9.36,,100.0,0.0,3.0,94.854706
2025-12-10 20:00:00+00:00,3.8,0.0,4.68,8.28,,99.0,0.0,3.0,95.5216
2025-12-10 21:00:00+00:00,4.25,0.0,4.1046314,8.64,,100.0,0.0,3.0,96.551384
2025-12-10 22:00:00+00:00,4.55,0.0,6.0721655,10.799999,,100.0,0.0,3.0,96.22139
2025-12-10 23:00:00+00:00,4.45,0.0,6.8541956,12.959999,,100.0,0.0,3.0,95.20925
2025-12-11 00:00:00+00:00,4.9,0.0,1.1525624,12.24,,100.0,0.0,3.0,93.89986
2025-12-11 01:00:00+00:00,5.2,0.1,0.6489992,3.2399998,,100.0,0.0,51.0,92.60712
2025-12-11 02:00:00+00:00,5.2,0.1,5.257109,9.0,,100.0,0.0,51.0,92.60712
2025-12-11 03:00:00+00:00,5.4,0.0,3.4763772,11.5199995,,100.0,0.0,3.0,90.37325
2025-12-11 04:00:00+00:00,5.25,0.1,2.5264204,5.3999996,,100.0,0.0,51.0,90.36217
2025-12-11 05:00:00+00:00,3.8,0.0,4.143911,6.4799995,,100.0,0.0,3.0,93.84699
2025-12-11 06:00:00+00:00,4.95,0.0,4.2021427,7.92,,91.0,0.0,3.0,98.27203
2025-12-11 07:00:00+00:00,4.1,0.0,4.755544,8.28,,100.0,0.0,3.0,99.30085
2025-12-11 08:00:00+00:00,4.55,0.0,7.8087645,14.4,,100.0,0.0,3.0,99.651146
2025-12-11 09:00:00+00:00,5.15,0.0,5.876938,14.759999,,100.0,0.0,3.0,98.61769
2025-12-11 10:00:00+00:00,6.1,0.0,5.7431,14.759999,,100.0,0.0,3.0,97.9485
2025-12-11 11:00:00+00:00,7.4,0.0,5.1919937,15.119999,,100.0,0.0,3.0,93.37276
2025-12-11 12:00:00+00:00,7.45,0.0,6.7205353,14.759999,,100.0,0.0,3.0,93.37533
2025-12-11 13:00:00+00:00,7.55,0.0,6.4624763,18.0,,100.0,0.0,3.0,92.74028
2025-12-11 14:00:00+00:00,7.2,0.0,6.28713,16.199999,,100.0,0.0,3.0,94.65796
2025-12-11 15:00:00+00:00,6.75,0.0,5.1826253,14.759999,,100.0,0.0,3.0,98.296646
2025-12-11 16:00:00+00:00,6.05,0.0,4.7928696,10.440001,,100.0,0.0,3.0,100.0
2025-12-11 17:00:00+00:00,6.25,0.0,5.12289,10.08,,100.0,0.0,3.0,98.97079
2025-12-11 18:00:00+00:00,6.7,0.0,3.7585104,9.72,,100.0,0.0,3.0,100.0
2025-12-11 19:00:00+00:00,6.95,0.0,2.5071096,6.8399997,,100.0,0.0,3.0,99.65781
2025-12-11 20:00:00+00:00,6.5,0.0,2.36753,4.68,,100.0,0.0,3.0,100.0
2025-12-11 21:00:00+00:00,6.05,0.0,2.4482646,4.32,,100.0,0.0,3.0,100.0
2025-12-11 22:00:00+00:00,6.0,0.0,1.2979984,4.32,,100.0,0.0,3.0,99.6552
2025-12-11 23:00:00+00:00,5.5,0.0,1.5484185,2.16,,100.0,0.0,3.0,100.0
2025-12-12 00:00:00+00:00,5.25,0.0,0.17999999,2.16,,100.0,0.0,3.0,100.0
2025-12-12 01:00:00+00:00,5.4,0.0,2.907989,7.5599995,,100.0,0.0,3.0,99.30811
2025-12-12 02:00:00+00:00,5.1,0.0,4.6730714,11.5199995,,100.0,0.0,3.0,98.2741
2025-12-12 03:00:00+00:00,4.95,0.0,4.8466477,11.879999,,100.0,0.0,3.0,97.24798
2025-12-12 04:00:00+00:00,4.7,0.0,5.2478566,11.879999,,100.0,0.0,3.0,97.24248
2025-12-12 05:00:00+00:00,4.45,0.0,3.9477081,11.5199995,,100.0,0.0,3.0,97.57862
2025-12-12 06:00:00+00:00,4.5,0.0,1.9469976,9.0,,100.0,0.0,3.0,99.99999
2025-12-12 07:00:00+00:00,4.35,0.0,2.0364676,6.12,,100.0,0.0,3.0,99.302246
2025-12-12 08:00:00+00:00,4.5,0.0,3.143565,9.0,,100.0,0.0,3.0,98.265785
2025-12-12 09:00:00+00:00,4.95,0.0,3.7585104,10.799999,,100.0,0.0,3.0,98.27203
2025-12-12 10:00:00+00:00,5.75,0.0,4.8366103,12.959999,,100.0,0.0,3.0,91.99378
2025-12-12 11:00:00+00:00,6.75,0.0,6.3690495,16.56,,64.0,0.0,2.0,87.073875
2025-12-12 12:00:00+00:00,6.35,0.0,4.7928696,17.28,,99.0,0.0,3.0,90.443054
2025-12-12 13:00:00+00:00,6.75,0.0,4.9785542,14.759999,,100.0,0.0,3.0,89.223114
2025-12-12 14:00:00+00:00,6.55,0.0,4.39436,14.04,,100.0,0.0,3.0,90.77279
2025-12-12 15:00:00+00:00,5.85,0.0,3.7842832,11.879999,,100.0,0.0,3.0,95.261795
2025-12-12 16:00:00+00:00,4.65,0.0,4.379589,8.64,,100.0,0.0,3.0,99.30394
2025-12-12 17:00:00+00:00,4.0,0.0,3.2399998,8.28,,100.0,0.0,3.0,99.6496
2025-12-12 18:00:00+00:00,4.75,0.0,1.609969,5.3999996,,100.0,0.0,3.0,99.3045
2025-12-12 19:00:00+00:00,4.75,0.0,1.0948973,6.4799995,,100.0,0.0,3.0,98.61327
2025-12-12 20:00:00+00:00,4.6,0.0,2.16,5.7599998,,100.0,0.0,3.0,97.240295
2025-12-12 21:00:00+00:00,4.6,0.0,2.5455842,7.5599995,,100.0,0.0,3.0,95.885864
2025-12-12 22:00:00+00:00,4.45,0.0,2.2768397,6.8399997,,100.0,0.0,3.0,96.21841
2025-12-12 23:00:00+00:00,4.25,0.0,2.226477,6.12,,100.0,0.0,3.0,96.89144
2025-12-13 00:00:00+00:00,4.05,0.0,2.4482648,7.92,,100.0,0.0,3.0,100.0
2025-12-13 01:00:00+00:00,3.95,0.0,3.62243,9.72,,100.0,0.0,3.0,99.299995
2025-12-13 02:00:00+00:00,3.9,0.0,3.710795,10.08,,100.0,0.0,3.0,97.91214
2025-12-13 03:00:00+00:00,3.75,0.0,4.0449967,10.08,,100.0,0.0,3.0,97.565025
2025-12-13 04:00:00+00:00,3.6,0.0,4.39436,10.799999,,100.0,0.0,3.0,98.25322
2025-12-13 05:00:00+00:00,3.3,0.0,4.1556225,10.799999,,100.0,0.0,3.0,98.94612
2025-12-13 06:00:00+00:00,3.2,0.0,3.4388947,10.440001,,100.0,0.0,3.0,100.0
2025-12-13 07:00:00+00:00,3.15,0.0,4.143911,9.72,,100.0,0.0,3.0,99.64716
2025-12-13 08:00:00+00:00,3.2,0.0,5.983477,14.04,,100.0,0.0,3.0,98.59587
2025-12-13 09:00:00+00:00,3.3,0.0,4.6938252,14.759999,,100.0,0.0,3.0,98.59701
2025-12-13 10:00:00+00:00,3.85,0.0,2.657668,12.599999,,100.0,0.0,3.0,97.91131
2025-12-13 11:00:00+00:00,5.15,0.0,2.7238941,11.5199995,,100.0,0.0,3.0,93.25598
2025-12-13 12:00:00+00:00,4.15,0.0,4.452954,12.599999,,100.0,0.0,3.0,96.20937
2025-12-13 13:00:00+00:00,4.85,0.0,3.4199998,13.32,,100.0,0.0,3.0,93.56834
2025-12-13 14:00:00+00:00,5.05,0.0,4.4274144,11.879999,,94.0,0.0,3.0,91.95031
2025-12-13 15:00:00+00:00,4.7,0.0,1.4512063,11.879999,,16.0,0.0,0.0,94.552444
2025-12-13 16:00:00+00:00,2.75,0.0,0.8049845,2.52,,0.0,0.0,0.0,98.24121
2025-12-13 17:00:00+00:00,1.8,0.0,3.8141315,7.2,,47.0,0.0,1.0,100.0
2025-12-13 18:00:00+00:00,3.9,0.0,4.3536186,9.72,,100.0,0.0,3.0,99.299706
2025-12-13 19:00:00+00:00,3.75,0.0,3.0652893,10.08,,100.0,0.0,3.0,99.648895
2025-12-13 20:00:00+00:00,3.4,0.0,2.5071096,7.5599995,,100.0,0.0,3.0,99.64789
2025-12-13 21:00:00+00:00,3.05,0.0,2.1749482,8.28,,100.0,0.0,3.0,100.0
2025-12-13 22:00:00+00:00,2.9,0.0,2.5772076,8.28,,100.0,0.0,3.0,99.29402
2025-12-13 23:00:00+00:00,2.7,0.0,2.3469129,7.92,,100.0,0.0,3.0,98.94098
2025-12-14 00:00:00+00:00,2.2,0.0,2.0523157,7.2,,100.0,0.0,3.0,99.64445
2025-12-14 01:00:00+00:00,2.2,0.0,2.9024127,9.0,,100.0,0.0,3.0,98.93669
2025-12-14 02:00:00+00:00,2.35,0.0,3.1072817,10.440001,,100.0,0.0,3.0,99.644875
2025-12-14 03:00:00+00:00,2.3,0.0,5.0911684,12.959999,,100.0,0.0,3.0,100.0
2025-12-14 04:00:00+00:00,2.3,0.0,6.1226463,14.04,,100.0,0.0,3.0,100.0
2025-12-14 05:00:00+00:00,2.25,0.0,4.5322843,14.4,,100.0,0.0,3.0,100.0
2025-12-14 06:00:00+00:00,1.85,0.0,2.0364676,11.159999,,100.0,0.0,3.0,100.0
2025-12-14 07:00:00+00:00,1.85,0.0,0.54,7.5599995,,100.0,0.0,3.0,99.64342
2025-12-14 08:00:00+00:00,2.05,0.0,1.6981165,7.5599995,,100.0,0.0,3.0,100.0
2025-12-14 09:00:00+00:00,2.6,0.0,1.9881649,7.92,,100.0,0.0,3.0,98.239075
2025-12-14 10:00:00+00:00,2.85,0.0,1.8532133,9.0,,100.0,0.0,3.0,98.24264
2025-12-14 11:00:00+00:00,3.25,0.0,1.9134263,10.08,,100.0,0.0,3.0,97.90123
2025-12-14 12:00:00+00:00,2.35,0.0,2.9301877,11.159999,,100.0,0.0,3.0,97.190125
2025-12-14 13:00:00+00:00,3.0,0.0,1.2074767,11.159999,,100.0,0.0,3.0,95.49305
2025-12-14 14:00:00+00:00,3.0,0.0,1.7727944,8.64,,100.0,0.0,3.0,95.833244
2025-12-14 15:00:00+00:00,2.9,0.0,1.6981165,8.28,,100.0,0.0,3.0,95.82991
2025-12-14 16:00:00+00:00,2.2,0.0,1.2074767,5.7599998,,100.0,0.0,3.0,99.29
2025-12-14 17:00:00+00:00,2.05,0.0,1.2979984,3.2399998,,100.0,0.0,3.0,100.0
2025-12-14 18:00:00+00:00,2.0,0.0,1.9386592,6.4799995,,100.0,0.0,3.0,99.64387
2025-12-14 19:00:00+00:00,1.9,0.0,1.8532133,6.12,,100.0,0.0,3.0,98.58103
2025-12-14 20:00:00+00:00,1.8,0.0,1.659518,6.12,,100.0,0.0,3.0,98.22766
2025-12-14 21:00:00+00:00,1.45,0.0,1.7727944,6.12,,100.0,0.0,3.0,99.28566
2025-12-14 22:00:00+00:00,1.1,0.0,2.8460495,8.28,,100.0,0.0,3.0,99.64124
2025-12-14 23:00:00+00:00,1.1,0.0,2.657668,8.64,,100.0,0.0,3.0,98.92713
2025-12-15 00:00:00+00:00,0.65,0.0,3.3043609,8.28,,100.0,0.0,3.0,98.56654
2025-12-15 01:00:00+00:00,0.6,0.0,2.4149535,8.28,,100.0,0.0,3.0,98.922745
2025-12-15 02:00:00+00:00,0.55,0.0,2.8174455,8.28,,100.0,0.0,3.0,97.501396
2025-12-15 03:00:00+00:00,0.5,0.0,3.4763772,9.36,,100.0,0.0,3.0,96.796455
2025-12-15 04:00:00+00:00,0.3,0.0,3.8856654,10.08,,100.0,0.0,3.0,95.39471
2025-12-15 05:00:00+00:00,0.25,0.0,3.381893,10.08,,100.0,0.0,3.0,94.01366
2025-12-15 06:00:00+00:00,-0.35,0.0,2.0523157,9.36,,100.0,0.0,3.0,99.275055
2025-12-15 07:00:00+00:00,-0.1,0.0,2.5772076,7.92,,100.0,0.0,3.0,96.078094
2025-12-15 08:00:00+00:00,0.2,0.0,2.5582807,8.64,,100.0,0.0,3.0,94.35452
2025-12-15 09:00:00+00:00,0.25,0.0,2.4216523,9.36,,100.0,0.0,3.0,97.84968
2025-12-15 10:00:00+00:00,1.1,0.0,3.3092597,12.599999,,100.0,0.0,3.0,94.73694
2025-12-15 11:00:00+00:00,2.15,0.0,4.5,14.04,,100.0,0.0,3.0,92.0971
2025-12-15 12:00:00+00:00,2.0,0.0,5.634891,19.44,,91.0,0.0,3.0,89.46874
2025-12-15 13:00:00+00:00,2.45,0.0,8.297589,20.519999,,70.0,0.0,2.0,87.90736
2025-12-15 14:00:00+00:00,2.25,0.0,8.626865,21.96,,93.0,0.0,3.0,88.206825
2025-12-15 15:00:00+00:00,1.45,0.0,9.227524,20.16,,100.0,0.0,3.0,90.07488
2025-12-15 16:00:00+00:00,0.25,0.0,6.7205353,18.72,,100.0,0.0,3.0,94.701035
2025-12-15 17:00:00+00:00,-0.1,0.0,7.001514,14.4,,92.0,0.0,3.0,95.72842
2025-12-15 18:00:00+00:00,0.15,0.0,5.3999996,13.32,,100.0,0.0,3.0,100.0
2025-12-15 19:00:00+00:00,-0.15,0.0,3.9844694,12.599999,,100.0,0.0,3.0,99.637535
2025-12-15 20:00:00+00:00,-0.3,0.0,1.609969,9.72,,100.0,0.0,3.0,97.84002
2025-12-15 21:00:00+00:00,-0.35,0.0,1.5273507,5.7599998,,100.0,0.0,3.0,97.83914
2025-12-15 22:00:00+00:00,-0.55,0.0,1.484318,5.7599998,,100.0,0.0,3.0,99.273865
2025-12-15 23:00:00+00:00,-0.9,0.0,1.2727921,4.68,,100.0,0.0,3.0,99.6353
2025-12-16 00:00:00+00:00,-1.15,0.0,2.5772076,3.6,,100.0,0.0,3.0,100.0
2025-12-16 01:00:00+00:00,-1.05,0.0,3.2846913,9.0,,100.0,0.0,3.0,100.0
2025-12-16 02:00:00+00:00,-1.0,0.0,3.494968,8.28,,100.0,0.0,3.0,99.27117
2025-12-16 03:00:00+00:00,-1.0,0.0,4.542994,9.36,,100.0,0.0,3.0,100.0
2025-12-16 04:00:00+00:00,-0.9,0.0,5.1481256,11.159999,,100.0,0.0,3.0,99.271774
2025-12-16 05:00:00+00:00,-0.85,0.0,6.015878,11.5199995,,99.0,0.0,3.0,99.27208
2025-12-16 06:00:00+00:00,-0.65,0.0,4.3349743,12.24,,100.0,0.0,3.0,98.91166
2025-12-16 07:00:00+00:00,-0.8,0.0,5.09435,10.08,,100.0,0.0,3.0,98.549446
2025-12-16 08:00:00+00:00,-0.2,0.0,4.39436,12.24,,100.0,0.0,3.0,97.131615
2025-12-16 09:00:00+00:00,0.7,0.0,5.796447,13.679999,,100.0,0.0,3.0,95.755844
2025-12-16 10:00:00+00:00,1.75,0.0,4.846648,13.32,,100.0,0.0,3.0,94.08471
2025-12-16 11:00:00+00:00,3.0,0.0,2.7475805,12.24,,100.0,0.0,3.0,87.32855
2025-12-16 12:00:00+00:00,2.3,0.0,3.4623692,10.440001,,100.0,0.0,3.0,88.21135
2025-12-16 13:00:00+00:00,2.25,0.0,1.8089776,14.4,,100.0,0.0,3.0,85.69103
2025-12-16 14:00:00+00:00,2.45,0.0,2.7416782,7.92,,100.0,0.0,3.0,84.17494
2025-12-16 15:00:00+00:00,0.75,0.0,2.8856194,7.5599995,,100.0,0.0,3.0,92.009605
2025-12-16 16:00:00+00:00,-0.3,0.0,4.514377,7.92,,100.0,0.0,3.0,94.677605
2025-12-16 17:00:00+00:00,-0.05,0.0,4.143911,8.64,,100.0,0.0,3.0,95.73014
2025-12-16 18:00:00+00:00,-0.35,0.0,1.4512063,7.92,,100.0,0.0,3.0,99.275055
2025-12-16 19:00:00+00:00,-0.85,0.0,1.9469976,3.6,,100.0,0.0,3.0,99.27208
2025-12-16 20:00:00+00:00,-0.5,0.0,3.396233,5.7599998,,100.0,0.0,3.0,98.553
2025-12-16 21:00:00+00:00,-0.3,0.0,3.8647635,9.72,,100.0,0.0,3.0,98.19711
2025-12-16 22:00:00+00:00,0.0,0.0,0.17999999,6.12,,100.0,0.0,3.0,97.8453
2025-12-16 23:00:00+00:00,-0.5,0.0,1.08,2.52,,100.0,0.0,3.0,97.836494
2025-12-17 00:00:00+00:00,-0.25,0.0,3.6447225,2.16,,100.0,0.0,3.0,97.8409
2025-12-17 01:00:00+00:00,-1.15,0.0,0.40249225,7.5599995,,100.0,0.0,3.0,99.27027
2025-12-17 02:00:00+00:00,-1.1,0.0,0.54,2.8799999,,100.0,0.0,3.0,98.90763
2025-12-17 03:00:00+00:00,-1.45,0.0,2.7475805,4.32,,100.0,0.0,3.0,98.54168
2025-12-17 04:00:00+00:00,-0.5,0.0,4.5322843,8.64,,100.0,0.0,3.0,98.553
2025-12-17 05:00:00+00:00,-0.25,0.0,3.2599385,8.64,,100.0,0.0,3.0,99.27565
2025-12-17 06:00:00+00:00,0.2,0.1,0.40249225,5.3999996,,100.0,0.0,51.0,99.27832
2025-12-17 07:00:00+00:00,-0.25,0.0,0.25455844,1.8,,100.0,0.0,3.0,99.27565
2025-12-17 08:00:00+00:00,0.6,0.0,0.9,2.16,,100.0,0.0,3.0,99.280685
2025-12-17 09:00:00+00:00,1.2,0.0,3.5455887,7.2,,100.0,0.0,3.0,98.57294
2025-12-17 10:00:00+00:00,2.05,0.0,2.1674871,10.08,,100.0,0.0,3.0,98.23123
2025-12-17 11:00:00+00:00,3.7,0.0,0.9178235,9.0,,100.0,0.0,3.0,93.51011
2025-12-17 12:00:00+00:00,2.65,0.0,1.8089776,8.64,,100.0,0.0,3.0,97.19689
2025-12-17 13:00:00+00:00,3.35,0.0,3.362677,8.28,,100.0,0.0,3.0,94.15913
2025-12-17 14:00:00+00:00,3.1,0.0,5.2200003,8.64,,100.0,0.0,3.0,95.49664
2025-12-17 15:00:00+00:00,2.6,0.0,7.8728137,12.959999,,100.0,0.0,3.0,98.239075
2025-12-17 16:00:00+00:00,2.45,0.0,6.9550843,13.679999,,87.0,0.0,3.0,97.19239
2025-12-17 17:00:00+00:00,2.25,0.0,1.5379207,11.159999,,98.0,0.0,3.0,96.84132
2025-12-17 18:00:00+00:00,2.65,0.0,0.25455844,2.8799999,,100.0,0.0,3.0,96.50709
2025-12-17 19:00:00+00:00,3.1,0.0,1.5273507,2.52,,100.0,0.0,3.0,95.15779
2025-12-17 20:00:00+00:00,3.2,0.0,3.244996,5.04,,100.0,0.0,3.0,96.5224
2025-12-17 21:00:00+00:00,3.05,0.0,0.9693296,5.04,,98.0,0.0,3.0,98.24547
2025-12-17 22:00:00+00:00,1.9,0.0,0.17999999,2.52,,100.0,0.0,3.0,100.0
2025-12-17 23:00:00+00:00,0.9,0.0,1.7727944,2.8799999,,97.0,0.0,3.0,99.28243
2025-12-18 00:00:00+00:00,0.6,0.0,0.9,3.6,,94.0,0.0,3.0,99.63976
2025-12-18 01:00:00+00:00,-0.2,0.0,0.6489992,1.8,,98.0,0.0,3.0,99.275955
2025-12-18 02:00:00+00:00,-0.35,0.0,0.56920993,1.8,,99.0,0.0,3.0,99.275055
2025-12-18 03:00:00+00:00,-0.5,0.0,3.0811036,5.3999996,,99.0,0.0,3.0,98.913
2025-12-18 04:00:00+00:00,-0.35,0.0,4.2021422,8.64,,100.0,0.0,3.0,99.275055
2025-12-18 05:00:00+00:00,-0.35,0.0,5.9834766,11.159999,,98.0,0.0,3.0,99.275055
2025-12-18 06:00:00+00:00,-0.65,0.0,1.1525624,11.879999,,100.0,0.0,3.0,100.0
2025-12-18 07:00:00+00:00,-1.05,0.0,2.2768397,3.96,,100.0,0.0,3.0,97.82675
2025-12-18 08:00:00+00:00,-0.5,0.0,1.7727944,6.4799995,,100.0,0.0,3.0,99.27416
2025-12-18 09:00:00+00:00,0.75,0.0,2.5455842,10.08,,98.0,0.0,3.0,100.0
2025-12-18 10:00:00+00:00,1.8,0.0,5.6521144,14.4,,100.0,0.0,3.0,97.52654
2025-12-18 11:00:00+00:00,2.4,0.0,5.8104043,16.56,,100.0,0.0,3.0,96.845116
2025-12-18 12:00:00+00:00,2.45,0.0,1.8,15.84,,100.0,0.0,3.0,98.58734
2025-12-18 13:00:00+00:00,3.15,0.0,2.8116899,11.879999,,100.0,0.0,3.0,94.82204
2025-12-18 14:00:00+00:00,3.1,0.0,2.3469129,10.440001,,99.0,0.0,3.0,95.83656
2025-12-18 15:00:00+00:00,1.6,0.0,5.771239,9.72,,100.0,0.0,3.0,100.0
2025-12-18 16:00:00+00:00,-0.5,0.0,4.39436,9.72,,100.0,0.0,3.0,100.0
2025-12-18 17:00:00+00:00,-0.3,0.0,4.323748,7.92,,98.0,0.0,3.0,99.27536
2025-12-18 18:00:00+00:00,0.15,0.0,0.9,7.2,,100.0,0.0,3.0,99.638435
2025-12-18 19:00:00+00:00,-0.05,0.0,3.9844694,8.64,,100.0,0.0,3.0,100.0
2025-12-18 20:00:00+00:00,-0.25,0.0,4.5,9.36,,100.0,0.0,3.0,100.0
2025-12-18 21:00:00+00:00,-0.25,0.0,3.0547013,9.72,,100.0,0.0,3.0,99.637245
2025-12-18 22:00:00+00:00,-0.4,0.0,1.2074767,8.64,,100.0,0.0,3.0,100.0
2025-12-18 23:00:00+00:00,-0.4,0.0,0.9693296,7.2,,100.0,0.0,3.0,99.636795
2025-12-19 00:00:00+00:00,-0.45,0.0,3.06,6.8399997,,100.0,0.0,3.0,99.63665
2025-12-19 01:00:00+00:00,-0.4,0.0,2.8856194,7.2,,100.0,0.0,3.0,99.636795
2025-12-19 02:00:00+00:00,-0.45,0.0,3.563818,9.36,,100.0,0.0,3.0,99.63665
2025-12-19 03:00:00+00:00,-0.85,0.0,1.0182338,9.36,,100.0,0.0,3.0,98.909874
2025-12-19 04:00:00+00:00,-1.05,0.0,1.2727921,3.96,,100.0,0.0,3.0,99.270874
2025-12-19 05:00:00+00:00,-0.85,0.0,2.5582807,7.2,,100.0,0.0,3.0,99.63545
2025-12-19 06:00:00+00:00,-0.7,0.0,3.7064266,9.0,,100.0,0.0,3.0,99.635895
2025-12-19 07:00:00+00:00,-1.0,0.0,3.7585104,8.64,,100.0,0.0,3.0,99.27117
2025-12-19 08:00:00+00:00,-0.45,0.0,3.438895,10.799999,,100.0,0.0,3.0,99.63665
2025-12-19 09:00:00+00:00,0.45,0.0,0.35999998,7.92,,100.0,0.0,3.0,98.56419
2025-12-19 10:00:00+00:00,1.6,0.0,2.995797,10.440001,,100.0,0.0,3.0,97.1731
2025-12-19 11:00:00+00:00,2.95,0.0,1.3708391,11.159999,,100.0,0.0,3.0,93.138824
2025-12-19 12:00:00+00:00,3.4,0.0,2.7534704,12.599999,,100.0,0.0,3.0,94.16143
2025-12-19 13:00:00+00:00,3.2,0.0,3.7842832,9.0,,100.0,0.0,3.0,92.82109
2025-12-19 14:00:00+00:00,2.95,0.0,4.846648,10.08,,98.0,0.0,3.0,93.805664
2025-12-19 15:00:00+00:00,1.5,0.0,4.2136917,8.64,,99.0,0.0,3.0,98.223335
2025-12-19 16:00:00+00:00,0.8,0.0,3.8647635,5.7599998,,100.0,0.0,3.0,98.56829
2025-12-19 17:00:00+00:00,1.0,0.0,1.9386592,5.3999996,,100.0,0.0,3.0,97.15936
2025-12-19 18:00:00+00:00,1.4,0.0,0.54,3.2399998,,100.0,0.0,3.0,99.64212
2025-12-19 19:00:00+00:00,1.1,0.0,0.76367533,2.52,,100.0,0.0,3.0,99.64124
2025-12-19 20:00:00+00:00,1.0,0.0,5.6920996,11.159999,,100.0,0.0,3.0,99.64094
2025-12-19 21:00:00+00:00,0.5,0.0,4.412754,11.159999,,100.0,0.0,3.0,99.28009
2025-12-19 22:00:00+00:00,0.25,0.0,4.379589,8.64,,100.0,0.0,3.0,97.49531
2025-12-19 23:00:00+00:00,-0.05,0.0,4.5891175,9.72,,100.0,0.0,3.0,99.27685
2025-12-20 00:00:00+00:00,1.6,0.0,0.9178235,9.72,,100.0,0.0,3.0,100.0
2025-12-20 01:00:00+00:00,2.05,0.2,3.572898,8.28,,100.0,0.0,51.0,100.0
2025-12-20 02:00:00+00:00,1.75,0.0,2.9024127,7.92,,100.0,0.0,3.0,99.643135
2025-12-20 03:00:00+00:00,1.75,0.0,2.2768397,5.04,,100.0,0.0,3.0,100.0
2025-12-20 04:00:00+00:00,1.75,0.0,1.6299692,3.6,,100.0,0.0,3.0,99.643135
2025-12-20 05:00:00+00:00,1.5,0.0,5.0975285,13.32,,100.0,0.0,3.0,98.576416
2025-12-20 06:00:00+00:00,1.3,0.0,4.613762,9.72,,100.0,0.0,3.0,99.28478
2025-12-20 07:00:00+00:00,1.75,0.0,4.471107,10.440001,,100.0,0.0,3.0,98.932785
2025-12-20 08:00:00+00:00,1.95,0.0,2.6758924,7.92,,100.0,0.0,3.0,99.288574
2025-12-20 09:00:00+00:00,2.5,0.0,0.9693296,9.36,,100.0,0.0,3.0,100.0
2025-12-20 10:00:00+00:00,3.3,0.0,3.2846913,11.5199995,,100.0,0.0,3.0,97.90207
2025-12-20 11:00:00+00:00,3.9,0.0,3.9640884,13.32,,100.0,0.0,3.0,96.20183
2025-12-20 12:00:00+00:00,4.5,0.0,2.1897945,13.32,,100.0,0.0,3.0,94.21176
2025-12-20 13:00:00+00:00,5.65,0.0,1.5379207,11.5199995,,91.0,0.0,3.0,90.39169
2025-12-20 14:00:00+00:00,5.65,0.0,0.742159,9.0,,90.0,0.0,3.0,90.39169
2025-12-20 15:00:00+00:00,4.1,0.0,2.7059932,6.12,,40.0,0.0,1.0,97.22926
2025-12-20 16:00:00+00:00,2.15,0.0,2.8460498,4.68,,100.0,0.0,3.0,100.0
2025-12-20 17:00:00+00:00,1.5,0.0,3.9518096,6.12,,99.0,0.0,3.0,100.0
2025-12-20 18:00:00+00:00,2.4,0.0,4.846648,8.64,,100.0,0.0,3.0,99.64502
2025-12-20 19:00:00+00:00,2.35,0.0,4.510787,11.879999,,100.0,0.0,3.0,99.644875
2025-12-20 20:00:00+00:00,2.1,0.0,4.327493,9.36,,100.0,0.0,3.0,99.28943
2025-12-20 21:00:00+00:00,2.25,0.0,5.257109,12.24,,100.0,0.0,3.0,98.23409
2025-12-20 22:00:00+00:00,2.25,0.0,3.096837,11.879999,,100.0,0.0,3.0,98.93711
2025-12-20 23:00:00+00:00,2.0,0.0,1.9134263,7.92,,100.0,0.0,3.0,99.28886
2025-12-21 00:00:00+00:00,1.6,0.0,3.189608,5.7599998,,100.0,0.0,3.0,99.64271
2025-12-21 01:00:00+00:00,1.35,0.0,2.4014995,7.5599995,,100.0,0.0,3.0,99.64197
2025-12-21 02:00:00+00:00,1.3,0.0,1.9469976,7.2,,100.0,0.0,3.0,99.28478
2025-12-21 03:00:00+00:00,1.2,0.0,2.8116899,8.64,,100.0,0.0,3.0,98.219
2025-12-21 04:00:00+00:00,1.15,0.0,4.3274937,11.159999,,100.0,0.0,3.0,96.813225
2025-12-21 05:00:00+00:00,1.1,0.0,4.072935,11.159999,,100.0,0.0,3.0,96.81194
2025-12-21 06:00:00+00:00,0.65,0.0,5.0975285,12.24,,100.0,0.0,3.0,95.75414
2025-12-21 07:00:00+00:00,0.2,0.0,4.8433046,11.5199995,,100.0,0.0,3.0,98.561264
2025-12-21 08:00:00+00:00,0.35,0.0,5.4744864,13.32,,100.0,0.0,3.0,98.56302
2025-12-21 09:00:00+00:00,0.8,0.0,7.127636,16.199999,,100.0,0.0,3.0,99.28186
2025-12-21 10:00:00+00:00,1.35,0.0,9.299225,20.880001,,100.0,0.0,3.0,98.22117
2025-12-21 11:00:00+00:00,1.9,0.0,9.473541,21.599998,,99.0,0.0,3.0,96.83242
2025-12-21 12:00:00+00:00,2.4,0.0,9.144637,21.599998,,97.0,0.0,3.0,94.11512
2025-12-21 13:00:00+00:00,2.9,0.0,9.292255,21.599998,,98.0,0.0,3.0,91.81456
2025-12-21 14:00:00+00:00,3.25,0.0,8.155807,21.24,,69.0,0.0,2.0,89.25016
2025-12-21 15:00:00+00:00,2.8,0.0,6.4323244,17.64,,63.0,0.0,2.0,90.82719
2025-12-21 16:00:00+00:00,1.6,0.0,6.502461,12.24,,62.0,0.0,2.0,93.40177
2025-12-21 17:00:00+00:00,1.15,0.0,6.9153743,13.32,,73.0,0.0,2.0,93.37821
2025-12-21 18:00:00+00:00,1.1,0.0,8.92408,14.04,,90.0,0.0,3.0,97.512505
2025-12-21 19:00:00+00:00,0.55,0.0,8.604301,17.64,,93.0,0.0,3.0,98.9223
2025-12-21 20:00:00+00:00,0.3,0.0,6.9480934,16.56,,98.0,0.0,3.0,98.92009
2025-12-21 21:00:00+00:00,0.05,0.0,6.384293,13.32,,98.0,0.0,3.0,99.27743
2025-12-21 22:00:00+00:00,-0.35,0.0,5.48631,11.879999,,98.0,0.0,3.0,99.63695
2025-12-21 23:00:00+00:00,-0.4,0.0,5.495161,11.5199995,,100.0,0.0,3.0,99.636795
2025-12-22 00:00:00+00:00,-0.5,0.0,4.913044,10.799999,,100.0,0.0,3.0,99.63649
2025-12-22 01:00:00+00:00,-0.4,0.0,6.489992,13.679999,,100.0,0.0,3.0,99.636795
2025-12-22 02:00:00+00:00,-0.2,0.0,5.692099,12.959999,,100.0,0.0,3.0,100.0
2025-12-22 03:00:00+00:00,-0.2,0.0,3.644722,10.440001,,100.0,0.0,3.0,99.6374
2025-12-22 04:00:00+00:00,-0.6,0.0,4.724786,10.08,,100.0,0.0,3.0,99.27357
2025-12-22 05:00:00+00:00,-0.7,0.0,4.39436,10.440001,,100.0,0.0,3.0,99.635895
2025-12-22 06:00:00+00:00,-0.75,0.0,3.9640884,9.0,,100.0,0.0,3.0,99.27267
2025-12-22 07:00:00+00:00,-0.65,0.0,4.1046314,9.36,,100.0,0.0,3.0,98.551216
2025-12-22 08:00:00+00:00,-0.55,0.0,3.745557,10.08,,100.0,0.0,3.0,97.83561
2025-12-22 09:00:00+00:00,-0.15,0.0,3.745557,10.799999,,100.0,0.0,3.0,98.199326
2025-12-22 10:00:00+00:00,0.7,0.0,5.414979,14.759999,,100.0,0.0,3.0,96.80163
2025-12-22 11:00:00+00:00,1.7,0.0,6.0908127,16.199999,,100.0,0.0,3.0,93.07092
2025-12-22 12:00:00+00:00,0.9,0.0,7.1684303,17.64,,98.0,0.0,3.0,88.40576
2025-12-22 13:00:00+00:00,1.65,0.0,4.143911,17.28,,98.0,0.0,3.0,82.55809
2025-12-22 14:00:00+00:00,1.8,0.0,4.802999,13.32,,95.0,0.0,3.0,81.379265
2025-12-22 15:00:00+00:00,0.3,0.0,4.7657523,11.879999,,64.0,0.0,2.0,90.31538
2025-12-22 16:00:00+00:00,-1.2,0.0,6.050785,11.159999,,72.0,0.0,2.0,93.25311
2025-12-22 17:00:00+00:00,-1.75,0.0,5.7628117,11.159999,,81.0,0.0,3.0,91.50918
2025-12-22 18:00:00+00:00,-0.45,0.0,4.4565907,13.32,,100.0,0.0,3.0,97.83737
2025-12-22 19:00:00+00:00,-0.55,0.0,7.2403865,14.4,,99.0,0.0,3.0,98.193436
2025-12-22 20:00:00+00:00,-0.55,0.0,6.7469993,15.4800005,,100.0,0.0,3.0,98.193436
2025-12-22 21:00:00+00:00,-0.8,0.0,6.1437774,13.679999,,100.0,0.0,3.0,97.47381
2025-12-22 22:00:00+00:00,-1.15,0.0,7.491114,15.119999,,100.0,0.0,3.0,97.10935
2025-12-22 23:00:00+00:00,-1.3,0.0,6.048107,15.4800005,,100.0,0.0,3.0,96.749306
2025-12-23 00:00:00+00:00,-1.05,0.0,8.587338,13.679999,,100.0,0.0,3.0,99.270874
2025-12-23 01:00:00+00:00,-1.1,0.0,7.674842,18.0,,100.0,0.0,3.0,98.54587
2025-12-23 02:00:00+00:00,-1.15,0.0,7.386582,16.56,,100.0,0.0,3.0,98.18453
2025-12-23 03:00:00+00:00,-1.15,0.0,8.320986,17.64,,100.0,0.0,3.0,97.824974
2025-12-23 04:00:00+00:00,-0.95,0.0,9.299225,19.8,,100.0,0.0,3.0,96.75856
2025-12-23 05:00:00+00:00,-0.95,0.0,10.120099,21.24,,100.0,0.0,3.0,97.82853
2025-12-23 06:00:00+00:00,-0.85,0.0,9.473541,21.96,,100.0,0.0,3.0,97.47278
2025-12-23 07:00:00+00:00,-0.9,0.0,9.703319,20.16,,100.0,0.0,3.0,96.40568
2025-12-23 08:00:00+00:00,-0.85,0.0,10.195057,21.599998,,100.0,0.0,3.0,95.00237
2025-12-23 09:00:00+00:00,-0.75,0.0,11.966954,25.199999,,100.0,0.0,3.0,95.00639
2025-12-23 10:00:00+00:00,0.0,0.0,14.681866,30.239998,,100.0,0.0,3.0,90.95716
2025-12-23 11:00:00+00:00,0.85,0.0,15.172409,32.399998,,100.0,0.0,3.0,86.16718
2025-12-23 12:00:00+00:00,0.05,0.0,14.84318,32.399998,,100.0,0.0,3.0,88.32921
2025-12-23 13:00:00+00:00,0.65,0.0,14.761098,32.039997,,100.0,0.0,3.0,83.65077
2025-12-23 14:00:00+00:00,0.6,0.0,14.565548,31.68,,100.0,0.0,3.0,84.57303
2025-12-23 15:00:00+00:00,0.3,0.0,14.275713,30.960001,,100.0,0.0,3.0,86.744514
2025-12-23 16:00:00+00:00,-0.1,0.0,12.931218,28.8,,100.0,0.0,3.0,89.62424
2025-12-23 17:00:00+00:00,-0.05,0.0,12.886039,26.64,,100.0,0.0,3.0,89.6283
2025-12-23 18:00:00+00:00,0.1,0.0,13.647988,27.359999,,100.0,0.0,3.0,94.35001
2025-12-23 19:00:00+00:00,0.2,0.0,13.3649235,30.599998,,100.0,0.0,3.0,91.30476
2025-12-23 20:00:00+00:00,0.15,0.0,14.003028,28.44,,100.0,0.0,3.0,89.97371
2025-12-23 21:00:00+00:00,0.1,0.0,13.369771,28.44,,100.0,0.0,3.0,89.64044
2025-12-23 22:00:00+00:00,0.3,0.0,12.984975,28.8,,100.0,0.0,3.0,88.3518
2025-12-23 23:00:00+00:00,0.45,0.0,12.601285,26.64,,100.0,0.0,3.0,88.365326
2025-12-24 00:00:00+00:00,0.85,0.0,10.316686,27.359999,,100.0,0.0,3.0,89.04896
2025-12-24 01:00:00+00:00,1.05,0.0,12.330985,24.84,,100.0,0.0,3.0,88.74204
2025-12-24 02:00:00+00:00,1.1,0.1,12.85205,26.28,,100.0,0.0,51.0,88.74641
2025-12-24 03:00:00+00:00,1.1,0.1,13.276144,27.72,,100.0,0.0,51.0,89.395004
2025-12-24 04:00:00+00:00,1.3,0.1,14.009968,28.44,,100.0,0.0,51.0,90.39078
2025-12-24 05:00:00+00:00,1.4,0.1,15.413928,31.68,,100.0,0.0,51.0,91.71785
2025-12-24 06:00:00+00:00,1.5,0.1,13.624228,34.2,,100.0,0.0,51.0,96.4747
2025-12-24 07:00:00+00:00,1.25,0.2,17.728857,34.2,,100.0,0.0,51.0,96.120514
2025-12-24 08:00:00+00:00,0.95,0.1,20.808498,40.68,,100.0,0.0,51.0,94.046974
2025-12-24 09:00:00+00:00,0.7,0.1,21.533897,43.56,,100.0,0.0,51.0,92.00645
2025-12-24 10:00:00+00:00,0.8,0.0,21.996117,45.36,,100.0,0.0,3.0,87.1135
2025-12-24 11:00:00+00:00,0.8,0.0,23.507751,48.239998,,100.0,0.0,3.0,82.44706
2025-12-24 12:00:00+00:00,0.0,0.0,22.12536,54.36,,100.0,0.0,3.0,82.64729
2025-12-24 13:00:00+00:00,0.2,0.0,23.563505,48.96,,100.0,0.0,3.0,79.66526
2025-12-24 14:00:00+00:00,0.25,0.0,24.44954,52.199997,,100.0,0.0,3.0,77.9155
2025-12-24 15:00:00+00:00,-0.05,0.0,21.256008,51.12,,100.0,0.0,3.0,77.287994
2025-12-24 16:00:00+00:00,-0.45,0.1,22.66857,47.519997,,100.0,0.07,71.0,79.27088
2025-12-24 17:00:00+00:00,-0.6,0.0,24.216522,49.32,,100.0,0.0,3.0,79.24795
2025-12-24 18:00:00+00:00,0.0,0.0,21.528633,52.199997,,100.0,0.0,3.0,80.82817
2025-12-24 19:00:00+00:00,0.05,0.0,23.304268,47.519997,,100.0,0.0,3.0,78.174095
2025-12-24 20:00:00+00:00,0.05,0.0,23.904108,49.32,,100.0,0.0,3.0,77.5934
2025-12-24 21:00:00+00:00,0.05,0.0,22.392464,49.32,,100.0,0.0,3.0,77.30449
2025-12-24 22:00:00+00:00,-0.15,0.0,20.556284,46.44,,100.0,0.0,3.0,79.31665
2025-12-24 23:00:00+00:00,-0.15,0.0,20.775774,43.199997,,86.0,0.0,3.0,80.50679
2025-12-25 00:00:00+00:00,0.0,0.0,19.8,43.199997,,98.0,0.0,3.0,84.1909
2025-12-25 01:00:00+00:00,-0.3,0.0,19.48162,42.48,,86.0,0.0,3.0,82.30183
2025-12-25 02:00:00+00:00,-0.6,0.0,18.11841,41.760002,,84.0,0.0,3.0,82.56885
2025-12-25 03:00:00+00:00,-0.75,0.0,18.022486,39.6,,84.0,0.0,3.0,83.47699
2025-12-25 04:00:00+00:00,-0.7,0.0,16.458931,37.44,,71.0,0.0,2.0,83.79446
2025-12-25 05:00:00+00:00,-0.75,0.0,15.413928,33.839996,,62.0,0.0,2.0,84.728485
2025-12-25 06:00:00+00:00,-0.7,0.0,15.426535,32.399998,,88.0,0.0,3.0,86.321556
2025-12-25 07:00:00+00:00,-0.7,0.0,14.387619,33.48,,88.0,0.0,3.0,84.10671
2025-12-25 08:00:00+00:00,-0.85,0.0,14.383114,30.599998,,88.0,0.0,3.0,84.08859
2025-12-25 09:00:00+00:00,-0.45,0.0,14.84318,31.319998,,87.0,0.0,3.0,81.67169
2025-12-25 10:00:00+00:00,0.3,0.0,13.902015,31.319998,,67.0,0.0,2.0,79.38504
2025-12-25 11:00:00+00:00,1.4,0.0,13.115319,30.599998,,55.0,0.0,2.0,75.8262
2025-12-25 12:00:00+00:00,0.35,0.0,12.601285,29.519999,,82.0,0.0,3.0,79.98381
2025-12-25 13:00:00+00:00,1.05,0.0,11.638917,28.44,,56.0,0.0,2.0,75.765526
2025-12-25 14:00:00+00:00,0.9,0.0,10.185519,26.28,,39.0,0.0,1.0,73.79294
2025-12-25 15:00:00+00:00,0.35,0.0,9.037721,21.96,,41.0,0.0,1.0,75.08094
2025-12-25 16:00:00+00:00,-1.15,0.0,6.269067,18.0,,29.0,0.0,1.0,81.88138
2025-12-25 17:00:00+00:00,-1.8,0.0,7.596341,14.759999,,11.0,0.0,0.0,85.562065
2025-12-25 18:00:00+00:00,-0.9,0.0,9.449572,15.84,,86.0,0.0,3.0,88.57022
2025-12-25 19:00:00+00:00,-0.65,0.0,10.583326,23.039999,,91.0,0.0,3.0,87.29143
2025-12-25 20:00:00+00:00,-1.0,0.0,9.567131,22.319998,,98.0,0.0,3.0,89.21995
2025-12-25 21:00:00+00:00,-1.15,0.0,9.037721,20.880001,,81.0,0.0,3.0,90.87481
2025-12-25 22:00:00+00:00,-0.95,0.0,9.801326,20.519999,,95.0,0.0,3.0,90.55401
2025-12-25 23:00:00+00:00,-0.75,0.0,9.9408245,21.24,,98.0,0.0,3.0,90.235275
2025-12-26 00:00:00+00:00,-1.25,0.0,11.385622,21.96,,100.0,0.0,3.0,92.56401
2025-12-26 01:00:00+00:00,-1.4,0.0,9.178235,24.119999,,100.0,0.0,3.0,93.24231
2025-12-26 02:00:00+00:00,-1.45,0.0,10.703569,22.319998,,100.0,0.0,3.0,92.8953
2025-12-26 03:00:00+00:00,-1.5,0.0,12.097553,25.199999,,99.0,0.0,3.0,92.89246
2025-12-26 04:00:00+00:00,-1.55,0.0,12.483748,26.64,,96.0,0.0,3.0,92.88962
2025-12-26 05:00:00+00:00,-1.45,0.0,12.351987,25.919998,,100.0,0.0,3.0,92.55214
2025-12-26 06:00:00+00:00,-1.75,0.0,11.328566,25.56,,100.0,0.0,3.0,97.09515
2025-12-26 07:00:00+00:00,-1.9,0.0,9.957108,23.4,,100.0,0.0,3.0,97.09159
2025-12-26 08:00:00+00:00,-2.0,0.0,11.212135,24.119999,,100.0,0.0,3.0,96.7307
2025-12-26 09:00:00+00:00,-1.45,0.0,11.074023,24.48,,100.0,0.0,3.0,90.51668
2025-12-26 10:00:00+00:00,-0.55,0.0,11.200571,25.919998,,86.0,0.0,3.0,84.751755
2025-12-26 11:00:00+00:00,0.65,0.0,8.281956,24.84,,49.0,0.0,1.0,80.324554
2025-12-26 12:00:00+00:00,-1.0,0.0,10.210936,20.16,,100.0,0.0,3.0,86.933556
2025-12-26 13:00:00+00:00,-0.1,0.0,10.44,24.48,,92.0,0.0,3.0,80.2151
2025-12-26 14:00:00+00:00,0.4,0.0,8.65873,24.119999,,52.0,0.0,2.0,76.21846
2025-12-26 15:00:00+00:00,-0.2,0.0,5.6233797,19.44,,26.0,0.0,1.0,79.01387
2025-12-26 16:00:00+00:00,-2.35,0.0,5.3457265,11.159999,,61.0,0.0,2.0,87.45039
2025-12-26 17:00:00+00:00,-2.75,0.0,5.854844,11.159999,,71.0,0.0,2.0,88.071724
2025-12-26 18:00:00+00:00,-1.65,0.0,8.65873,14.4,,94.0,0.0,3.0,93.92182
2025-12-26 19:00:00+00:00,-1.55,0.0,8.688613,17.28,,99.0,0.0,3.0,92.88962
2025-12-26 20:00:00+00:00,-1.9,0.0,8.714677,17.64,,94.0,0.0,3.0,93.90958
2025-12-26 21:00:00+00:00,-1.7,0.0,9.037721,19.08,,98.0,0.0,3.0,93.22604
2025-12-26 22:00:00+00:00,-1.5,0.0,10.948973,22.319998,,98.0,0.0,3.0,91.86595
2025-12-26 23:00:00+00:00,-1.4,0.0,11.583108,24.119999,,97.0,0.0,3.0,90.85676
2025-12-27 00:00:00+00:00,-1.7,0.0,10.036512,23.759998,,100.0,0.0,3.0,91.173225
2025-12-27 01:00:00+00:00,-1.75,0.0,8.643749,21.599998,,98.0,0.0,3.0,89.82308
2025-12-27 02:00:00+00:00,-1.7,0.0,8.827344,19.44,,99.0,0.0,3.0,90.16196
2025-12-27 03:00:00+00:00,-1.7,0.0,7.289445,19.08,,99.0,0.0,3.0,91.173225
2025-12-27 04:00:00+00:00,-1.8,0.0,7.10031,16.199999,,98.0,0.0,3.0,92.531296
2025-12-27 05:00:00+00:00,-1.9,0.0,6.361415,16.199999,,99.0,0.0,3.0,93.90958
2025-12-27 06:00:00+00:00,-2.15,0.0,5.402999,14.04,,100.0,0.0,3.0,97.08563
2025-12-27 07:00:00+00:00,-2.35,0.0,5.2694216,13.32,,100.0,0.0,3.0,97.80345
2025-12-27 08:00:00+00:00,-2.15,0.0,5.5829024,14.04,,100.0,0.0,3.0,95.65692
2025-12-27 09:00:00+00:00,-1.55,0.0,6.1437774,15.84,,100.0,0.0,3.0,91.52265
2025-12-27 10:00:00+00:00,-0.75,0.0,3.9477081,15.84,,100.0,0.0,3.0,88.25648
2025-12-27 11:00:00+00:00,0.05,0.0,2.8460495,12.959999,,98.0,0.0,3.0,85.44969
2025-12-27 12:00:00+00:00,-1.15,0.0,1.9881649,11.879999,,99.0,0.0,3.0,87.24215
2025-12-27 13:00:00+00:00,0.05,0.0,1.7727944,10.799999,,74.0,0.0,2.0,78.4659
2025-12-27 14:00:00+00:00,0.1,0.0,0.0,10.440001,,9.0,0.0,0.0,77.891335
2025-12-27 15:00:00+00:00,-1.0,0.0,0.25455844,6.12,,14.0,0.0,0.0,85.015366
2025-12-27 16:00:00+00:00,-2.55,0.0,0.54,1.4399999,,20.0,0.0,1.0,88.75435
2025-12-27 17:00:00+00:00,-3.2,0.0,2.3051248,3.6,,21.0,0.0,1.0,91.41051
2025-12-27 18:00:00+00:00,-2.9,0.0,4.4456716,10.799999,,48.0,0.0,1.0,97.42998
2025-12-27 19:00:00+00:00,-3.1,0.0,3.9477081,8.28,,100.0,0.0,3.0,98.52169
2025-12-27 20:00:00+00:00,-2.15,0.0,3.7064266,10.08,,100.0,0.0,3.0,98.89814
2025-12-27 21:00:00+00:00,-1.9,0.0,3.536439,9.72,,100.0,0.0,3.0,98.173325
2025-12-27 22:00:00+00:00,-1.75,0.0,2.4014995,8.64,,100.0,0.0,3.0,97.45412
2025-12-27 23:00:00+00:00,-2.05,0.0,6.5520988,14.04,,100.0,0.0,3.0,97.08802
2025-12-28 00:00:00+00:00,-2.2,0.0,3.9518096,15.84,,100.0,0.0,3.0,97.80617
2025-12-28 01:00:00+00:00,-2.25,0.0,1.0495713,9.0,,100.0,0.0,3.0,97.44366
2025-12-28 02:00:00+00:00,-2.5,0.0,0.9,7.2,,100.0,0.0,3.0,97.43841
2025-12-28 03:00:00+00:00,-2.55,0.0,3.3481934,11.5199995,,100.0,0.0,3.0,95.99931
2025-12-28 04:00:00+00:00,-2.35,0.0,3.2048087,9.36,,99.0,0.0,3.0,95.64985
2025-12-28 05:00:00+00:00,-2.25,0.0,3.8183763,10.08,,98.0,0.0,3.0,95.65339
2025-12-28 06:00:00+00:00,-2.5,0.0,4.2136917,10.440001,,100.0,0.0,3.0,96.000946
2025-12-28 07:00:00+00:00,-2.6,0.0,6.638072,15.119999,,98.0,0.0,3.0,96.35556
2025-12-28 08:00:00+00:00,-2.3,0.0,7.6367526,17.28,,100.0,0.0,3.0,97.082054
2025-12-28 09:00:00+00:00,-1.6,0.0,9.037721,20.16,,100.0,0.0,3.0,96.030136
2025-12-28 10:00:00+00:00,-0.45,0.0,11.091564,24.84,,73.0,0.0,2.0,86.02885
2025-12-28 11:00:00+00:00,1.3,0.0,11.870451,28.08,,16.0,0.0,0.0,73.32031
2025-12-28 12:00:00+00:00,0.9,0.0,10.348043,27.359999,,38.0,0.0,1.0,70.5592
2025-12-28 13:00:00+00:00,1.35,0.0,10.571074,24.84,,16.0,0.0,0.0,66.295334
2025-12-28 14:00:00+00:00,1.5,0.0,10.946013,24.84,,10.0,0.0,0.0,65.34044
2025-12-28 15:00:00+00:00,0.55,0.0,8.274128,23.4,,9.0,0.0,0.0,71.553474
2025-12-28 16:00:00+00:00,-1.7,0.0,9.080639,16.919998,,5.0,0.0,0.0,85.25348
2025-12-28 17:00:00+00:00,-2.4,0.0,11.052058,21.24,,3.0,0.0,0.0,89.100876
2025-12-28 18:00:00+00:00,-1.35,0.0,10.692969,21.24,,98.0,0.0,3.0,89.19035
2025-12-28 19:00:00+00:00,-1.1,0.0,9.686609,22.319998,,100.0,0.0,3.0,88.55238
2025-12-28 20:00:00+00:00,-1.2,0.0,9.807935,21.96,,100.0,0.0,3.0,88.87271
2025-12-28 21:00:00+00:00,-1.2,0.0,8.297589,19.8,,100.0,0.0,3.0,88.87271
2025-12-28 22:00:00+00:00,-1.5,0.0,8.037761,17.64,,100.0,0.0,3.0,89.50981
2025-12-28 23:00:00+00:00,-1.75,0.0,6.489992,16.919998,,98.0,0.0,3.0,88.82472
2025-12-29 00:00:00+00:00,-2.35,0.0,4.68,13.679999,,100.0,0.0,3.0,88.43995
2025-12-29 01:00:00+00:00,-2.8,0.0,2.1897945,9.36,,100.0,0.0,3.0,90.414795
2025-12-29 02:00:00+00:00,-3.15,0.0,1.26,6.12,,100.0,0.0,3.0,94.20019
2025-12-29 03:00:00+00:00,-3.15,0.0,1.484318,5.3999996,,100.0,0.0,3.0,96.699776
2025-12-29 04:00:00+00:00,-3.15,0.0,0.9,5.7599998,,100.0,0.0,3.0,97.42468
2025-12-29 05:00:00+00:00,-3.05,0.0,1.6981165,6.4799995,,100.0,0.0,3.0,96.342125
2025-12-29 06:00:00+00:00,-2.95,0.0,3.0758414,8.28,,100.0,0.0,3.0,96.705185
2025-12-29 07:00:00+00:00,-2.85,0.0,3.143565,9.72,,100.0,0.0,3.0,95.6321
2025-12-29 08:00:00+00:00,-3.0,0.0,2.1068459,9.0,,100.0,0.0,3.0,95.9846
2025-12-29 09:00:00+00:00,-2.3,0.0,1.8,9.36,,100.0,0.0,3.0,91.13109
2025-12-29 10:00:00+00:00,-1.9,0.0,0.56920993,9.36,,100.0,0.0,3.0,90.8205
2025-12-29 11:00:00+00:00,-1.0,0.0,2.7943513,12.24,,100.0,0.0,3.0,85.96971
2025-12-29 12:00:00+00:00,-1.45,0.0,3.362677,14.04,,100.0,0.0,3.0,87.21245
2025-12-29 13:00:00+00:00,-0.7,0.0,2.50064,12.959999,,96.0,0.0,3.0,81.637375
2025-12-29 14:00:00+00:00,-0.55,0.0,1.1525624,11.5199995,,46.0,0.0,1.0,79.85023
2025-12-29 15:00:00+00:00,-1.25,0.0,0.56920993,7.92,,31.0,0.0,1.0,84.35459
2025-12-29 16:00:00+00:00,-2.7,0.0,0.56920993,1.8,,20.0,0.0,1.0,89.07512
2025-12-29 17:00:00+00:00,-3.1,0.0,1.4058449,2.8799999,,9.0,0.0,0.0,90.73262
2025-12-29 18:00:00+00:00,-3.15,0.0,1.8,2.8799999,,100.0,0.0,3.0,98.521095
2025-12-29 19:00:00+00:00,-3.35,0.0,2.226477,5.7599998,,100.0,0.0,3.0,98.151344
2025-12-29 20:00:00+00:00,-3.65,0.0,2.4482646,7.92,,100.0,0.0,3.0,97.04951
2025-12-29 21:00:00+00:00,-3.9,0.0,2.1674871,8.64,,100.0,0.0,3.0,97.77519
2025-12-29 22:00:00+00:00,-4.15,0.0,2.5582807,8.28,,100.0,0.0,3.0,97.77059
2025-12-29 23:00:00+00:00,-4.3,0.0,4.323748,11.879999,,100.0,0.0,3.0,97.767815
2025-12-30 00:00:00+00:00,-4.2,0.0,6.439876,13.32,,100.0,0.0,3.0,98.13828
2025-12-30 01:00:00+00:00,-3.45,0.0,4.829907,13.679999,,100.0,0.0,3.0,97.418304
2025-12-30 02:00:00+00:00,-2.85,0.0,8.61371,18.0,,100.0,0.0,3.0,94.56696
2025-12-30 03:00:00+00:00,-2.7,0.0,8.404285,20.880001,,98.0,0.0,3.0,90.76205
2025-12-30 04:00:00+00:00,-2.85,0.0,6.6818557,18.359999,,93.0,0.0,3.0,90.411
2025-12-30 05:00:00+00:00,-2.8,0.0,5.7431,14.759999,,95.0,0.0,3.0,89.066505
2025-12-30 06:00:00+00:00,-3.35,0.0,5.876938,13.32,,100.0,0.0,3.0,90.71415
2025-12-30 07:00:00+00:00,-3.2,0.0,7.3094187,16.56,,99.0,0.0,3.0,91.06731
2025-12-30 08:00:00+00:00,-2.65,0.0,8.297589,18.0,,100.0,0.0,3.0,88.41273
2025-12-30 09:00:00+00:00,-1.75,0.0,5.369916,19.08,,100.0,0.0,3.0,85.88848
2025-12-30 10:00:00+00:00,-0.8,0.0,5.7402787,15.119999,,99.0,0.0,3.0,83.16032
2025-12-30 11:00:00+00:00,0.25,0.0,10.837435,24.48,,71.0,0.0,2.0,77.9155
2025-12-30 12:00:00+00:00,0.75,0.0,10.075177,26.28,,95.0,0.0,3.0,66.91266
2025-12-30 13:00:00+00:00,0.85,0.0,9.67657,23.4,,70.0,0.0,2.0,62.057407
2025-12-30 14:00:00+00:00,0.8,0.0,9.673221,23.039999,,63.0,0.0,2.0,58.59633
2025-12-30 15:00:00+00:00,0.25,0.0,6.2379804,21.24,,88.0,0.0,3.0,58.452576
2025-12-30 16:00:00+00:00,-1.0,0.0,5.315336,12.959999,,100.0,0.0,3.0,64.510445
2025-12-30 17:00:00+00:00,-1.05,0.0,7.0591216,13.679999,,100.0,0.0,3.0,66.76283
2025-12-30 18:00:00+00:00,-1.3,0.0,5.4744864,18.359999,,100.0,0.0,3.0,74.78435
2025-12-30 19:00:00+00:00,-1.25,0.0,8.482947,16.199999,,100.0,0.0,3.0,75.93332
2025-12-30 20:00:00+00:00,-1.15,0.0,11.196232,22.68,,59.0,0.0,2.0,71.21321
2025-12-30 21:00:00+00:00,-2.2,0.0,9.449572,23.039999,,45.0,0.0,1.0,71.821495
2025-12-30 22:00:00+00:00,-2.65,0.0,8.373386,18.359999,,49.0,0.0,1.0,72.00798
2025-12-30 23:00:00+00:00,-2.9,0.0,8.6867485,17.28,,33.0,0.0,1.0,72.23597
2025-12-31 00:00:00+00:00,-3.9,0.0,8.181589,17.28,,65.0,0.0,2.0,77.53102
2025-12-31 01:00:00+00:00,-4.75,0.0,8.37532,16.56,,0.0,0.0,0.0,80.444435
2025-12-31 02:00:00+00:00,-5.25,0.0,7.973005,16.56,,0.0,0.0,0.0,81.31078
2025-12-31 03:00:00+00:00,-5.85,0.0,8.211235,16.199999,,16.0,0.0,0.0,82.49948
2025-12-31 04:00:00+00:00,-6.2,0.0,7.5019197,16.56,,3.0,0.0,0.0,82.13126
2025-12-31 05:00:00+00:00,-6.7,0.0,6.4096174,15.119999,,5.0,0.0,0.0,83.0322
2025-12-31 06:00:00+00:00,-7.25,0.0,5.48631,12.599999,,2.0,0.0,0.0,87.298195
2025-12-31 07:00:00+00:00,-8.2,0.0,5.5916004,10.799999,,2.0,0.0,0.0,87.89166
2025-12-31 08:00:00+00:00,-7.05,0.0,5.991594,11.5199995,,1.0,0.0,0.0,86.97809
2025-12-31 09:00:00+00:00,-5.0,0.0,5.4833565,14.4,,1.0,0.0,0.0,75.561195
2025-12-31 10:00:00+00:00,-2.9,0.0,6.601363,18.0,,0.0,0.0,0.0,63.06433
2025-12-31 11:00:00+00:00,-1.3,0.0,7.42159,20.880001,,0.0,0.0,0.0,50.597572
2025-12-31 12:00:00+00:00,-0.9,0.0,6.8777895,20.880001,,5.0,0.0,0.0,53.161755
2025-12-31 13:00:00+00:00,-0.4,0.0,5.994297,19.44,,1.0,0.0,0.0,46.820118
2025-12-31 14:00:00+00:00,-0.45,0.0,3.9966483,17.28,,0.0,0.0,0.0,43.74783
2025-12-31 15:00:00+00:00,-1.7,0.0,0.6489992,11.879999,,0.0,0.0,0.0,48.129044
2025-12-31 16:00:00+00:00,-3.3,0.0,0.5091169,1.4399999,,0.0,0.0,0.0,54.181625
2025-12-31 17:00:00+00:00,-4.0,0.0,0.71999997,1.4399999,,0.0,0.0,0.0,57.32006
2025-12-31 18:00:00+00:00,-4.5,0.0,2.4014995,3.6,,0.0,0.0,0.0,65.71299
2025-12-31 19:00:00+00:00,-5.55,0.0,2.1068459,3.96,,0.0,0.0,0.0,71.14293
2025-12-31 20:00:00+00:00,-5.6,0.0,1.0495713,3.6,,0.0,0.0,0.0,71.413666
2025-12-31 21:00:00+00:00,-5.9,0.0,1.6299692,2.8799999,,0.0,0.0,0.0,73.06226
2025-12-31 22:00:00+00:00,-6.05,0.0,2.0523157,3.6,,0.0,0.0,0.0,74.781
2025-12-31 23:00:00+00:00,-6.25,0.0,1.8,3.6,,0.0,0.0,0.0,74.74399
