time,temperature_C,precipitation_mm,wind_speed_kmh,month,day,hour
2025-10-01 00:00:00+00:00,7.9,0.0,7.5,10,1,0
2025-10-01 01:00:00+00:00,7.8,0.0,7.0,10,1,1
2025-10-01 02:00:00+00:00,8.0,0.0,7.7,10,1,2
2025-10-01 03:00:00+00:00,8.7,0.0,9.4,10,1,3
2025-10-01 04:00:00+00:00,8.7,0.0,10.5,10,1,4
2025-10-01 05:00:00+00:00,8.9,0.0,10.2,10,1,5
2025-10-01 06:00:00+00:00,8.9,0.0,10.1,10,1,6
2025-10-01 07:00:00+00:00,9.1,0.0,11.3,10,1,7
2025-10-01 08:00:00+00:00,9.6,0.0,10.9,10,1,8
2025-10-01 09:00:00+00:00,10.8,0.1,11.5,10,1,9
2025-10-01 10:00:00+00:00,11.6,0.0,10.9,10,1,10
2025-10-01 11:00:00+00:00,12.5,0.0,12.2,10,1,11
2025-10-01 12:00:00+00:00,13.1,0.0,11.3,10,1,12
2025-10-01 13:00:00+00:00,13.4,0.0,13.2,10,1,13
2025-10-01 14:00:00+00:00,13.2,0.0,14.3,10,1,14
2025-10-01 15:00:00+00:00,13.1,0.0,13.6,10,1,15
2025-10-01 16:00:00+00:00,12.1,0.0,11.5,10,1,16
2025-10-01 17:00:00+00:00,10.2,0.0,9.4,10,1,17
2025-10-01 18:00:00+00:00,9.1,0.0,11.0,10,1,18
2025-10-01 19:00:00+00:00,8.4,0.0,10.9,10,1,19
2025-10-01 20:00:00+00:00,7.8,0.0,11.8,10,1,20
2025-10-01 21:00:00+00:00,6.9,0.0,10.6,10,1,21
2025-10-01 22:00:00+00:00,6.2,0.0,9.9,10,1,22
2025-10-01 23:00:00+00:00,5.6,0.0,10.7,10,1,23
2025-10-02 00:00:00+00:00,4.8,0.0,10.3,10,2,0
2025-10-02 01:00:00+00:00,4.2,0.0,9.0,10,2,1
2025-10-02 02:00:00+00:00,3.9,0.0,8.0,10,2,2
2025-10-02 03:00:00+00:00,3.5,0.0,7.0,10,2,3
2025-10-02 04:00:00+00:00,3.2,0.0,6.4,10,2,4
2025-10-02 05:00:00+00:00,2.7,0.0,6.2,10,2,5
2025-10-02 06:00:00+00:00,3.0,0.0,7.1,10,2,6
2025-10-02 07:00:00+00:00,4.7,0.0,6.9,10,2,7
2025-10-02 08:00:00+00:00,6.9,0.0,11.5,10,2,8
2025-10-02 09:00:00+00:00,8.9,0.0,10.1,10,2,9
2025-10-02 10:00:00+00:00,10.1,0.0,9.7,10,2,10
2025-10-02 11:00:00+00:00,10.9,0.0,9.9,10,2,11
2025-10-02 12:00:00+00:00,11.9,0.0,9.6,10,2,12
2025-10-02 13:00:00+00:00,12.5,0.0,9.8,10,2,13
2025-10-02 14:00:00+00:00,12.6,0.0,9.8,10,2,14
2025-10-02 15:00:00+00:00,12.5,0.0,10.4,10,2,15
2025-10-02 16:00:00+00:00,11.8,0.0,6.4,10,2,16
2025-10-02 17:00:00+00:00,8.8,0.0,5.5,10,2,17
2025-10-02 18:00:00+00:00,8.1,0.0,6.6,10,2,18
2025-10-02 19:00:00+00:00,7.9,0.0,10.2,10,2,19
2025-10-02 20:00:00+00:00,7.1,0.0,10.4,10,2,20
2025-10-02 21:00:00+00:00,6.3,0.0,10.7,10,2,21
2025-10-02 22:00:00+00:00,5.7,0.0,9.8,10,2,22
2025-10-02 23:00:00+00:00,5.1,0.0,8.9,10,2,23
2025-10-03 00:00:00+00:00,3.4,0.0,5.5,10,3,0
2025-10-03 01:00:00+00:00,2.4,0.0,4.8,10,3,1
2025-10-03 02:00:00+00:00,2.2,0.0,2.4,10,3,2
2025-10-03 03:00:00+00:00,1.8,0.0,3.3,10,3,3
2025-10-03 04:00:00+00:00,1.5,0.0,3.8,10,3,4
2025-10-03 05:00:00+00:00,1.9,0.0,0.9,10,3,5
2025-10-03 06:00:00+00:00,2.5,0.0,1.1,10,3,6
2025-10-03 07:00:00+00:00,3.5,0.0,2.1,10,3,7
2025-10-03 08:00:00+00:00,5.3,0.0,1.6,10,3,8
2025-10-03 09:00:00+00:00,7.0,0.0,3.1,10,3,9
2025-10-03 10:00:00+00:00,8.6,0.0,2.2,10,3,10
2025-10-03 11:00:00+00:00,10.5,0.0,0.6,10,3,11
2025-10-03 12:00:00+00:00,10.5,0.0,3.9,10,3,12
2025-10-03 13:00:00+00:00,11.3,0.0,3.6,10,3,13
2025-10-03 14:00:00+00:00,11.6,0.0,1.6,10,3,14
2025-10-03 15:00:00+00:00,11.4,0.0,1.0,10,3,15
2025-10-03 16:00:00+00:00,11.0,0.0,1.5,10,3,16
2025-10-03 17:00:00+00:00,9.6,0.0,1.6,10,3,17
2025-10-03 18:00:00+00:00,8.8,0.0,1.0,10,3,18
2025-10-03 19:00:00+00:00,8.4,0.0,0.8,10,3,19
2025-10-03 20:00:00+00:00,7.9,0.0,3.9,10,3,20
2025-10-03 21:00:00+00:00,8.1,0.0,1.8,10,3,21
2025-10-03 22:00:00+00:00,8.4,0.0,1.7,10,3,22
2025-10-03 23:00:00+00:00,8.1,0.0,4.2,10,3,23
2025-10-04 00:00:00+00:00,8.7,0.0,4.6,10,4,0
2025-10-04 01:00:00+00:00,9.1,0.0,7.1,10,4,1
2025-10-04 02:00:00+00:00,9.4,0.0,6.5,10,4,2
2025-10-04 03:00:00+00:00,9.9,0.0,9.2,10,4,3
2025-10-04 04:00:00+00:00,10.9,0.0,12.8,10,4,4
2025-10-04 05:00:00+00:00,12.1,0.0,16.9,10,4,5
2025-10-04 06:00:00+00:00,11.8,0.0,14.9,10,4,6
2025-10-04 07:00:00+00:00,12.9,0.0,13.2,10,4,7
2025-10-04 08:00:00+00:00,13.4,0.0,15.8,10,4,8
2025-10-04 09:00:00+00:00,15.0,0.0,16.7,10,4,9
2025-10-04 10:00:00+00:00,16.9,0.0,15.6,10,4,10
2025-10-04 11:00:00+00:00,18.4,0.0,16.2,10,4,11
2025-10-04 12:00:00+00:00,18.5,0.0,18.2,10,4,12
2025-10-04 13:00:00+00:00,19.1,0.0,19.9,10,4,13
2025-10-04 14:00:00+00:00,16.1,1.6,26.7,10,4,14
2025-10-04 15:00:00+00:00,13.3,2.1,27.7,10,4,15
2025-10-04 16:00:00+00:00,11.3,2.2,22.5,10,4,16
2025-10-04 17:00:00+00:00,10.4,1.4,21.6,10,4,17
2025-10-04 18:00:00+00:00,10.4,0.3,20.0,10,4,18
2025-10-04 19:00:00+00:00,9.8,0.1,16.9,10,4,19
2025-10-04 20:00:00+00:00,8.8,0.0,14.9,10,4,20
2025-10-04 21:00:00+00:00,8.8,0.0,16.5,10,4,21
2025-10-04 22:00:00+00:00,8.4,0.1,14.1,10,4,22
2025-10-04 23:00:00+00:00,7.8,0.2,12.6,10,4,23
2025-10-05 00:00:00+00:00,7.3,0.1,12.6,10,5,0
2025-10-05 01:00:00+00:00,6.9,0.5,13.9,10,5,1
2025-10-05 02:00:00+00:00,6.6,0.1,12.2,10,5,2
2025-10-05 03:00:00+00:00,7.1,0.0,12.7,10,5,3
2025-10-05 04:00:00+00:00,6.7,0.1,11.8,10,5,4
2025-10-05 05:00:00+00:00,6.7,0.1,13.7,10,5,5
2025-10-05 06:00:00+00:00,6.8,0.1,15.6,10,5,6
2025-10-05 07:00:00+00:00,7.7,0.1,16.8,10,5,7
2025-10-05 08:00:00+00:00,8.8,0.0,16.7,10,5,8
2025-10-05 09:00:00+00:00,9.3,0.0,18.6,10,5,9
2025-10-05 10:00:00+00:00,10.4,0.0,21.1,10,5,10
2025-10-05 11:00:00+00:00,11.2,0.1,21.2,10,5,11
2025-10-05 12:00:00+00:00,9.8,0.1,17.1,10,5,12
2025-10-05 13:00:00+00:00,11.1,0.1,20.1,10,5,13
2025-10-05 14:00:00+00:00,11.1,0.1,17.7,10,5,14
2025-10-05 15:00:00+00:00,10.1,0.2,25.1,10,5,15
2025-10-05 16:00:00+00:00,9.1,0.0,17.7,10,5,16
2025-10-05 17:00:00+00:00,8.7,0.0,15.0,10,5,17
2025-10-05 18:00:00+00:00,8.4,0.2,13.0,10,5,18
2025-10-05 19:00:00+00:00,8.3,0.1,12.7,10,5,19
2025-10-05 20:00:00+00:00,7.9,0.0,14.4,10,5,20
2025-10-05 21:00:00+00:00,7.6,0.0,13.4,10,5,21
2025-10-05 22:00:00+00:00,7.4,0.0,12.4,10,5,22
2025-10-05 23:00:00+00:00,7.1,0.1,12.1,10,5,23
2025-10-06 00:00:00+00:00,7.2,0.2,12.7,10,6,0
2025-10-06 01:00:00+00:00,7.2,0.0,12.2,10,6,1
2025-10-06 02:00:00+00:00,6.8,0.1,10.7,10,6,2
2025-10-06 03:00:00+00:00,6.6,0.0,8.5,10,6,3
2025-10-06 04:00:00+00:00,6.3,0.0,9.0,10,6,4
2025-10-06 05:00:00+00:00,6.4,0.0,10.1,10,6,5
2025-10-06 06:00:00+00:00,7.1,0.0,11.7,10,6,6
2025-10-06 07:00:00+00:00,8.0,0.0,10.8,10,6,7
2025-10-06 08:00:00+00:00,9.3,0.0,13.4,10,6,8
2025-10-06 09:00:00+00:00,10.1,0.0,13.3,10,6,9
2025-10-06 10:00:00+00:00,11.4,0.0,12.6,10,6,10
2025-10-06 11:00:00+00:00,12.1,0.0,12.8,10,6,11
2025-10-06 12:00:00+00:00,12.6,0.0,12.3,10,6,12
2025-10-06 13:00:00+00:00,13.1,0.0,13.2,10,6,13
2025-10-06 14:00:00+00:00,12.9,0.0,11.5,10,6,14
2025-10-06 15:00:00+00:00,12.6,0.0,10.1,10,6,15
2025-10-06 16:00:00+00:00,11.6,0.0,7.4,10,6,16
2025-10-06 17:00:00+00:00,10.4,0.0,7.7,10,6,17
2025-10-06 18:00:00+00:00,9.9,0.0,4.0,10,6,18
2025-10-06 19:00:00+00:00,9.9,0.0,6.2,10,6,19
2025-10-06 20:00:00+00:00,9.9,0.0,7.8,10,6,20
2025-10-06 21:00:00+00:00,9.8,0.0,8.0,10,6,21
2025-10-06 22:00:00+00:00,9.6,0.1,6.7,10,6,22
2025-10-06 23:00:00+00:00,9.3,0.1,6.2,10,6,23
2025-10-07 00:00:00+00:00,9.1,0.0,4.7,10,7,0
2025-10-07 01:00:00+00:00,8.8,0.0,3.9,10,7,1
2025-10-07 02:00:00+00:00,8.4,0.0,1.0,10,7,2
2025-10-07 03:00:00+00:00,7.3,0.0,0.5,10,7,3
2025-10-07 04:00:00+00:00,6.6,0.0,1.0,10,7,4
2025-10-07 05:00:00+00:00,5.9,0.0,2.2,10,7,5
2025-10-07 06:00:00+00:00,7.5,0.0,3.8,10,7,6
2025-10-07 07:00:00+00:00,9.2,0.0,2.0,10,7,7
2025-10-07 08:00:00+00:00,11.0,0.0,2.6,10,7,8
2025-10-07 09:00:00+00:00,12.4,0.0,3.6,10,7,9
2025-10-07 10:00:00+00:00,13.8,0.0,5.0,10,7,10
2025-10-07 11:00:00+00:00,14.9,0.0,6.6,10,7,11
2025-10-07 12:00:00+00:00,15.7,0.0,8.3,10,7,12
2025-10-07 13:00:00+00:00,16.0,0.0,8.7,10,7,13
2025-10-07 14:00:00+00:00,15.8,0.0,8.4,10,7,14
2025-10-07 15:00:00+00:00,15.2,0.0,9.2,10,7,15
2025-10-07 16:00:00+00:00,14.2,0.0,7.0,10,7,16
2025-10-07 17:00:00+00:00,11.6,0.0,5.9,10,7,17
2025-10-07 18:00:00+00:00,11.4,0.0,7.1,10,7,18
2025-10-07 19:00:00+00:00,11.4,0.0,8.7,10,7,19
2025-10-07 20:00:00+00:00,10.7,0.0,7.5,10,7,20
2025-10-07 21:00:00+00:00,10.1,0.0,7.7,10,7,21
2025-10-07 22:00:00+00:00,9.6,0.0,8.0,10,7,22
2025-10-07 23:00:00+00:00,9.2,0.0,8.0,10,7,23
2025-10-08 00:00:00+00:00,8.1,0.0,5.4,10,8,0
2025-10-08 01:00:00+00:00,7.2,0.0,4.6,10,8,1
2025-10-08 02:00:00+00:00,6.7,0.0,4.2,10,8,2
2025-10-08 03:00:00+00:00,6.4,0.0,4.4,10,8,3
2025-10-08 04:00:00+00:00,6.1,0.0,4.3,10,8,4
2025-10-08 05:00:00+00:00,5.9,0.0,2.2,10,8,5
2025-10-08 06:00:00+00:00,6.1,0.0,2.5,10,8,6
2025-10-08 07:00:00+00:00,7.4,0.0,2.4,10,8,7
2025-10-08 08:00:00+00:00,9.1,0.0,1.8,10,8,8
2025-10-08 09:00:00+00:00,11.4,0.0,2.7,10,8,9
2025-10-08 10:00:00+00:00,13.2,0.0,2.4,10,8,10
2025-10-08 11:00:00+00:00,14.6,0.0,2.3,10,8,11
2025-10-08 12:00:00+00:00,14.2,0.0,2.4,10,8,12
2025-10-08 13:00:00+00:00,15.1,0.0,2.8,10,8,13
2025-10-08 14:00:00+00:00,15.4,0.0,3.5,10,8,14
2025-10-08 15:00:00+00:00,15.1,0.0,3.7,10,8,15
2025-10-08 16:00:00+00:00,13.9,0.0,3.1,10,8,16
2025-10-08 17:00:00+00:00,11.4,0.0,2.9,10,8,17
2025-10-08 18:00:00+00:00,10.9,0.0,4.2,10,8,18
2025-10-08 19:00:00+00:00,10.4,0.0,4.3,10,8,19
2025-10-08 20:00:00+00:00,10.1,0.0,4.7,10,8,20
2025-10-08 21:00:00+00:00,10.2,0.0,4.3,10,8,21
2025-10-08 22:00:00+00:00,9.6,0.0,2.7,10,8,22
2025-10-08 23:00:00+00:00,9.1,0.0,2.3,10,8,23
2025-10-09 00:00:00+00:00,10.3,0.0,3.3,10,9,0
2025-10-09 01:00:00+00:00,10.1,0.0,2.9,10,9,1
2025-10-09 02:00:00+00:00,10.1,0.0,2.7,10,9,2
2025-10-09 03:00:00+00:00,10.2,0.0,3.5,10,9,3
2025-10-09 04:00:00+00:00,10.2,0.0,3.9,10,9,4
2025-10-09 05:00:00+00:00,10.1,0.0,3.0,10,9,5
2025-10-09 06:00:00+00:00,10.2,0.0,3.7,10,9,6
2025-10-09 07:00:00+00:00,10.8,0.1,3.6,10,9,7
2025-10-09 08:00:00+00:00,11.4,0.1,3.1,10,9,8
2025-10-09 09:00:00+00:00,12.2,0.1,2.3,10,9,9
2025-10-09 10:00:00+00:00,13.1,0.1,1.8,10,9,10
2025-10-09 11:00:00+00:00,13.9,0.1,2.3,10,9,11
2025-10-09 12:00:00+00:00,13.9,0.0,5.3,10,9,12
2025-10-09 13:00:00+00:00,14.2,0.0,6.4,10,9,13
2025-10-09 14:00:00+00:00,14.5,0.0,6.5,10,9,14
2025-10-09 15:00:00+00:00,14.4,0.0,6.1,10,9,15
2025-10-09 16:00:00+00:00,14.1,0.0,5.2,10,9,16
2025-10-09 17:00:00+00:00,12.2,0.0,4.4,10,9,17
2025-10-09 18:00:00+00:00,11.6,0.0,5.0,10,9,18
2025-10-09 19:00:00+00:00,11.9,0.0,5.7,10,9,19
2025-10-09 20:00:00+00:00,11.8,0.0,7.4,10,9,20
2025-10-09 21:00:00+00:00,11.4,0.0,6.9,10,9,21
2025-10-09 22:00:00+00:00,10.5,0.0,5.9,10,9,22
2025-10-09 23:00:00+00:00,9.3,0.0,7.0,10,9,23
2025-10-10 00:00:00+00:00,9.4,0.0,8.2,10,10,0
2025-10-10 01:00:00+00:00,9.1,0.0,9.3,10,10,1
2025-10-10 02:00:00+00:00,8.7,0.0,7.7,10,10,2
2025-10-10 03:00:00+00:00,7.9,0.0,5.2,10,10,3
2025-10-10 04:00:00+00:00,7.4,0.0,5.0,10,10,4
2025-10-10 05:00:00+00:00,7.3,0.0,4.5,10,10,5
2025-10-10 06:00:00+00:00,7.9,0.0,8.4,10,10,6
2025-10-10 07:00:00+00:00,8.9,0.0,7.5,10,10,7
2025-10-10 08:00:00+00:00,10.6,0.0,9.4,10,10,8
2025-10-10 09:00:00+00:00,11.9,0.0,10.3,10,10,9
2025-10-10 10:00:00+00:00,13.1,0.0,9.9,10,10,10
2025-10-10 11:00:00+00:00,14.1,0.0,10.2,10,10,11
2025-10-10 12:00:00+00:00,14.4,0.0,11.1,10,10,12
2025-10-10 13:00:00+00:00,15.1,0.0,10.4,10,10,13
2025-10-10 14:00:00+00:00,15.2,0.0,9.4,10,10,14
2025-10-10 15:00:00+00:00,14.8,0.0,9.7,10,10,15
2025-10-10 16:00:00+00:00,13.6,0.0,6.7,10,10,16
2025-10-10 17:00:00+00:00,11.0,0.0,6.3,10,10,17
2025-10-10 18:00:00+00:00,10.8,0.0,7.9,10,10,18
2025-10-10 19:00:00+00:00,10.6,0.0,8.8,10,10,19
2025-10-10 20:00:00+00:00,10.2,0.0,12.5,10,10,20
2025-10-10 21:00:00+00:00,9.3,0.0,12.9,10,10,21
2025-10-10 22:00:00+00:00,8.8,0.0,12.5,10,10,22
2025-10-10 23:00:00+00:00,8.4,0.0,11.2,10,10,23
2025-10-11 00:00:00+00:00,9.1,0.0,10.9,10,11,0
2025-10-11 01:00:00+00:00,8.6,0.0,10.5,10,11,1
2025-10-11 02:00:00+00:00,8.6,0.0,10.0,10,11,2
2025-10-11 03:00:00+00:00,9.3,0.0,9.7,10,11,3
2025-10-11 04:00:00+00:00,9.4,0.0,10.1,10,11,4
2025-10-11 05:00:00+00:00,9.2,0.0,10.1,10,11,5
2025-10-11 06:00:00+00:00,9.1,0.0,9.9,10,11,6
2025-10-11 07:00:00+00:00,9.6,0.0,11.7,10,11,7
2025-10-11 08:00:00+00:00,10.4,0.0,12.5,10,11,8
2025-10-11 09:00:00+00:00,11.4,0.0,12.5,10,11,9
2025-10-11 10:00:00+00:00,12.4,0.0,12.7,10,11,10
2025-10-11 11:00:00+00:00,13.8,0.0,10.8,10,11,11
2025-10-11 12:00:00+00:00,13.8,0.0,9.3,10,11,12
2025-10-11 13:00:00+00:00,14.6,0.0,8.5,10,11,13
2025-10-11 14:00:00+00:00,14.8,0.0,8.7,10,11,14
2025-10-11 15:00:00+00:00,14.6,0.0,8.2,10,11,15
2025-10-11 16:00:00+00:00,13.3,0.0,4.3,10,11,16
2025-10-11 17:00:00+00:00,10.4,0.0,5.6,10,11,17
2025-10-11 18:00:00+00:00,9.9,0.0,4.4,10,11,18
2025-10-11 19:00:00+00:00,9.1,0.0,5.7,10,11,19
2025-10-11 20:00:00+00:00,8.9,0.0,6.1,10,11,20
2025-10-11 21:00:00+00:00,8.4,0.0,6.3,10,11,21
2025-10-11 22:00:00+00:00,8.0,0.0,6.6,10,11,22
2025-10-11 23:00:00+00:00,7.6,0.0,6.6,10,11,23
2025-10-12 00:00:00+00:00,6.7,0.0,5.5,10,12,0
2025-10-12 01:00:00+00:00,6.1,0.0,5.0,10,12,1
2025-10-12 02:00:00+00:00,5.6,0.0,4.7,10,12,2
2025-10-12 03:00:00+00:00,5.3,0.0,4.2,10,12,3
2025-10-12 04:00:00+00:00,5.1,0.0,3.8,10,12,4
2025-10-12 05:00:00+00:00,4.8,0.0,3.1,10,12,5
2025-10-12 06:00:00+00:00,6.4,0.0,4.6,10,12,6
2025-10-12 07:00:00+00:00,7.8,0.0,5.5,10,12,7
2025-10-12 08:00:00+00:00,9.6,0.0,5.4,10,12,8
2025-10-12 09:00:00+00:00,11.2,0.0,8.3,10,12,9
2025-10-12 10:00:00+00:00,12.4,0.0,8.8,10,12,10
2025-10-12 11:00:00+00:00,13.6,0.0,9.5,10,12,11
2025-10-12 12:00:00+00:00,13.7,0.0,11.2,10,12,12
2025-10-12 13:00:00+00:00,14.4,0.0,10.8,10,12,13
2025-10-12 14:00:00+00:00,14.6,0.0,9.8,10,12,14
2025-10-12 15:00:00+00:00,14.3,0.0,8.6,10,12,15
2025-10-12 16:00:00+00:00,12.8,0.0,4.3,10,12,16
2025-10-12 17:00:00+00:00,10.2,0.0,4.4,10,12,17
2025-10-12 18:00:00+00:00,9.6,0.0,1.8,10,12,18
2025-10-12 19:00:00+00:00,8.4,0.0,2.2,10,12,19
2025-10-12 20:00:00+00:00,7.1,0.0,5.6,10,12,20
2025-10-12 21:00:00+00:00,7.2,0.0,6.4,10,12,21
2025-10-12 22:00:00+00:00,7.0,0.0,6.5,10,12,22
2025-10-12 23:00:00+00:00,7.1,0.0,8.4,10,12,23
2025-10-13 00:00:00+00:00,6.9,0.0,6.1,10,13,0
2025-10-13 01:00:00+00:00,6.8,0.0,6.1,10,13,1
2025-10-13 02:00:00+00:00,6.8,0.0,7.8,10,13,2
2025-10-13 03:00:00+00:00,6.7,0.0,8.5,10,13,3
2025-10-13 04:00:00+00:00,6.4,0.0,8.0,10,13,4
2025-10-13 05:00:00+00:00,6.2,0.0,8.0,10,13,5
2025-10-13 06:00:00+00:00,6.4,0.0,8.9,10,13,6
2025-10-13 07:00:00+00:00,7.6,0.0,10.1,10,13,7
2025-10-13 08:00:00+00:00,8.9,0.0,13.9,10,13,8
2025-10-13 09:00:00+00:00,10.2,0.0,13.5,10,13,9
2025-10-13 10:00:00+00:00,11.5,0.0,13.6,10,13,10
2025-10-13 11:00:00+00:00,12.4,0.0,14.5,10,13,11
2025-10-13 12:00:00+00:00,11.9,0.0,15.5,10,13,12
2025-10-13 13:00:00+00:00,12.3,0.0,15.0,10,13,13
2025-10-13 14:00:00+00:00,12.4,0.0,14.0,10,13,14
2025-10-13 15:00:00+00:00,12.4,0.0,12.9,10,13,15
2025-10-13 16:00:00+00:00,12.1,0.0,9.3,10,13,16
2025-10-13 17:00:00+00:00,11.4,0.0,7.4,10,13,17
2025-10-13 18:00:00+00:00,10.8,0.0,5.0,10,13,18
2025-10-13 19:00:00+00:00,10.7,0.0,7.2,10,13,19
2025-10-13 20:00:00+00:00,10.2,0.0,7.7,10,13,20
2025-10-13 21:00:00+00:00,10.1,0.0,7.9,10,13,21
2025-10-13 22:00:00+00:00,9.6,0.0,8.3,10,13,22
2025-10-13 23:00:00+00:00,9.1,0.0,7.9,10,13,23
2025-10-14 00:00:00+00:00,10.4,0.0,6.8,10,14,0
2025-10-14 01:00:00+00:00,10.4,0.0,4.2,10,14,1
2025-10-14 02:00:00+00:00,9.9,0.0,4.6,10,14,2
2025-10-14 03:00:00+00:00,9.9,0.0,6.8,10,14,3
2025-10-14 04:00:00+00:00,9.4,0.0,8.2,10,14,4
2025-10-14 05:00:00+00:00,9.3,0.0,10.0,10,14,5
2025-10-14 06:00:00+00:00,9.6,0.0,9.0,10,14,6
2025-10-14 07:00:00+00:00,10.1,0.0,10.1,10,14,7
2025-10-14 08:00:00+00:00,10.9,0.0,10.9,10,14,8
2025-10-14 09:00:00+00:00,11.2,0.1,11.4,10,14,9
2025-10-14 10:00:00+00:00,12.0,0.1,12.2,10,14,10
2025-10-14 11:00:00+00:00,12.7,0.0,11.7,10,14,11
2025-10-14 12:00:00+00:00,12.1,0.0,10.7,10,14,12
2025-10-14 13:00:00+00:00,12.8,0.0,10.2,10,14,13
2025-10-14 14:00:00+00:00,13.2,0.0,9.4,10,14,14
2025-10-14 15:00:00+00:00,13.2,0.0,8.3,10,14,15
2025-10-14 16:00:00+00:00,12.1,0.0,5.3,10,14,16
2025-10-14 17:00:00+00:00,9.5,0.0,6.4,10,14,17
2025-10-14 18:00:00+00:00,8.6,0.0,4.3,10,14,18
2025-10-14 19:00:00+00:00,8.2,0.0,0.2,10,14,19
2025-10-14 20:00:00+00:00,7.3,0.0,3.4,10,14,20
2025-10-14 21:00:00+00:00,6.3,0.0,5.0,10,14,21
2025-10-14 22:00:00+00:00,6.3,0.0,6.2,10,14,22
2025-10-14 23:00:00+00:00,6.7,0.0,7.2,10,14,23
2025-10-15 00:00:00+00:00,6.2,0.0,7.7,10,15,0
2025-10-15 01:00:00+00:00,5.8,0.0,7.8,10,15,1
2025-10-15 02:00:00+00:00,5.5,0.0,7.5,10,15,2
2025-10-15 03:00:00+00:00,5.2,0.0,7.0,10,15,3
2025-10-15 04:00:00+00:00,4.9,0.0,6.9,10,15,4
2025-10-15 05:00:00+00:00,4.7,0.0,6.6,10,15,5
2025-10-15 06:00:00+00:00,4.9,0.0,7.6,10,15,6
2025-10-15 07:00:00+00:00,6.4,0.0,8.4,10,15,7
2025-10-15 08:00:00+00:00,8.3,0.0,10.5,10,15,8
2025-10-15 09:00:00+00:00,10.2,0.0,12.6,10,15,9
2025-10-15 10:00:00+00:00,11.7,0.0,14.5,10,15,10
2025-10-15 11:00:00+00:00,13.1,0.0,14.8,10,15,11
2025-10-15 12:00:00+00:00,12.7,0.0,14.6,10,15,12
2025-10-15 13:00:00+00:00,13.4,0.0,13.1,10,15,13
2025-10-15 14:00:00+00:00,13.8,0.0,12.4,10,15,14
2025-10-15 15:00:00+00:00,13.5,0.0,11.0,10,15,15
2025-10-15 16:00:00+00:00,12.4,0.0,9.6,10,15,16
2025-10-15 17:00:00+00:00,11.2,0.0,9.3,10,15,17
2025-10-15 18:00:00+00:00,11.2,0.0,5.5,10,15,18
2025-10-15 19:00:00+00:00,10.9,0.0,6.8,10,15,19
2025-10-15 20:00:00+00:00,10.9,0.0,8.5,10,15,20
2025-10-15 21:00:00+00:00,10.2,0.0,9.0,10,15,21
2025-10-15 22:00:00+00:00,9.1,0.0,8.8,10,15,22
2025-10-15 23:00:00+00:00,7.8,0.0,8.7,10,15,23
2025-10-16 00:00:00+00:00,7.1,0.0,8.0,10,16,0
2025-10-16 01:00:00+00:00,6.9,0.0,6.7,10,16,1
2025-10-16 02:00:00+00:00,6.4,0.0,5.4,10,16,2
2025-10-16 03:00:00+00:00,5.9,0.0,5.0,10,16,3
2025-10-16 04:00:00+00:00,6.0,0.0,4.8,10,16,4
2025-10-16 05:00:00+00:00,5.8,0.0,4.9,10,16,5
2025-10-16 06:00:00+00:00,6.7,0.0,7.3,10,16,6
2025-10-16 07:00:00+00:00,7.7,0.0,9.3,10,16,7
2025-10-16 08:00:00+00:00,8.6,0.0,10.3,10,16,8
2025-10-16 09:00:00+00:00,9.6,0.0,9.7,10,16,9
2025-10-16 10:00:00+00:00,10.6,0.0,10.0,10,16,10
2025-10-16 11:00:00+00:00,11.6,0.0,10.8,10,16,11
2025-10-16 12:00:00+00:00,11.4,0.0,10.4,10,16,12
2025-10-16 13:00:00+00:00,12.1,0.0,10.8,10,16,13
2025-10-16 14:00:00+00:00,12.5,0.0,10.3,10,16,14
2025-10-16 15:00:00+00:00,12.3,0.0,9.4,10,16,15
2025-10-16 16:00:00+00:00,10.9,0.0,4.3,10,16,16
2025-10-16 17:00:00+00:00,8.4,0.0,5.2,10,16,17
2025-10-16 18:00:00+00:00,8.0,0.0,5.8,10,16,18
2025-10-16 19:00:00+00:00,7.2,0.0,5.2,10,16,19
2025-10-16 20:00:00+00:00,6.9,0.0,5.9,10,16,20
2025-10-16 21:00:00+00:00,7.0,0.0,8.8,10,16,21
2025-10-16 22:00:00+00:00,6.7,0.0,9.3,10,16,22
2025-10-16 23:00:00+00:00,6.4,0.0,8.8,10,16,23
2025-10-17 00:00:00+00:00,6.2,0.0,7.9,10,17,0
2025-10-17 01:00:00+00:00,5.8,0.0,7.0,10,17,1
2025-10-17 02:00:00+00:00,5.6,0.0,7.3,10,17,2
2025-10-17 03:00:00+00:00,5.3,0.0,7.5,10,17,3
2025-10-17 04:00:00+00:00,4.8,0.0,7.4,10,17,4
2025-10-17 05:00:00+00:00,4.7,0.0,6.9,10,17,5
2025-10-17 06:00:00+00:00,5.7,0.0,8.3,10,17,6
2025-10-17 07:00:00+00:00,6.6,0.0,7.9,10,17,7
2025-10-17 08:00:00+00:00,8.1,0.0,8.9,10,17,8
2025-10-17 09:00:00+00:00,9.7,0.0,10.4,10,17,9
2025-10-17 10:00:00+00:00,11.2,0.2,11.9,10,17,10
2025-10-17 11:00:00+00:00,11.9,0.2,11.5,10,17,11
2025-10-17 12:00:00+00:00,12.1,0.0,10.5,10,17,12
2025-10-17 13:00:00+00:00,12.4,0.0,10.4,10,17,13
2025-10-17 14:00:00+00:00,12.4,0.0,10.2,10,17,14
2025-10-17 15:00:00+00:00,11.9,0.0,9.7,10,17,15
2025-10-17 16:00:00+00:00,11.1,0.0,7.8,10,17,16
2025-10-17 17:00:00+00:00,8.2,0.0,6.3,10,17,17
2025-10-17 18:00:00+00:00,8.2,0.0,5.8,10,17,18
2025-10-17 19:00:00+00:00,8.0,0.0,5.4,10,17,19
2025-10-17 20:00:00+00:00,8.6,0.0,5.6,10,17,20
2025-10-17 21:00:00+00:00,8.6,0.0,6.6,10,17,21
2025-10-17 22:00:00+00:00,7.8,0.0,7.5,10,17,22
2025-10-17 23:00:00+00:00,6.6,0.0,7.7,10,17,23
2025-10-18 00:00:00+00:00,5.2,0.0,6.7,10,18,0
2025-10-18 01:00:00+00:00,4.5,0.0,6.2,10,18,1
2025-10-18 02:00:00+00:00,4.0,0.0,5.8,10,18,2
2025-10-18 03:00:00+00:00,3.7,0.0,5.7,10,18,3
2025-10-18 04:00:00+00:00,3.3,0.0,5.6,10,18,4
2025-10-18 05:00:00+00:00,3.2,0.0,5.4,10,18,5
2025-10-18 06:00:00+00:00,2.7,0.0,4.0,10,18,6
2025-10-18 07:00:00+00:00,4.2,0.0,6.4,10,18,7
2025-10-18 08:00:00+00:00,6.9,0.0,4.6,10,18,8
2025-10-18 09:00:00+00:00,9.2,0.0,6.0,10,18,9
2025-10-18 10:00:00+00:00,11.2,0.0,9.0,10,18,10
2025-10-18 11:00:00+00:00,12.4,0.0,12.7,10,18,11
2025-10-18 12:00:00+00:00,12.9,0.0,11.1,10,18,12
2025-10-18 13:00:00+00:00,13.4,0.0,11.2,10,18,13
2025-10-18 14:00:00+00:00,13.4,0.0,11.4,10,18,14
2025-10-18 15:00:00+00:00,12.9,0.0,9.6,10,18,15
2025-10-18 16:00:00+00:00,10.8,0.0,5.5,10,18,16
2025-10-18 17:00:00+00:00,7.9,0.0,6.2,10,18,17
2025-10-18 18:00:00+00:00,7.4,0.0,6.7,10,18,18
2025-10-18 19:00:00+00:00,6.8,0.0,7.8,10,18,19
2025-10-18 20:00:00+00:00,6.3,0.0,7.9,10,18,20
2025-10-18 21:00:00+00:00,5.7,0.0,7.1,10,18,21
2025-10-18 22:00:00+00:00,5.2,0.0,6.2,10,18,22
2025-10-18 23:00:00+00:00,4.2,0.0,5.2,10,18,23
2025-10-19 00:00:00+00:00,3.6,0.0,4.3,10,19,0
2025-10-19 01:00:00+00:00,3.4,0.0,3.7,10,19,1
2025-10-19 02:00:00+00:00,3.0,0.0,3.4,10,19,2
2025-10-19 03:00:00+00:00,3.3,0.0,1.6,10,19,3
2025-10-19 04:00:00+00:00,2.9,0.0,1.1,10,19,4
2025-10-19 05:00:00+00:00,2.8,0.0,1.8,10,19,5
2025-10-19 06:00:00+00:00,3.2,0.0,1.3,10,19,6
2025-10-19 07:00:00+00:00,3.6,0.0,1.1,10,19,7
2025-10-19 08:00:00+00:00,4.6,0.0,1.7,10,19,8
2025-10-19 09:00:00+00:00,5.8,0.0,3.5,10,19,9
2025-10-19 10:00:00+00:00,7.6,0.0,3.7,10,19,10
2025-10-19 11:00:00+00:00,9.8,0.0,3.5,10,19,11
2025-10-19 12:00:00+00:00,10.9,0.0,1.0,10,19,12
2025-10-19 13:00:00+00:00,11.9,0.0,3.6,10,19,13
2025-10-19 14:00:00+00:00,11.9,0.0,3.1,10,19,14
2025-10-19 15:00:00+00:00,11.6,0.0,1.1,10,19,15
2025-10-19 16:00:00+00:00,10.3,0.0,2.0,10,19,16
2025-10-19 17:00:00+00:00,9.1,0.0,5.3,10,19,17
2025-10-19 18:00:00+00:00,8.9,0.0,2.6,10,19,18
2025-10-19 19:00:00+00:00,8.2,0.0,1.3,10,19,19
2025-10-19 20:00:00+00:00,7.2,0.0,2.9,10,19,20
2025-10-19 21:00:00+00:00,7.3,0.0,2.9,10,19,21
2025-10-19 22:00:00+00:00,7.1,0.0,2.5,10,19,22
2025-10-19 23:00:00+00:00,6.8,0.0,1.5,10,19,23
2025-10-20 00:00:00+00:00,6.4,0.0,0.9,10,20,0
2025-10-20 01:00:00+00:00,6.5,0.0,0.5,10,20,1
2025-10-20 02:00:00+00:00,6.4,0.0,2.4,10,20,2
2025-10-20 03:00:00+00:00,6.5,0.0,3.3,10,20,3
2025-10-20 04:00:00+00:00,5.9,0.0,3.6,10,20,4
2025-10-20 05:00:00+00:00,6.7,0.0,6.2,10,20,5
2025-10-20 06:00:00+00:00,6.8,0.0,2.7,10,20,6
2025-10-20 07:00:00+00:00,7.2,0.3,7.4,10,20,7
2025-10-20 08:00:00+00:00,8.2,0.5,6.6,10,20,8
2025-10-20 09:00:00+00:00,8.9,0.3,3.0,10,20,9
2025-10-20 10:00:00+00:00,9.1,0.0,4.1,10,20,10
2025-10-20 11:00:00+00:00,9.9,0.1,1.5,10,20,11
2025-10-20 12:00:00+00:00,10.4,0.4,5.4,10,20,12
2025-10-20 13:00:00+00:00,11.4,0.0,4.1,10,20,13
2025-10-20 14:00:00+00:00,12.1,0.0,3.2,10,20,14
2025-10-20 15:00:00+00:00,11.6,0.0,7.7,10,20,15
2025-10-20 16:00:00+00:00,10.7,0.1,3.1,10,20,16
2025-10-20 17:00:00+00:00,10.8,0.0,5.3,10,20,17
2025-10-20 18:00:00+00:00,10.8,0.0,9.4,10,20,18
2025-10-20 19:00:00+00:00,9.5,0.0,7.5,10,20,19
2025-10-20 20:00:00+00:00,8.9,0.0,8.7,10,20,20
2025-10-20 21:00:00+00:00,8.5,0.0,7.0,10,20,21
2025-10-20 22:00:00+00:00,7.9,0.0,4.3,10,20,22
2025-10-20 23:00:00+00:00,7.8,0.0,1.0,10,20,23
2025-10-21 00:00:00+00:00,8.2,0.0,0.7,10,21,0
2025-10-21 01:00:00+00:00,8.5,1.6,6.6,10,21,1
2025-10-21 02:00:00+00:00,8.1,3.0,3.5,10,21,2
2025-10-21 03:00:00+00:00,8.1,2.5,2.7,10,21,3
2025-10-21 04:00:00+00:00,8.0,0.0,1.0,10,21,4
2025-10-21 05:00:00+00:00,7.8,1.5,2.6,10,21,5
2025-10-21 06:00:00+00:00,8.2,0.0,6.9,10,21,6
2025-10-21 07:00:00+00:00,9.8,1.2,13.0,10,21,7
2025-10-21 08:00:00+00:00,10.6,0.3,7.8,10,21,8
2025-10-21 09:00:00+00:00,10.1,1.0,6.6,10,21,9
2025-10-21 10:00:00+00:00,11.6,0.0,5.5,10,21,10
2025-10-21 11:00:00+00:00,14.4,0.0,7.8,10,21,11
2025-10-21 12:00:00+00:00,16.8,0.0,9.8,10,21,12
2025-10-21 13:00:00+00:00,15.8,0.0,11.5,10,21,13
2025-10-21 14:00:00+00:00,15.6,0.0,6.2,10,21,14
2025-10-21 15:00:00+00:00,13.6,0.6,10.2,10,21,15
2025-10-21 16:00:00+00:00,13.1,0.2,12.1,10,21,16
2025-10-21 17:00:00+00:00,11.7,1.5,13.4,10,21,17
2025-10-21 18:00:00+00:00,12.1,1.3,12.4,10,21,18
2025-10-21 19:00:00+00:00,11.6,0.4,9.6,10,21,19
2025-10-21 20:00:00+00:00,11.2,0.4,6.6,10,21,20
2025-10-21 21:00:00+00:00,11.0,0.4,4.9,10,21,21
2025-10-21 22:00:00+00:00,10.6,2.7,5.9,10,21,22
2025-10-21 23:00:00+00:00,10.8,1.7,9.1,10,21,23
2025-10-22 00:00:00+00:00,10.8,0.9,3.7,10,22,0
2025-10-22 01:00:00+00:00,10.9,2.0,7.0,10,22,1
2025-10-22 02:00:00+00:00,10.9,2.6,7.2,10,22,2
2025-10-22 03:00:00+00:00,10.5,0.6,6.6,10,22,3
2025-10-22 04:00:00+00:00,10.1,1.0,9.4,10,22,4
2025-10-22 05:00:00+00:00,10.0,2.9,10.0,10,22,5
2025-10-22 06:00:00+00:00,10.6,5.0,9.9,10,22,6
2025-10-22 07:00:00+00:00,10.7,4.5,6.9,10,22,7
2025-10-22 08:00:00+00:00,11.4,2.9,10.8,10,22,8
2025-10-22 09:00:00+00:00,12.1,1.2,8.6,10,22,9
2025-10-22 10:00:00+00:00,12.6,1.3,12.2,10,22,10
2025-10-22 11:00:00+00:00,13.4,0.4,10.8,10,22,11
2025-10-22 12:00:00+00:00,15.3,0.1,12.7,10,22,12
2025-10-22 13:00:00+00:00,15.2,1.4,7.7,10,22,13
2025-10-22 14:00:00+00:00,15.9,0.0,7.6,10,22,14
2025-10-22 15:00:00+00:00,15.9,0.0,7.9,10,22,15
2025-10-22 16:00:00+00:00,14.8,0.0,9.6,10,22,16
2025-10-22 17:00:00+00:00,13.1,0.0,5.5,10,22,17
2025-10-22 18:00:00+00:00,13.1,0.0,7.2,10,22,18
2025-10-22 19:00:00+00:00,13.2,0.0,9.2,10,22,19
2025-10-22 20:00:00+00:00,12.6,0.0,8.0,10,22,20
2025-10-22 21:00:00+00:00,12.3,0.1,7.2,10,22,21
2025-10-22 22:00:00+00:00,12.9,0.3,14.0,10,22,22
2025-10-22 23:00:00+00:00,12.5,0.1,8.5,10,22,23
2025-10-23 00:00:00+00:00,12.5,0.3,10.7,10,23,0
2025-10-23 01:00:00+00:00,12.7,2.2,10.5,10,23,1
2025-10-23 02:00:00+00:00,12.3,0.3,6.7,10,23,2
2025-10-23 03:00:00+00:00,11.6,0.0,7.0,10,23,3
2025-10-23 04:00:00+00:00,10.4,0.0,2.2,10,23,4
2025-10-23 05:00:00+00:00,10.6,0.0,10.5,10,23,5
2025-10-23 06:00:00+00:00,11.1,0.8,10.6,10,23,6
2025-10-23 07:00:00+00:00,11.8,0.3,6.6,10,23,7
2025-10-23 08:00:00+00:00,12.4,0.1,16.9,10,23,8
2025-10-23 09:00:00+00:00,12.8,2.2,16.3,10,23,9
2025-10-23 10:00:00+00:00,10.6,4.9,26.7,10,23,10
2025-10-23 11:00:00+00:00,11.0,0.9,26.2,10,23,11
2025-10-23 12:00:00+00:00,10.2,0.5,25.6,10,23,12
2025-10-23 13:00:00+00:00,10.6,1.4,27.1,10,23,13
2025-10-23 14:00:00+00:00,11.1,0.0,30.0,10,23,14
2025-10-23 15:00:00+00:00,10.6,0.0,28.9,10,23,15
2025-10-23 16:00:00+00:00,9.6,0.0,28.5,10,23,16
2025-10-23 17:00:00+00:00,8.9,0.3,26.2,10,23,17
2025-10-23 18:00:00+00:00,8.9,0.3,25.8,10,23,18
2025-10-23 19:00:00+00:00,8.1,0.2,21.9,10,23,19
2025-10-23 20:00:00+00:00,7.9,0.2,20.4,10,23,20
2025-10-23 21:00:00+00:00,8.2,0.1,20.5,10,23,21
2025-10-23 22:00:00+00:00,8.0,0.5,22.8,10,23,22
2025-10-23 23:00:00+00:00,7.5,0.1,21.9,10,23,23
2025-10-24 00:00:00+00:00,7.2,0.3,24.7,10,24,0
2025-10-24 01:00:00+00:00,6.8,0.3,25.8,10,24,1
2025-10-24 02:00:00+00:00,6.4,0.2,24.1,10,24,2
2025-10-24 03:00:00+00:00,5.7,0.2,21.6,10,24,3
2025-10-24 04:00:00+00:00,5.8,0.0,20.8,10,24,4
2025-10-24 05:00:00+00:00,4.5,2.0,17.3,10,24,5
2025-10-24 06:00:00+00:00,3.3,0.4,10.7,10,24,6
2025-10-24 07:00:00+00:00,3.8,3.5,13.3,10,24,7
2025-10-24 08:00:00+00:00,5.9,0.0,14.5,10,24,8
2025-10-24 09:00:00+00:00,6.2,1.7,16.9,10,24,9
2025-10-24 10:00:00+00:00,8.2,0.1,18.0,10,24,10
2025-10-24 11:00:00+00:00,9.2,0.1,19.6,10,24,11
2025-10-24 12:00:00+00:00,9.8,0.0,17.9,10,24,12
2025-10-24 13:00:00+00:00,9.8,0.0,18.8,10,24,13
2025-10-24 14:00:00+00:00,9.5,0.0,19.5,10,24,14
2025-10-24 15:00:00+00:00,9.4,0.2,14.6,10,24,15
2025-10-24 16:00:00+00:00,8.4,0.0,11.6,10,24,16
2025-10-24 17:00:00+00:00,7.6,0.0,14.9,10,24,17
2025-10-24 18:00:00+00:00,7.3,0.0,15.1,10,24,18
2025-10-24 19:00:00+00:00,6.8,0.0,11.9,10,24,19
2025-10-24 20:00:00+00:00,6.4,0.0,11.1,10,24,20
2025-10-24 21:00:00+00:00,5.6,0.0,7.0,10,24,21
2025-10-24 22:00:00+00:00,6.8,0.0,8.9,10,24,22
2025-10-24 23:00:00+00:00,7.6,0.0,11.7,10,24,23
2025-10-25 00:00:00+00:00,6.3,1.2,14.2,10,25,0
2025-10-25 01:00:00+00:00,6.8,2.7,17.4,10,25,1
2025-10-25 02:00:00+00:00,7.2,0.6,19.0,10,25,2
2025-10-25 03:00:00+00:00,7.3,0.3,17.2,10,25,3
2025-10-25 04:00:00+00:00,7.1,0.0,16.7,10,25,4
2025-10-25 05:00:00+00:00,7.2,0.0,13.7,10,25,5
2025-10-25 06:00:00+00:00,7.7,0.2,11.5,10,25,6
2025-10-25 07:00:00+00:00,8.1,0.1,15.0,10,25,7
2025-10-25 08:00:00+00:00,8.6,1.0,14.9,10,25,8
2025-10-25 09:00:00+00:00,9.6,0.2,21.7,10,25,9
2025-10-25 10:00:00+00:00,9.4,0.3,23.2,10,25,10
2025-10-25 11:00:00+00:00,9.1,0.8,24.0,10,25,11
2025-10-25 12:00:00+00:00,8.9,0.4,16.2,10,25,12
2025-10-25 13:00:00+00:00,8.4,1.1,14.8,10,25,13
2025-10-25 14:00:00+00:00,8.2,0.8,16.1,10,25,14
2025-10-25 15:00:00+00:00,8.4,0.1,14.4,10,25,15
2025-10-25 16:00:00+00:00,8.1,3.5,10.2,10,25,16
2025-10-25 17:00:00+00:00,7.7,0.9,10.6,10,25,17
2025-10-25 18:00:00+00:00,8.2,0.2,12.0,10,25,18
2025-10-25 19:00:00+00:00,8.2,0.6,11.2,10,25,19
2025-10-25 20:00:00+00:00,8.2,0.4,10.2,10,25,20
2025-10-25 21:00:00+00:00,7.5,0.4,12.6,10,25,21
2025-10-25 22:00:00+00:00,7.1,0.2,14.3,10,25,22
2025-10-25 23:00:00+00:00,6.5,0.7,12.8,10,25,23
2025-10-26 00:00:00+00:00,6.9,0.2,16.0,10,26,0
2025-10-26 01:00:00+00:00,7.2,0.0,15.8,10,26,1
2025-10-26 02:00:00+00:00,6.7,0.2,15.6,10,26,2
2025-10-26 03:00:00+00:00,6.7,0.7,16.6,10,26,3
2025-10-26 04:00:00+00:00,6.6,0.7,18.3,10,26,4
2025-10-26 05:00:00+00:00,6.6,0.5,18.0,10,26,5
2025-10-26 06:00:00+00:00,6.2,0.3,19.4,10,26,6
2025-10-26 07:00:00+00:00,5.8,0.0,18.4,10,26,7
2025-10-26 08:00:00+00:00,6.4,0.0,17.8,10,26,8
2025-10-26 09:00:00+00:00,7.2,0.1,22.7,10,26,9
2025-10-26 10:00:00+00:00,7.8,0.0,24.4,10,26,10
2025-10-26 11:00:00+00:00,8.9,0.1,21.5,10,26,11
2025-10-26 12:00:00+00:00,8.5,0.0,20.6,10,26,12
2025-10-26 13:00:00+00:00,8.9,0.0,19.1,10,26,13
2025-10-26 14:00:00+00:00,9.1,0.0,17.1,10,26,14
2025-10-26 15:00:00+00:00,8.6,0.0,15.2,10,26,15
2025-10-26 16:00:00+00:00,7.1,0.0,12.5,10,26,16
2025-10-26 17:00:00+00:00,6.4,0.0,14.0,10,26,17
2025-10-26 18:00:00+00:00,5.4,0.0,12.5,10,26,18
2025-10-26 19:00:00+00:00,5.8,0.1,14.5,10,26,19
2025-10-26 20:00:00+00:00,5.6,0.2,17.3,10,26,20
2025-10-26 21:00:00+00:00,5.2,0.0,16.3,10,26,21
2025-10-26 22:00:00+00:00,5.5,0.0,19.0,10,26,22
2025-10-26 23:00:00+00:00,5.7,0.1,20.4,10,26,23
2025-10-27 00:00:00+00:00,5.6,0.1,21.8,10,27,0
2025-10-27 01:00:00+00:00,5.8,0.0,23.2,10,27,1
2025-10-27 02:00:00+00:00,6.0,0.1,24.6,10,27,2
2025-10-27 03:00:00+00:00,5.7,0.5,25.5,10,27,3
2025-10-27 04:00:00+00:00,5.4,0.6,24.2,10,27,4
2025-10-27 05:00:00+00:00,5.5,0.6,26.6,10,27,5
2025-10-27 06:00:00+00:00,5.1,0.7,27.4,10,27,6
2025-10-27 07:00:00+00:00,4.9,1.1,28.9,10,27,7
2025-10-27 08:00:00+00:00,4.9,1.2,30.5,10,27,8
2025-10-27 09:00:00+00:00,5.0,1.7,29.4,10,27,9
2025-10-27 10:00:00+00:00,5.3,1.2,29.5,10,27,10
2025-10-27 11:00:00+00:00,6.2,0.3,30.7,10,27,11
2025-10-27 12:00:00+00:00,6.6,0.6,33.1,10,27,12
2025-10-27 13:00:00+00:00,6.6,2.1,31.0,10,27,13
2025-10-27 14:00:00+00:00,7.2,0.7,31.3,10,27,14
2025-10-27 15:00:00+00:00,7.6,0.1,25.4,10,27,15
2025-10-27 16:00:00+00:00,7.0,1.8,18.5,10,27,16
2025-10-27 17:00:00+00:00,7.7,0.6,20.3,10,27,17
2025-10-27 18:00:00+00:00,7.8,0.3,18.1,10,27,18
2025-10-27 19:00:00+00:00,7.3,0.3,14.1,10,27,19
2025-10-27 20:00:00+00:00,6.5,0.7,15.7,10,27,20
2025-10-27 21:00:00+00:00,6.6,0.0,15.2,10,27,21
2025-10-27 22:00:00+00:00,6.8,0.0,16.4,10,27,22
2025-10-27 23:00:00+00:00,6.2,0.1,16.4,10,27,23
2025-10-28 00:00:00+00:00,6.3,0.1,15.4,10,28,0
2025-10-28 01:00:00+00:00,6.7,0.0,14.9,10,28,1
2025-10-28 02:00:00+00:00,6.8,0.0,13.5,10,28,2
2025-10-28 03:00:00+00:00,7.2,0.1,14.7,10,28,3
2025-10-28 04:00:00+00:00,6.8,0.0,14.3,10,28,4
2025-10-28 05:00:00+00:00,7.2,0.0,13.1,10,28,5
2025-10-28 06:00:00+00:00,7.3,0.0,11.7,10,28,6
2025-10-28 07:00:00+00:00,7.7,0.0,12.3,10,28,7
2025-10-28 08:00:00+00:00,8.8,0.0,14.2,10,28,8
2025-10-28 09:00:00+00:00,10.0,0.0,13.6,10,28,9
2025-10-28 10:00:00+00:00,11.1,0.0,15.1,10,28,10
2025-10-28 11:00:00+00:00,12.3,0.0,15.1,10,28,11
2025-10-28 12:00:00+00:00,13.7,0.0,18.3,10,28,12
2025-10-28 13:00:00+00:00,14.1,0.0,20.7,10,28,13
2025-10-28 14:00:00+00:00,14.0,0.0,16.6,10,28,14
2025-10-28 15:00:00+00:00,13.1,0.0,11.2,10,28,15
2025-10-28 16:00:00+00:00,10.9,0.0,6.6,10,28,16
2025-10-28 17:00:00+00:00,8.9,0.0,6.2,10,28,17
2025-10-28 18:00:00+00:00,9.4,0.0,8.3,10,28,18
2025-10-28 19:00:00+00:00,9.2,0.0,9.2,10,28,19
2025-10-28 20:00:00+00:00,8.8,0.0,8.5,10,28,20
2025-10-28 21:00:00+00:00,8.2,0.0,7.7,10,28,21
2025-10-28 22:00:00+00:00,7.9,0.0,8.1,10,28,22
2025-10-28 23:00:00+00:00,7.2,0.0,7.4,10,28,23
2025-10-29 00:00:00+00:00,5.9,0.0,5.5,10,29,0
2025-10-29 01:00:00+00:00,5.2,0.0,3.8,10,29,1
2025-10-29 02:00:00+00:00,4.2,0.0,5.3,10,29,2
2025-10-29 03:00:00+00:00,4.2,0.0,5.9,10,29,3
2025-10-29 04:00:00+00:00,3.5,0.0,5.4,10,29,4
2025-10-29 05:00:00+00:00,3.2,0.0,4.6,10,29,5
2025-10-29 06:00:00+00:00,3.2,0.0,1.6,10,29,6
2025-10-29 07:00:00+00:00,3.5,0.0,2.3,10,29,7
2025-10-29 08:00:00+00:00,5.2,0.0,2.9,10,29,8
2025-10-29 09:00:00+00:00,7.0,0.0,3.7,10,29,9
2025-10-29 10:00:00+00:00,8.8,0.0,3.8,10,29,10
2025-10-29 11:00:00+00:00,10.7,0.0,3.3,10,29,11
2025-10-29 12:00:00+00:00,11.6,0.0,1.3,10,29,12
2025-10-29 13:00:00+00:00,12.8,0.0,1.6,10,29,13
2025-10-29 14:00:00+00:00,12.7,0.0,3.1,10,29,14
2025-10-29 15:00:00+00:00,12.1,0.0,0.6,10,29,15
2025-10-29 16:00:00+00:00,10.1,0.0,3.4,10,29,16
2025-10-29 17:00:00+00:00,9.6,0.0,1.2,10,29,17
2025-10-29 18:00:00+00:00,8.6,0.0,2.2,10,29,18
2025-10-29 19:00:00+00:00,7.8,0.0,1.8,10,29,19
2025-10-29 20:00:00+00:00,7.3,0.0,2.4,10,29,20
2025-10-29 21:00:00+00:00,7.8,0.4,0.8,10,29,21
2025-10-29 22:00:00+00:00,7.9,0.3,3.6,10,29,22
2025-10-29 23:00:00+00:00,8.2,1.5,10.7,10,29,23
2025-10-30 00:00:00+00:00,8.7,1.8,10.1,10,30,0
2025-10-30 01:00:00+00:00,8.8,0.5,9.3,10,30,1
2025-10-30 02:00:00+00:00,8.6,0.0,8.8,10,30,2
2025-10-30 03:00:00+00:00,8.9,0.3,11.4,10,30,3
2025-10-30 04:00:00+00:00,9.3,0.2,14.7,10,30,4
2025-10-30 05:00:00+00:00,9.6,0.2,13.7,10,30,5
2025-10-30 06:00:00+00:00,9.9,0.0,13.0,10,30,6
2025-10-30 07:00:00+00:00,10.1,0.1,12.3,10,30,7
2025-10-30 08:00:00+00:00,10.6,0.0,11.5,10,30,8
2025-10-30 09:00:00+00:00,11.2,0.0,12.4,10,30,9
2025-10-30 10:00:00+00:00,12.1,0.0,12.1,10,30,10
2025-10-30 11:00:00+00:00,13.1,0.0,11.4,10,30,11
2025-10-30 12:00:00+00:00,13.0,0.0,9.5,10,30,12
2025-10-30 13:00:00+00:00,13.3,0.0,6.3,10,30,13
2025-10-30 14:00:00+00:00,13.6,0.0,3.7,10,30,14
2025-10-30 15:00:00+00:00,13.1,0.0,0.8,10,30,15
2025-10-30 16:00:00+00:00,10.8,0.0,0.4,10,30,16
2025-10-30 17:00:00+00:00,8.9,0.0,1.0,10,30,17
2025-10-30 18:00:00+00:00,7.6,0.0,3.8,10,30,18
2025-10-30 19:00:00+00:00,6.9,0.0,5.0,10,30,19
2025-10-30 20:00:00+00:00,6.4,0.0,5.3,10,30,20
2025-10-30 21:00:00+00:00,5.8,0.0,4.8,10,30,21
2025-10-30 22:00:00+00:00,5.6,0.0,4.1,10,30,22
2025-10-30 23:00:00+00:00,5.6,0.0,1.7,10,30,23
2025-10-31 00:00:00+00:00,5.3,0.0,3.1,10,31,0
2025-10-31 01:00:00+00:00,5.2,0.0,3.0,10,31,1
2025-10-31 02:00:00+00:00,5.7,0.0,3.9,10,31,2
2025-10-31 03:00:00+00:00,5.9,0.0,2.1,10,31,3
2025-10-31 04:00:00+00:00,6.2,0.0,2.5,10,31,4
2025-10-31 05:00:00+00:00,6.3,0.0,1.3,10,31,5
2025-10-31 06:00:00+00:00,5.9,0.0,3.4,10,31,6
2025-10-31 07:00:00+00:00,5.8,0.0,3.5,10,31,7
2025-10-31 08:00:00+00:00,6.2,0.0,1.3,10,31,8
2025-10-31 09:00:00+00:00,7.0,0.0,0.9,10,31,9
2025-10-31 10:00:00+00:00,7.9,0.0,2.6,10,31,10
2025-10-31 11:00:00+00:00,9.6,0.0,2.1,10,31,11
2025-10-31 12:00:00+00:00,11.2,0.0,1.7,10,31,12
2025-10-31 13:00:00+00:00,12.3,0.0,2.1,10,31,13
2025-10-31 14:00:00+00:00,12.4,0.0,2.3,10,31,14
2025-10-31 15:00:00+00:00,12.0,0.0,2.3,10,31,15
2025-10-31 16:00:00+00:00,10.2,0.0,1.8,10,31,16
2025-10-31 17:00:00+00:00,9.1,0.0,2.3,10,31,17
2025-10-31 18:00:00+00:00,8.6,0.0,5.5,10,31,18
2025-10-31 19:00:00+00:00,8.6,0.0,4.7,10,31,19
2025-10-31 20:00:00+00:00,8.1,0.0,4.2,10,31,20
2025-10-31 21:00:00+00:00,7.3,0.0,3.0,10,31,21
2025-10-31 22:00:00+00:00,6.2,0.0,1.1,10,31,22
2025-10-31 23:00:00+00:00,5.7,0.0,2.4,10,31,23
2025-11-01 00:00:00+00:00,6.7,0.0,2.6,11,1,0
2025-11-01 01:00:00+00:00,6.9,0.0,2.6,11,1,1
2025-11-01 02:00:00+00:00,6.6,0.0,0.6,11,1,2
2025-11-01 03:00:00+00:00,6.6,0.0,0.8,11,1,3
2025-11-01 04:00:00+00:00,6.7,0.0,1.9,11,1,4
2025-11-01 05:00:00+00:00,6.3,0.0,2.6,11,1,5
2025-11-01 06:00:00+00:00,6.6,0.0,0.4,11,1,6
2025-11-01 07:00:00+00:00,6.7,0.0,3.1,11,1,7
2025-11-01 08:00:00+00:00,7.6,0.0,5.2,11,1,8
2025-11-01 09:00:00+00:00,8.4,0.0,5.0,11,1,9
2025-11-01 10:00:00+00:00,10.1,0.0,5.6,11,1,10
2025-11-01 11:00:00+00:00,11.5,0.0,3.6,11,1,11
2025-11-01 12:00:00+00:00,11.9,0.0,3.5,11,1,12
2025-11-01 13:00:00+00:00,12.6,0.0,2.9,11,1,13
2025-11-01 14:00:00+00:00,11.6,0.0,2.4,11,1,14
2025-11-01 15:00:00+00:00,11.1,0.0,1.7,11,1,15
2025-11-01 16:00:00+00:00,10.9,0.3,5.3,11,1,16
2025-11-01 17:00:00+00:00,11.4,0.4,9.1,11,1,17
2025-11-01 18:00:00+00:00,11.8,0.4,5.0,11,1,18
2025-11-01 19:00:00+00:00,11.1,0.6,7.3,11,1,19
2025-11-01 20:00:00+00:00,10.9,0.4,6.7,11,1,20
2025-11-01 21:00:00+00:00,10.5,0.5,4.0,11,1,21
2025-11-01 22:00:00+00:00,10.3,0.4,5.3,11,1,22
2025-11-01 23:00:00+00:00,10.1,0.4,7.3,11,1,23
2025-11-02 00:00:00+00:00,10.6,1.1,7.6,11,2,0
2025-11-02 01:00:00+00:00,11.1,1.8,10.8,11,2,1
2025-11-02 02:00:00+00:00,10.7,2.3,7.1,11,2,2
2025-11-02 03:00:00+00:00,10.4,1.5,5.6,11,2,3
2025-11-02 04:00:00+00:00,10.2,1.9,4.3,11,2,4
2025-11-02 05:00:00+00:00,10.2,1.6,5.0,11,2,5
2025-11-02 06:00:00+00:00,10.2,1.8,3.9,11,2,6
2025-11-02 07:00:00+00:00,9.8,1.8,4.6,11,2,7
2025-11-02 08:00:00+00:00,10.1,1.6,5.9,11,2,8
2025-11-02 09:00:00+00:00,10.2,0.9,7.6,11,2,9
2025-11-02 10:00:00+00:00,10.4,0.4,6.1,11,2,10
2025-11-02 11:00:00+00:00,10.9,0.7,5.6,11,2,11
2025-11-02 12:00:00+00:00,9.9,1.3,9.4,11,2,12
2025-11-02 13:00:00+00:00,9.9,1.5,10.0,11,2,13
2025-11-02 14:00:00+00:00,9.9,0.7,17.0,11,2,14
2025-11-02 15:00:00+00:00,9.2,0.9,17.4,11,2,15
2025-11-02 16:00:00+00:00,8.9,0.3,14.7,11,2,16
2025-11-02 17:00:00+00:00,8.5,0.0,14.1,11,2,17
2025-11-02 18:00:00+00:00,8.2,0.0,8.8,11,2,18
2025-11-02 19:00:00+00:00,8.1,0.5,9.0,11,2,19
2025-11-02 20:00:00+00:00,7.2,0.0,13.0,11,2,20
2025-11-02 21:00:00+00:00,6.8,0.0,10.9,11,2,21
2025-11-02 22:00:00+00:00,6.7,0.0,12.0,11,2,22
2025-11-02 23:00:00+00:00,6.5,0.0,12.0,11,2,23
2025-11-03 00:00:00+00:00,6.2,0.0,10.6,11,3,0
2025-11-03 01:00:00+00:00,6.0,0.0,10.0,11,3,1
2025-11-03 02:00:00+00:00,5.8,0.0,9.0,11,3,2
2025-11-03 03:00:00+00:00,5.7,0.0,8.1,11,3,3
2025-11-03 04:00:00+00:00,5.2,0.0,6.8,11,3,4
2025-11-03 05:00:00+00:00,4.6,0.0,6.8,11,3,5
2025-11-03 06:00:00+00:00,4.1,0.0,5.3,11,3,6
2025-11-03 07:00:00+00:00,4.8,0.0,7.7,11,3,7
2025-11-03 08:00:00+00:00,6.6,0.0,7.2,11,3,8
2025-11-03 09:00:00+00:00,8.2,0.0,6.0,11,3,9
2025-11-03 10:00:00+00:00,9.4,0.0,7.3,11,3,10
2025-11-03 11:00:00+00:00,10.4,0.0,9.0,11,3,11
2025-11-03 12:00:00+00:00,11.0,0.0,11.3,11,3,12
2025-11-03 13:00:00+00:00,11.4,0.0,12.7,11,3,13
2025-11-03 14:00:00+00:00,11.5,0.0,12.0,11,3,14
2025-11-03 15:00:00+00:00,11.1,0.0,7.1,11,3,15
2025-11-03 16:00:00+00:00,8.6,0.0,2.2,11,3,16
2025-11-03 17:00:00+00:00,7.2,0.0,3.1,11,3,17
2025-11-03 18:00:00+00:00,6.4,0.0,5.1,11,3,18
2025-11-03 19:00:00+00:00,5.6,0.0,4.4,11,3,19
2025-11-03 20:00:00+00:00,5.2,0.0,4.3,11,3,20
2025-11-03 21:00:00+00:00,4.9,0.0,4.7,11,3,21
2025-11-03 22:00:00+00:00,4.9,0.0,1.5,11,3,22
2025-11-03 23:00:00+00:00,4.3,0.0,0.9,11,3,23
2025-11-04 00:00:00+00:00,2.7,0.0,3.3,11,4,0
2025-11-04 01:00:00+00:00,2.0,0.0,3.6,11,4,1
2025-11-04 02:00:00+00:00,1.5,0.0,2.5,11,4,2
2025-11-04 03:00:00+00:00,1.4,0.0,0.7,11,4,3
2025-11-04 04:00:00+00:00,1.4,0.0,1.0,11,4,4
2025-11-04 05:00:00+00:00,1.5,0.0,1.9,11,4,5
2025-11-04 06:00:00+00:00,1.5,0.0,1.3,11,4,6
2025-11-04 07:00:00+00:00,1.9,0.0,2.6,11,4,7
2025-11-04 08:00:00+00:00,2.9,0.0,2.4,11,4,8
2025-11-04 09:00:00+00:00,4.3,0.0,2.1,11,4,9
2025-11-04 10:00:00+00:00,6.1,0.0,0.8,11,4,10
2025-11-04 11:00:00+00:00,7.9,0.0,0.7,11,4,11
2025-11-04 12:00:00+00:00,9.2,0.0,1.3,11,4,12
2025-11-04 13:00:00+00:00,10.5,0.0,1.8,11,4,13
2025-11-04 14:00:00+00:00,10.8,0.0,2.3,11,4,14
2025-11-04 15:00:00+00:00,10.1,0.0,1.8,11,4,15
2025-11-04 16:00:00+00:00,7.3,0.0,3.3,11,4,16
2025-11-04 17:00:00+00:00,6.0,0.0,4.8,11,4,17
2025-11-04 18:00:00+00:00,5.8,0.0,1.8,11,4,18
2025-11-04 19:00:00+00:00,4.9,0.0,0.6,11,4,19
2025-11-04 20:00:00+00:00,4.2,0.0,1.1,11,4,20
2025-11-04 21:00:00+00:00,3.5,0.0,1.8,11,4,21
2025-11-04 22:00:00+00:00,3.3,0.0,0.9,11,4,22
2025-11-04 23:00:00+00:00,2.7,0.0,0.8,11,4,23
2025-11-05 00:00:00+00:00,2.5,0.0,2.7,11,5,0
2025-11-05 01:00:00+00:00,1.4,0.0,3.3,11,5,1
2025-11-05 02:00:00+00:00,1.8,0.0,3.2,11,5,2
2025-11-05 03:00:00+00:00,2.3,0.0,2.9,11,5,3
2025-11-05 04:00:00+00:00,2.5,0.0,0.7,11,5,4
2025-11-05 05:00:00+00:00,2.5,0.0,4.2,11,5,5
2025-11-05 06:00:00+00:00,1.4,0.0,5.8,11,5,6
2025-11-05 07:00:00+00:00,1.6,0.0,5.5,11,5,7
2025-11-05 08:00:00+00:00,2.8,0.0,6.0,11,5,8
2025-11-05 09:00:00+00:00,3.7,0.0,4.7,11,5,9
2025-11-05 10:00:00+00:00,5.7,0.0,1.8,11,5,10
2025-11-05 11:00:00+00:00,7.7,0.0,0.6,11,5,11
2025-11-05 12:00:00+00:00,8.6,0.0,1.0,11,5,12
2025-11-05 13:00:00+00:00,9.6,0.0,2.3,11,5,13
2025-11-05 14:00:00+00:00,9.8,0.0,3.6,11,5,14
2025-11-05 15:00:00+00:00,8.9,0.0,4.2,11,5,15
2025-11-05 16:00:00+00:00,6.2,0.0,3.6,11,5,16
2025-11-05 17:00:00+00:00,5.4,0.0,3.3,11,5,17
2025-11-05 18:00:00+00:00,4.9,0.0,2.6,11,5,18
2025-11-05 19:00:00+00:00,4.0,0.0,3.2,11,5,19
2025-11-05 20:00:00+00:00,3.3,0.0,3.4,11,5,20
2025-11-05 21:00:00+00:00,2.6,0.0,1.7,11,5,21
2025-11-05 22:00:00+00:00,1.8,0.0,0.6,11,5,22
2025-11-05 23:00:00+00:00,0.9,0.0,1.6,11,5,23
2025-11-06 00:00:00+00:00,1.2,0.0,1.8,11,6,0
2025-11-06 01:00:00+00:00,1.0,0.0,2.2,11,6,1
2025-11-06 02:00:00+00:00,1.2,0.0,1.9,11,6,2
2025-11-06 03:00:00+00:00,1.2,0.0,2.0,11,6,3
2025-11-06 04:00:00+00:00,1.5,0.0,1.6,11,6,4
2025-11-06 05:00:00+00:00,1.8,0.0,1.2,11,6,5
2025-11-06 06:00:00+00:00,1.8,0.0,0.7,11,6,6
2025-11-06 07:00:00+00:00,2.2,0.0,1.7,11,6,7
2025-11-06 08:00:00+00:00,2.8,0.0,2.1,11,6,8
2025-11-06 09:00:00+00:00,3.2,0.0,2.0,11,6,9
2025-11-06 10:00:00+00:00,4.6,0.0,2.0,11,6,10
2025-11-06 11:00:00+00:00,6.1,0.0,1.1,11,6,11
2025-11-06 12:00:00+00:00,6.7,0.0,1.0,11,6,12
2025-11-06 13:00:00+00:00,8.2,0.0,0.4,11,6,13
2025-11-06 14:00:00+00:00,8.6,0.0,1.0,11,6,14
2025-11-06 15:00:00+00:00,7.8,0.0,2.5,11,6,15
2025-11-06 16:00:00+00:00,4.8,0.0,4.8,11,6,16
2025-11-06 17:00:00+00:00,3.7,0.0,6.0,11,6,17
2025-11-06 18:00:00+00:00,3.3,0.0,5.5,11,6,18
2025-11-06 19:00:00+00:00,3.0,0.0,6.5,11,6,19
2025-11-06 20:00:00+00:00,2.5,0.0,3.7,11,6,20
2025-11-06 21:00:00+00:00,2.5,0.0,3.9,11,6,21
2025-11-06 22:00:00+00:00,2.8,0.0,3.3,11,6,22
2025-11-06 23:00:00+00:00,3.3,0.0,2.1,11,6,23
2025-11-07 00:00:00+00:00,3.0,0.0,2.8,11,7,0
2025-11-07 01:00:00+00:00,2.9,0.0,1.2,11,7,1
2025-11-07 02:00:00+00:00,2.8,0.0,0.9,11,7,2
2025-11-07 03:00:00+00:00,2.8,0.0,1.1,11,7,3
2025-11-07 04:00:00+00:00,2.7,0.0,1.7,11,7,4
2025-11-07 05:00:00+00:00,2.7,0.0,2.8,11,7,5
2025-11-07 06:00:00+00:00,2.4,0.0,1.5,11,7,6
2025-11-07 07:00:00+00:00,2.5,0.0,1.1,11,7,7
2025-11-07 08:00:00+00:00,2.8,0.0,0.2,11,7,8
2025-11-07 09:00:00+00:00,3.0,0.0,1.2,11,7,9
2025-11-07 10:00:00+00:00,4.2,0.0,1.3,11,7,10
2025-11-07 11:00:00+00:00,5.3,0.0,0.9,11,7,11
2025-11-07 12:00:00+00:00,4.9,0.0,2.7,11,7,12
2025-11-07 13:00:00+00:00,6.2,0.0,0.5,11,7,13
2025-11-07 14:00:00+00:00,6.8,0.0,1.0,11,7,14
2025-11-07 15:00:00+00:00,6.3,0.0,0.3,11,7,15
2025-11-07 16:00:00+00:00,3.9,0.0,0.9,11,7,16
2025-11-07 17:00:00+00:00,3.2,0.0,1.1,11,7,17
2025-11-07 18:00:00+00:00,4.0,0.0,2.4,11,7,18
2025-11-07 19:00:00+00:00,3.5,0.0,2.1,11,7,19
2025-11-07 20:00:00+00:00,3.5,0.0,1.9,11,7,20
2025-11-07 21:00:00+00:00,3.5,0.0,0.7,11,7,21
2025-11-07 22:00:00+00:00,3.7,0.0,1.8,11,7,22
2025-11-07 23:00:00+00:00,3.8,0.0,1.5,11,7,23
2025-11-08 00:00:00+00:00,3.0,0.0,0.2,11,8,0
2025-11-08 01:00:00+00:00,3.0,0.0,0.3,11,8,1
2025-11-08 02:00:00+00:00,3.2,0.0,0.3,11,8,2
2025-11-08 03:00:00+00:00,3.3,0.0,0.4,11,8,3
2025-11-08 04:00:00+00:00,3.3,0.0,0.4,11,8,4
2025-11-08 05:00:00+00:00,3.5,0.0,1.7,11,8,5
2025-11-08 06:00:00+00:00,2.5,0.0,2.3,11,8,6
2025-11-08 07:00:00+00:00,2.8,0.0,3.0,11,8,7
2025-11-08 08:00:00+00:00,3.4,0.0,2.8,11,8,8
2025-11-08 09:00:00+00:00,4.1,0.0,1.5,11,8,9
2025-11-08 10:00:00+00:00,4.7,0.0,0.9,11,8,10
2025-11-08 11:00:00+00:00,5.8,0.0,1.9,11,8,11
2025-11-08 12:00:00+00:00,5.2,0.0,2.6,11,8,12
2025-11-08 13:00:00+00:00,6.5,0.0,2.4,11,8,13
2025-11-08 14:00:00+00:00,6.7,0.0,2.2,11,8,14
2025-11-08 15:00:00+00:00,6.1,0.0,1.6,11,8,15
2025-11-08 16:00:00+00:00,3.8,0.0,0.4,11,8,16
2025-11-08 17:00:00+00:00,3.2,0.0,0.4,11,8,17
2025-11-08 18:00:00+00:00,4.1,0.0,0.5,11,8,18
2025-11-08 19:00:00+00:00,3.3,0.0,1.4,11,8,19
2025-11-08 20:00:00+00:00,3.0,0.0,1.3,11,8,20
2025-11-08 21:00:00+00:00,3.3,0.0,0.2,11,8,21
2025-11-08 22:00:00+00:00,3.9,0.0,1.8,11,8,22
2025-11-08 23:00:00+00:00,4.3,0.0,1.9,11,8,23
2025-11-09 00:00:00+00:00,4.7,0.0,2.2,11,9,0
2025-11-09 01:00:00+00:00,5.2,0.0,2.8,11,9,1
2025-11-09 02:00:00+00:00,4.7,0.1,2.6,11,9,2
2025-11-09 03:00:00+00:00,4.7,0.1,1.6,11,9,3
2025-11-09 04:00:00+00:00,4.3,0.0,2.0,11,9,4
2025-11-09 05:00:00+00:00,4.0,0.0,2.5,11,9,5
2025-11-09 06:00:00+00:00,4.4,0.0,2.5,11,9,6
2025-11-09 07:00:00+00:00,4.8,0.5,5.2,11,9,7
2025-11-09 08:00:00+00:00,5.6,0.2,7.2,11,9,8
2025-11-09 09:00:00+00:00,6.4,0.1,7.5,11,9,9
2025-11-09 10:00:00+00:00,7.4,0.1,7.1,11,9,10
2025-11-09 11:00:00+00:00,8.1,0.1,5.7,11,9,11
2025-11-09 12:00:00+00:00,8.5,0.1,6.5,11,9,12
2025-11-09 13:00:00+00:00,8.9,0.0,6.2,11,9,13
2025-11-09 14:00:00+00:00,9.3,0.0,6.8,11,9,14
2025-11-09 15:00:00+00:00,9.1,0.0,3.3,11,9,15
2025-11-09 16:00:00+00:00,7.9,0.0,3.2,11,9,16
2025-11-09 17:00:00+00:00,7.1,0.0,3.1,11,9,17
2025-11-09 18:00:00+00:00,6.7,0.0,3.1,11,9,18
2025-11-09 19:00:00+00:00,6.4,0.3,2.5,11,9,19
2025-11-09 20:00:00+00:00,6.5,0.1,1.0,11,9,20
2025-11-09 21:00:00+00:00,5.7,0.3,0.3,11,9,21
2025-11-09 22:00:00+00:00,5.1,0.4,0.0,11,9,22
2025-11-09 23:00:00+00:00,4.7,0.0,2.8,11,9,23
2025-11-10 00:00:00+00:00,5.2,0.0,4.7,11,10,0
2025-11-10 01:00:00+00:00,4.7,0.0,6.7,11,10,1
2025-11-10 02:00:00+00:00,4.9,0.0,5.4,11,10,2
2025-11-10 03:00:00+00:00,4.8,0.0,6.4,11,10,3
2025-11-10 04:00:00+00:00,4.6,0.0,7.6,11,10,4
2025-11-10 05:00:00+00:00,4.6,0.0,4.0,11,10,5
2025-11-10 06:00:00+00:00,4.4,0.0,6.8,11,10,6
2025-11-10 07:00:00+00:00,4.6,0.0,5.7,11,10,7
2025-11-10 08:00:00+00:00,4.9,0.0,5.9,11,10,8
2025-11-10 09:00:00+00:00,5.8,0.0,2.6,11,10,9
2025-11-10 10:00:00+00:00,6.7,0.0,2.3,11,10,10
2025-11-10 11:00:00+00:00,7.2,0.1,1.5,11,10,11
2025-11-10 12:00:00+00:00,6.8,0.1,2.5,11,10,12
2025-11-10 13:00:00+00:00,7.6,0.0,0.6,11,10,13
2025-11-10 14:00:00+00:00,7.8,0.0,0.3,11,10,14
2025-11-10 15:00:00+00:00,7.8,0.0,0.7,11,10,15
2025-11-10 16:00:00+00:00,5.7,0.0,2.5,11,10,16
2025-11-10 17:00:00+00:00,3.7,0.0,4.1,11,10,17
2025-11-10 18:00:00+00:00,4.1,0.0,2.8,11,10,18
2025-11-10 19:00:00+00:00,4.7,0.0,2.6,11,10,19
2025-11-10 20:00:00+00:00,3.2,0.0,2.7,11,10,20
2025-11-10 21:00:00+00:00,4.0,0.0,7.3,11,10,21
2025-11-10 22:00:00+00:00,4.2,0.0,3.7,11,10,22
2025-11-10 23:00:00+00:00,3.8,0.0,2.1,11,10,23
2025-11-11 00:00:00+00:00,4.8,0.0,7.5,11,11,0
2025-11-11 01:00:00+00:00,5.4,0.0,6.6,11,11,1
2025-11-11 02:00:00+00:00,5.8,0.0,6.4,11,11,2
2025-11-11 03:00:00+00:00,6.3,0.0,9.7,11,11,3
2025-11-11 04:00:00+00:00,6.3,0.0,6.8,11,11,4
2025-11-11 05:00:00+00:00,5.7,0.0,3.6,11,11,5
2025-11-11 06:00:00+00:00,4.8,0.0,1.3,11,11,6
2025-11-11 07:00:00+00:00,4.8,0.0,0.9,11,11,7
2025-11-11 08:00:00+00:00,5.8,0.0,4.4,11,11,8
2025-11-11 09:00:00+00:00,7.2,0.0,4.7,11,11,9
2025-11-11 10:00:00+00:00,9.1,0.0,3.0,11,11,10
2025-11-11 11:00:00+00:00,10.9,0.0,2.2,11,11,11
2025-11-11 12:00:00+00:00,12.3,0.0,3.2,11,11,12
2025-11-11 13:00:00+00:00,12.9,0.0,2.0,11,11,13
2025-11-11 14:00:00+00:00,12.9,0.0,1.8,11,11,14
2025-11-11 15:00:00+00:00,11.6,0.0,1.3,11,11,15
2025-11-11 16:00:00+00:00,9.1,0.0,2.1,11,11,16
2025-11-11 17:00:00+00:00,7.7,0.0,2.2,11,11,17
2025-11-11 18:00:00+00:00,6.7,0.0,1.1,11,11,18
2025-11-11 19:00:00+00:00,5.7,0.0,1.5,11,11,19
2025-11-11 20:00:00+00:00,4.9,0.0,1.8,11,11,20
2025-11-11 21:00:00+00:00,4.5,0.0,1.4,11,11,21
2025-11-11 22:00:00+00:00,4.0,0.0,1.3,11,11,22
2025-11-11 23:00:00+00:00,3.5,0.0,2.4,11,11,23
2025-11-12 00:00:00+00:00,2.8,0.0,0.4,11,12,0
2025-11-12 01:00:00+00:00,2.0,0.0,0.2,11,12,1
2025-11-12 02:00:00+00:00,1.9,0.0,1.3,11,12,2
2025-11-12 03:00:00+00:00,2.0,0.0,2.3,11,12,3
2025-11-12 04:00:00+00:00,2.0,0.0,1.0,11,12,4
2025-11-12 05:00:00+00:00,2.1,0.0,0.5,11,12,5
2025-11-12 06:00:00+00:00,1.5,0.0,0.4,11,12,6
2025-11-12 07:00:00+00:00,1.8,0.0,2.2,11,12,7
2025-11-12 08:00:00+00:00,3.2,0.0,1.7,11,12,8
2025-11-12 09:00:00+00:00,4.2,0.0,3.1,11,12,9
2025-11-12 10:00:00+00:00,5.9,0.0,4.0,11,12,10
2025-11-12 11:00:00+00:00,7.7,0.0,1.7,11,12,11
2025-11-12 12:00:00+00:00,9.4,0.0,2.1,11,12,12
2025-11-12 13:00:00+00:00,10.2,0.0,2.7,11,12,13
2025-11-12 14:00:00+00:00,10.3,0.0,0.8,11,12,14
2025-11-12 15:00:00+00:00,9.2,0.0,0.6,11,12,15
2025-11-12 16:00:00+00:00,7.3,0.0,0.7,11,12,16
2025-11-12 17:00:00+00:00,6.3,0.0,3.3,11,12,17
2025-11-12 18:00:00+00:00,5.4,0.0,1.5,11,12,18
2025-11-12 19:00:00+00:00,4.6,0.0,1.9,11,12,19
2025-11-12 20:00:00+00:00,4.7,0.0,1.3,11,12,20
2025-11-12 21:00:00+00:00,4.2,0.0,3.5,11,12,21
2025-11-12 22:00:00+00:00,3.5,0.0,4.6,11,12,22
2025-11-12 23:00:00+00:00,3.5,0.0,3.9,11,12,23
2025-11-13 00:00:00+00:00,3.0,0.0,3.4,11,13,0
2025-11-13 01:00:00+00:00,2.5,0.0,0.4,11,13,1
2025-11-13 02:00:00+00:00,2.0,0.0,2.7,11,13,2
2025-11-13 03:00:00+00:00,2.2,0.0,2.7,11,13,3
2025-11-13 04:00:00+00:00,2.5,0.0,4.1,11,13,4
2025-11-13 05:00:00+00:00,3.1,0.0,1.9,11,13,5
2025-11-13 06:00:00+00:00,2.5,0.0,2.4,11,13,6
2025-11-13 07:00:00+00:00,2.2,0.0,1.2,11,13,7
2025-11-13 08:00:00+00:00,4.2,0.0,0.2,11,13,8
2025-11-13 09:00:00+00:00,5.8,0.0,1.5,11,13,9
2025-11-13 10:00:00+00:00,7.9,0.0,1.7,11,13,10
2025-11-13 11:00:00+00:00,11.1,0.0,3.8,11,13,11
2025-11-13 12:00:00+00:00,12.4,0.0,2.5,11,13,12
2025-11-13 13:00:00+00:00,14.1,0.0,3.5,11,13,13
2025-11-13 14:00:00+00:00,14.1,0.0,3.4,11,13,14
2025-11-13 15:00:00+00:00,10.9,0.0,4.4,11,13,15
2025-11-13 16:00:00+00:00,7.3,0.0,5.4,11,13,16
2025-11-13 17:00:00+00:00,5.8,0.0,3.6,11,13,17
2025-11-13 18:00:00+00:00,5.8,0.0,0.7,11,13,18
2025-11-13 19:00:00+00:00,5.3,0.0,2.4,11,13,19
2025-11-13 20:00:00+00:00,5.6,0.0,4.9,11,13,20
2025-11-13 21:00:00+00:00,5.5,0.0,4.8,11,13,21
2025-11-13 22:00:00+00:00,5.3,0.0,3.5,11,13,22
2025-11-13 23:00:00+00:00,4.8,0.0,1.7,11,13,23
2025-11-14 00:00:00+00:00,3.3,0.0,2.2,11,14,0
2025-11-14 01:00:00+00:00,2.7,0.0,0.8,11,14,1
2025-11-14 02:00:00+00:00,2.3,0.0,1.8,11,14,2
2025-11-14 03:00:00+00:00,1.9,0.0,1.5,11,14,3
2025-11-14 04:00:00+00:00,1.5,0.0,0.8,11,14,4
2025-11-14 05:00:00+00:00,1.1,0.0,1.9,11,14,5
2025-11-14 06:00:00+00:00,1.0,0.0,2.8,11,14,6
2025-11-14 07:00:00+00:00,0.9,0.0,2.3,11,14,7
2025-11-14 08:00:00+00:00,2.5,0.0,4.7,11,14,8
2025-11-14 09:00:00+00:00,4.9,0.0,4.0,11,14,9
2025-11-14 10:00:00+00:00,7.5,0.0,3.1,11,14,10
2025-11-14 11:00:00+00:00,8.4,0.0,3.3,11,14,11
2025-11-14 12:00:00+00:00,10.6,0.0,4.3,11,14,12
2025-11-14 13:00:00+00:00,11.7,0.0,4.2,11,14,13
2025-11-14 14:00:00+00:00,11.0,0.0,3.2,11,14,14
2025-11-14 15:00:00+00:00,8.8,0.0,2.6,11,14,15
2025-11-14 16:00:00+00:00,6.9,0.0,2.3,11,14,16
2025-11-14 17:00:00+00:00,6.6,0.0,0.6,11,14,17
2025-11-14 18:00:00+00:00,7.8,0.0,1.0,11,14,18
2025-11-14 19:00:00+00:00,8.6,0.0,1.3,11,14,19
2025-11-14 20:00:00+00:00,8.2,0.0,3.9,11,14,20
2025-11-14 21:00:00+00:00,8.6,0.0,2.9,11,14,21
2025-11-14 22:00:00+00:00,7.6,0.0,3.4,11,14,22
2025-11-14 23:00:00+00:00,7.5,0.0,4.9,11,14,23
2025-11-15 00:00:00+00:00,7.7,0.0,5.2,11,15,0
2025-11-15 01:00:00+00:00,7.8,0.0,5.2,11,15,1
2025-11-15 02:00:00+00:00,8.1,0.0,1.2,11,15,2
2025-11-15 03:00:00+00:00,7.8,0.0,6.2,11,15,3
2025-11-15 04:00:00+00:00,6.7,0.0,5.3,11,15,4
2025-11-15 05:00:00+00:00,6.6,0.0,5.0,11,15,5
2025-11-15 06:00:00+00:00,6.3,0.0,3.5,11,15,6
2025-11-15 07:00:00+00:00,5.8,0.0,2.2,11,15,7
2025-11-15 08:00:00+00:00,7.4,0.0,5.4,11,15,8
2025-11-15 09:00:00+00:00,9.5,0.0,1.5,11,15,9
2025-11-15 10:00:00+00:00,11.4,0.0,0.5,11,15,10
2025-11-15 11:00:00+00:00,12.9,0.0,2.8,11,15,11
2025-11-15 12:00:00+00:00,14.5,0.0,6.5,11,15,12
2025-11-15 13:00:00+00:00,15.1,0.0,4.2,11,15,13
2025-11-15 14:00:00+00:00,14.9,0.0,3.9,11,15,14
2025-11-15 15:00:00+00:00,12.9,0.0,5.2,11,15,15
2025-11-15 16:00:00+00:00,11.7,0.0,10.3,11,15,16
2025-11-15 17:00:00+00:00,12.1,0.0,14.9,11,15,17
2025-11-15 18:00:00+00:00,10.2,0.0,5.1,11,15,18
2025-11-15 19:00:00+00:00,11.1,0.0,7.6,11,15,19
2025-11-15 20:00:00+00:00,10.6,0.2,9.7,11,15,20
2025-11-15 21:00:00+00:00,10.1,0.3,4.8,11,15,21
2025-11-15 22:00:00+00:00,8.2,0.0,5.1,11,15,22
2025-11-15 23:00:00+00:00,7.6,0.0,6.2,11,15,23
2025-11-16 00:00:00+00:00,7.5,0.0,4.4,11,16,0
2025-11-16 01:00:00+00:00,7.2,0.0,2.3,11,16,1
2025-11-16 02:00:00+00:00,6.0,0.0,3.5,11,16,2
2025-11-16 03:00:00+00:00,5.9,0.0,4.1,11,16,3
2025-11-16 04:00:00+00:00,6.1,0.0,1.9,11,16,4
2025-11-16 05:00:00+00:00,5.7,0.0,1.7,11,16,5
2025-11-16 06:00:00+00:00,5.2,0.0,2.2,11,16,6
2025-11-16 07:00:00+00:00,5.4,0.0,3.4,11,16,7
2025-11-16 08:00:00+00:00,6.3,0.0,3.6,11,16,8
2025-11-16 09:00:00+00:00,6.7,0.0,3.9,11,16,9
2025-11-16 10:00:00+00:00,7.6,0.0,5.8,11,16,10
2025-11-16 11:00:00+00:00,7.8,0.0,5.5,11,16,11
2025-11-16 12:00:00+00:00,8.4,0.1,5.8,11,16,12
2025-11-16 13:00:00+00:00,8.1,0.5,4.7,11,16,13
2025-11-16 14:00:00+00:00,8.4,0.5,7.9,11,16,14
2025-11-16 15:00:00+00:00,8.4,0.5,6.9,11,16,15
2025-11-16 16:00:00+00:00,7.8,0.4,6.0,11,16,16
2025-11-16 17:00:00+00:00,7.2,0.0,0.8,11,16,17
2025-11-16 18:00:00+00:00,7.0,0.0,1.7,11,16,18
2025-11-16 19:00:00+00:00,7.2,0.0,1.1,11,16,19
2025-11-16 20:00:00+00:00,7.0,0.0,3.2,11,16,20
2025-11-16 21:00:00+00:00,7.6,0.0,6.1,11,16,21
2025-11-16 22:00:00+00:00,7.7,0.0,6.9,11,16,22
2025-11-16 23:00:00+00:00,7.4,0.0,5.3,11,16,23
2025-11-17 00:00:00+00:00,7.3,0.0,3.4,11,17,0
2025-11-17 01:00:00+00:00,7.2,0.0,4.1,11,17,1
2025-11-17 02:00:00+00:00,6.9,0.0,5.2,11,17,2
2025-11-17 03:00:00+00:00,6.4,0.0,6.4,11,17,3
2025-11-17 04:00:00+00:00,6.3,0.0,7.3,11,17,4
2025-11-17 05:00:00+00:00,6.4,0.0,11.0,11,17,5
2025-11-17 06:00:00+00:00,6.8,0.0,10.2,11,17,6
2025-11-17 07:00:00+00:00,7.2,0.3,12.1,11,17,7
2025-11-17 08:00:00+00:00,7.8,0.4,12.1,11,17,8
2025-11-17 09:00:00+00:00,7.7,0.9,11.2,11,17,9
2025-11-17 10:00:00+00:00,8.4,0.4,10.4,11,17,10
2025-11-17 11:00:00+00:00,5.7,1.2,14.8,11,17,11
2025-11-17 12:00:00+00:00,5.7,1.9,8.4,11,17,12
2025-11-17 13:00:00+00:00,5.4,0.3,7.0,11,17,13
2025-11-17 14:00:00+00:00,5.6,0.1,8.7,11,17,14
2025-11-17 15:00:00+00:00,5.3,0.0,5.9,11,17,15
2025-11-17 16:00:00+00:00,4.6,0.0,6.7,11,17,16
2025-11-17 17:00:00+00:00,3.5,0.0,5.9,11,17,17
2025-11-17 18:00:00+00:00,3.0,0.0,6.1,11,17,18
2025-11-17 19:00:00+00:00,2.8,0.1,4.6,11,17,19
2025-11-17 20:00:00+00:00,2.0,0.2,5.9,11,17,20
2025-11-17 21:00:00+00:00,1.0,0.0,4.6,11,17,21
2025-11-17 22:00:00+00:00,0.5,0.0,5.5,11,17,22
2025-11-17 23:00:00+00:00,-0.9,0.0,4.7,11,17,23
2025-11-18 00:00:00+00:00,-0.9,0.0,5.2,11,18,0
2025-11-18 01:00:00+00:00,-1.9,0.0,5.1,11,18,1
2025-11-18 02:00:00+00:00,-2.2,0.0,5.6,11,18,2
2025-11-18 03:00:00+00:00,-1.9,0.0,6.1,11,18,3
2025-11-18 04:00:00+00:00,-2.2,0.0,5.8,11,18,4
2025-11-18 05:00:00+00:00,-2.8,0.0,5.6,11,18,5
2025-11-18 06:00:00+00:00,-2.5,0.0,6.6,11,18,6
2025-11-18 07:00:00+00:00,-2.2,0.0,8.0,11,18,7
2025-11-18 08:00:00+00:00,-0.7,0.0,10.0,11,18,8
2025-11-18 09:00:00+00:00,0.6,0.0,10.5,11,18,9
2025-11-18 10:00:00+00:00,1.9,0.0,9.2,11,18,10
2025-11-18 11:00:00+00:00,2.8,0.0,6.9,11,18,11
2025-11-18 12:00:00+00:00,3.4,0.0,4.5,11,18,12
2025-11-18 13:00:00+00:00,4.1,0.0,2.3,11,18,13
2025-11-18 14:00:00+00:00,4.0,0.0,3.1,11,18,14
2025-11-18 15:00:00+00:00,3.0,0.0,5.7,11,18,15
2025-11-18 16:00:00+00:00,0.8,0.0,6.3,11,18,16
2025-11-18 17:00:00+00:00,-0.6,0.0,4.3,11,18,17
2025-11-18 18:00:00+00:00,-0.6,0.0,3.7,11,18,18
2025-11-18 19:00:00+00:00,-1.4,0.0,5.3,11,18,19
2025-11-18 20:00:00+00:00,-1.3,0.0,6.0,11,18,20
2025-11-18 21:00:00+00:00,-0.9,0.0,8.0,11,18,21
2025-11-18 22:00:00+00:00,-1.0,0.0,9.0,11,18,22
2025-11-18 23:00:00+00:00,-1.2,0.0,7.8,11,18,23
2025-11-19 00:00:00+00:00,-1.4,0.0,6.8,11,19,0
2025-11-19 01:00:00+00:00,-1.6,0.0,5.8,11,19,1
2025-11-19 02:00:00+00:00,-2.2,0.0,5.5,11,19,2
2025-11-19 03:00:00+00:00,-2.4,0.0,4.7,11,19,3
2025-11-19 04:00:00+00:00,-2.8,0.0,4.4,11,19,4
2025-11-19 05:00:00+00:00,-2.5,0.0,3.7,11,19,5
2025-11-19 06:00:00+00:00,-2.5,0.0,4.3,11,19,6
2025-11-19 07:00:00+00:00,-2.5,0.0,5.8,11,19,7
2025-11-19 08:00:00+00:00,-1.5,0.0,6.5,11,19,8
2025-11-19 09:00:00+00:00,0.2,0.0,7.0,11,19,9
2025-11-19 10:00:00+00:00,1.9,0.0,7.0,11,19,10
2025-11-19 11:00:00+00:00,2.6,0.0,5.8,11,19,11
2025-11-19 12:00:00+00:00,2.8,0.0,7.3,11,19,12
2025-11-19 13:00:00+00:00,3.5,0.0,7.1,11,19,13
2025-11-19 14:00:00+00:00,3.3,0.0,7.3,11,19,14
2025-11-19 15:00:00+00:00,1.7,0.0,6.1,11,19,15
2025-11-19 16:00:00+00:00,0.2,0.0,7.4,11,19,16
2025-11-19 17:00:00+00:00,0.1,0.0,7.2,11,19,17
2025-11-19 18:00:00+00:00,-0.7,0.0,6.5,11,19,18
2025-11-19 19:00:00+00:00,-1.0,0.0,5.5,11,19,19
2025-11-19 20:00:00+00:00,-0.6,0.0,6.0,11,19,20
2025-11-19 21:00:00+00:00,0.5,0.0,7.0,11,19,21
2025-11-19 22:00:00+00:00,0.9,0.2,8.0,11,19,22
2025-11-19 23:00:00+00:00,1.2,0.4,13.1,11,19,23
2025-11-20 00:00:00+00:00,1.2,0.8,17.4,11,20,0
2025-11-20 01:00:00+00:00,1.0,1.4,17.5,11,20,1
2025-11-20 02:00:00+00:00,0.9,0.7,13.4,11,20,2
2025-11-20 03:00:00+00:00,0.9,0.3,14.6,11,20,3
2025-11-20 04:00:00+00:00,1.0,0.4,15.3,11,20,4
2025-11-20 05:00:00+00:00,0.4,1.5,16.1,11,20,5
2025-11-20 06:00:00+00:00,0.7,0.4,17.1,11,20,6
2025-11-20 07:00:00+00:00,0.7,0.0,15.3,11,20,7
2025-11-20 08:00:00+00:00,1.0,0.0,13.1,11,20,8
2025-11-20 09:00:00+00:00,1.9,0.0,11.4,11,20,9
2025-11-20 10:00:00+00:00,2.5,0.0,15.3,11,20,10
2025-11-20 11:00:00+00:00,2.8,0.0,15.8,11,20,11
2025-11-20 12:00:00+00:00,3.4,0.1,12.7,11,20,12
2025-11-20 13:00:00+00:00,3.8,0.0,11.1,11,20,13
2025-11-20 14:00:00+00:00,3.3,0.0,11.2,11,20,14
2025-11-20 15:00:00+00:00,2.3,0.0,7.6,11,20,15
2025-11-20 16:00:00+00:00,0.3,0.0,5.0,11,20,16
2025-11-20 17:00:00+00:00,-0.6,0.0,4.0,11,20,17
2025-11-20 18:00:00+00:00,-0.2,0.0,6.5,11,20,18
2025-11-20 19:00:00+00:00,-1.0,0.0,5.5,11,20,19
2025-11-20 20:00:00+00:00,-1.4,0.0,4.8,11,20,20
2025-11-20 21:00:00+00:00,-2.1,0.0,4.5,11,20,21
2025-11-20 22:00:00+00:00,-2.2,0.1,2.4,11,20,22
2025-11-20 23:00:00+00:00,-3.1,0.0,3.1,11,20,23
2025-11-21 00:00:00+00:00,-1.5,0.1,5.0,11,21,0
2025-11-21 01:00:00+00:00,-1.2,1.1,6.0,11,21,1
2025-11-21 02:00:00+00:00,-1.5,0.2,8.3,11,21,2
2025-11-21 03:00:00+00:00,-1.6,0.2,6.7,11,21,3
2025-11-21 04:00:00+00:00,-1.5,0.1,7.1,11,21,4
2025-11-21 05:00:00+00:00,-1.3,0.1,7.6,11,21,5
2025-11-21 06:00:00+00:00,-0.6,0.0,9.9,11,21,6
2025-11-21 07:00:00+00:00,-0.6,0.1,11.5,11,21,7
2025-11-21 08:00:00+00:00,-0.2,0.0,12.4,11,21,8
2025-11-21 09:00:00+00:00,0.3,0.1,13.0,11,21,9
2025-11-21 10:00:00+00:00,0.8,0.1,14.2,11,21,10
2025-11-21 11:00:00+00:00,1.0,0.1,14.2,11,21,11
2025-11-21 12:00:00+00:00,1.1,0.0,14.1,11,21,12
2025-11-21 13:00:00+00:00,1.1,0.0,13.1,11,21,13
2025-11-21 14:00:00+00:00,0.8,0.0,12.9,11,21,14
2025-11-21 15:00:00+00:00,0.1,0.0,11.0,11,21,15
2025-11-21 16:00:00+00:00,-0.5,0.1,10.5,11,21,16
2025-11-21 17:00:00+00:00,-0.8,0.0,11.8,11,21,17
2025-11-21 18:00:00+00:00,-0.8,0.0,8.5,11,21,18
2025-11-21 19:00:00+00:00,-0.7,0.0,10.9,11,21,19
2025-11-21 20:00:00+00:00,-1.0,0.0,11.7,11,21,20
2025-11-21 21:00:00+00:00,-1.5,0.0,13.0,11,21,21
2025-11-21 22:00:00+00:00,-2.0,0.0,13.0,11,21,22
2025-11-21 23:00:00+00:00,-2.3,0.0,11.7,11,21,23
2025-11-22 00:00:00+00:00,-3.2,0.0,9.9,11,22,0
2025-11-22 01:00:00+00:00,-3.8,0.0,9.9,11,22,1
2025-11-22 02:00:00+00:00,-4.1,0.0,9.8,11,22,2
2025-11-22 03:00:00+00:00,-4.2,0.0,8.9,11,22,3
2025-11-22 04:00:00+00:00,-4.4,0.0,7.0,11,22,4
2025-11-22 05:00:00+00:00,-4.6,0.0,5.3,11,22,5
2025-11-22 06:00:00+00:00,-4.8,0.0,6.3,11,22,6
2025-11-22 07:00:00+00:00,-4.9,0.0,5.9,11,22,7
2025-11-22 08:00:00+00:00,-3.6,0.0,6.0,11,22,8
2025-11-22 09:00:00+00:00,-2.9,0.0,6.6,11,22,9
2025-11-22 10:00:00+00:00,-2.2,0.0,6.0,11,22,10
2025-11-22 11:00:00+00:00,-1.5,0.0,5.8,11,22,11
2025-11-22 12:00:00+00:00,-2.0,0.0,5.9,11,22,12
2025-11-22 13:00:00+00:00,-1.4,0.0,4.3,11,22,13
2025-11-22 14:00:00+00:00,-1.4,0.0,3.6,11,22,14
2025-11-22 15:00:00+00:00,-2.2,0.0,2.2,11,22,15
2025-11-22 16:00:00+00:00,-3.8,0.0,1.8,11,22,16
2025-11-22 17:00:00+00:00,-4.3,0.0,1.3,11,22,17
2025-11-22 18:00:00+00:00,-4.6,0.0,1.5,11,22,18
2025-11-22 19:00:00+00:00,-5.3,0.0,1.8,11,22,19
2025-11-22 20:00:00+00:00,-5.6,0.0,1.2,11,22,20
2025-11-22 21:00:00+00:00,-5.9,0.0,2.4,11,22,21
2025-11-22 22:00:00+00:00,-6.2,0.0,1.7,11,22,22
2025-11-22 23:00:00+00:00,-6.7,0.0,2.8,11,22,23
2025-11-23 00:00:00+00:00,-6.3,0.0,3.2,11,23,0
2025-11-23 01:00:00+00:00,-6.8,0.0,0.5,11,23,1
2025-11-23 02:00:00+00:00,-6.8,0.0,0.4,11,23,2
2025-11-23 03:00:00+00:00,-7.2,0.0,2.1,11,23,3
2025-11-23 04:00:00+00:00,-7.2,0.0,2.0,11,23,4
2025-11-23 05:00:00+00:00,-7.2,0.0,1.4,11,23,5
2025-11-23 06:00:00+00:00,-6.5,0.0,1.4,11,23,6
2025-11-23 07:00:00+00:00,-6.9,0.0,1.3,11,23,7
2025-11-23 08:00:00+00:00,-6.1,0.0,1.5,11,23,8
2025-11-23 09:00:00+00:00,-4.8,0.0,1.2,11,23,9
2025-11-23 10:00:00+00:00,-3.5,0.0,3.2,11,23,10
2025-11-23 11:00:00+00:00,-1.1,0.0,1.4,11,23,11
2025-11-23 12:00:00+00:00,-0.8,0.0,3.5,11,23,12
2025-11-23 13:00:00+00:00,-0.4,0.0,2.8,11,23,13
2025-11-23 14:00:00+00:00,0.1,0.0,4.6,11,23,14
2025-11-23 15:00:00+00:00,-0.1,0.0,2.5,11,23,15
2025-11-23 16:00:00+00:00,-0.4,0.0,2.7,11,23,16
2025-11-23 17:00:00+00:00,0.3,0.0,6.3,11,23,17
2025-11-23 18:00:00+00:00,-0.9,0.1,3.2,11,23,18
2025-11-23 19:00:00+00:00,-0.6,0.2,7.4,11,23,19
2025-11-23 20:00:00+00:00,0.3,0.2,10.9,11,23,20
2025-11-23 21:00:00+00:00,0.3,0.5,6.8,11,23,21
2025-11-23 22:00:00+00:00,-0.2,1.0,4.8,11,23,22
2025-11-23 23:00:00+00:00,0.2,1.7,10.7,11,23,23
2025-11-24 00:00:00+00:00,2.0,1.9,11.8,11,24,0
2025-11-24 01:00:00+00:00,1.8,2.8,15.4,11,24,1
2025-11-24 02:00:00+00:00,1.6,2.6,14.7,11,24,2
2025-11-24 03:00:00+00:00,0.9,2.3,13.4,11,24,3
2025-11-24 04:00:00+00:00,0.6,2.4,12.3,11,24,4
2025-11-24 05:00:00+00:00,0.6,2.3,11.6,11,24,5
2025-11-24 06:00:00+00:00,2.0,2.3,14.0,11,24,6
2025-11-24 07:00:00+00:00,1.5,2.1,12.9,11,24,7
2025-11-24 08:00:00+00:00,1.3,2.2,11.7,11,24,8
2025-11-24 09:00:00+00:00,1.4,1.5,7.2,11,24,9
2025-11-24 10:00:00+00:00,1.4,1.4,3.1,11,24,10
2025-11-24 11:00:00+00:00,1.4,1.2,2.6,11,24,11
2025-11-24 12:00:00+00:00,3.3,1.2,9.4,11,24,12
2025-11-24 13:00:00+00:00,3.5,0.9,11.0,11,24,13
2025-11-24 14:00:00+00:00,3.0,1.0,8.4,11,24,14
2025-11-24 15:00:00+00:00,2.5,2.4,8.0,11,24,15
2025-11-24 16:00:00+00:00,2.0,2.1,7.2,11,24,16
2025-11-24 17:00:00+00:00,1.5,1.6,4.9,11,24,17
2025-11-24 18:00:00+00:00,2.3,1.2,1.6,11,24,18
2025-11-24 19:00:00+00:00,2.5,1.7,6.4,11,24,19
2025-11-24 20:00:00+00:00,2.7,1.2,9.2,11,24,20
2025-11-24 21:00:00+00:00,2.0,0.2,4.9,11,24,21
2025-11-24 22:00:00+00:00,2.0,0.2,3.8,11,24,22
2025-11-24 23:00:00+00:00,1.7,0.5,3.3,11,24,23
2025-11-25 00:00:00+00:00,0.7,2.1,5.3,11,25,0
2025-11-25 01:00:00+00:00,1.0,0.2,7.1,11,25,1
2025-11-25 02:00:00+00:00,1.3,0.2,7.0,11,25,2
2025-11-25 03:00:00+00:00,1.5,3.5,8.0,11,25,3
2025-11-25 04:00:00+00:00,1.0,0.6,5.2,11,25,4
2025-11-25 05:00:00+00:00,1.0,0.0,8.1,11,25,5
2025-11-25 06:00:00+00:00,2.2,0.3,12.5,11,25,6
2025-11-25 07:00:00+00:00,1.5,0.1,13.2,11,25,7
2025-11-25 08:00:00+00:00,2.0,0.3,14.5,11,25,8
2025-11-25 09:00:00+00:00,2.4,0.3,13.6,11,25,9
2025-11-25 10:00:00+00:00,3.2,0.2,13.5,11,25,10
2025-11-25 11:00:00+00:00,3.5,0.1,11.7,11,25,11
2025-11-25 12:00:00+00:00,4.2,0.1,13.8,11,25,12
2025-11-25 13:00:00+00:00,4.0,0.7,15.5,11,25,13
2025-11-25 14:00:00+00:00,3.8,0.2,14.2,11,25,14
2025-11-25 15:00:00+00:00,2.9,0.3,13.8,11,25,15
2025-11-25 16:00:00+00:00,2.5,0.2,12.9,11,25,16
2025-11-25 17:00:00+00:00,2.0,0.5,12.7,11,25,17
2025-11-25 18:00:00+00:00,2.0,0.5,11.9,11,25,18
2025-11-25 19:00:00+00:00,1.5,0.3,9.2,11,25,19
2025-11-25 20:00:00+00:00,1.5,0.5,9.5,11,25,20
2025-11-25 21:00:00+00:00,1.0,0.4,9.4,11,25,21
2025-11-25 22:00:00+00:00,0.8,0.3,9.7,11,25,22
2025-11-25 23:00:00+00:00,0.7,1.2,9.4,11,25,23
2025-11-26 00:00:00+00:00,2.2,1.4,6.9,11,26,0
2025-11-26 01:00:00+00:00,1.3,0.9,6.7,11,26,1
2025-11-26 02:00:00+00:00,1.0,1.0,5.6,11,26,2
2025-11-26 03:00:00+00:00,0.8,0.3,4.1,11,26,3
2025-11-26 04:00:00+00:00,0.6,0.2,1.8,11,26,4
2025-11-26 05:00:00+00:00,0.5,0.2,2.4,11,26,5
2025-11-26 06:00:00+00:00,0.2,0.0,4.9,11,26,6
2025-11-26 07:00:00+00:00,0.1,0.2,5.6,11,26,7
2025-11-26 08:00:00+00:00,0.6,0.5,3.6,11,26,8
2025-11-26 09:00:00+00:00,0.9,0.9,2.1,11,26,9
2025-11-26 10:00:00+00:00,1.8,0.0,4.3,11,26,10
2025-11-26 11:00:00+00:00,2.7,0.1,5.0,11,26,11
2025-11-26 12:00:00+00:00,3.0,0.1,3.7,11,26,12
2025-11-26 13:00:00+00:00,3.0,0.2,5.3,11,26,13
2025-11-26 14:00:00+00:00,2.5,0.1,6.8,11,26,14
2025-11-26 15:00:00+00:00,1.4,0.4,7.1,11,26,15
2025-11-26 16:00:00+00:00,0.6,0.4,8.6,11,26,16
2025-11-26 17:00:00+00:00,0.4,0.1,3.9,11,26,17
2025-11-26 18:00:00+00:00,0.1,0.0,3.1,11,26,18
2025-11-26 19:00:00+00:00,-0.3,0.0,4.7,11,26,19
2025-11-26 20:00:00+00:00,0.1,0.0,5.4,11,26,20
2025-11-26 21:00:00+00:00,0.4,0.2,7.2,11,26,21
2025-11-26 22:00:00+00:00,0.7,0.0,7.9,11,26,22
2025-11-26 23:00:00+00:00,0.8,0.0,7.4,11,26,23
2025-11-27 00:00:00+00:00,-0.3,0.0,6.6,11,27,0
2025-11-27 01:00:00+00:00,-1.3,0.0,4.6,11,27,1
2025-11-27 02:00:00+00:00,-1.5,0.0,4.1,11,27,2
2025-11-27 03:00:00+00:00,-1.9,0.0,5.0,11,27,3
2025-11-27 04:00:00+00:00,-1.9,0.0,5.8,11,27,4
2025-11-27 05:00:00+00:00,-2.0,0.0,5.5,11,27,5
2025-11-27 06:00:00+00:00,-0.9,0.0,7.0,11,27,6
2025-11-27 07:00:00+00:00,-1.0,0.0,6.7,11,27,7
2025-11-27 08:00:00+00:00,-0.9,0.0,6.4,11,27,8
2025-11-27 09:00:00+00:00,-0.3,0.0,6.4,11,27,9
2025-11-27 10:00:00+00:00,0.9,0.0,7.0,11,27,10
2025-11-27 11:00:00+00:00,1.8,0.0,6.0,11,27,11
2025-11-27 12:00:00+00:00,2.9,0.0,5.0,11,27,12
2025-11-27 13:00:00+00:00,3.5,0.0,2.7,11,27,13
2025-11-27 14:00:00+00:00,3.5,0.0,4.0,11,27,14
2025-11-27 15:00:00+00:00,2.0,0.0,1.7,11,27,15
2025-11-27 16:00:00+00:00,-0.2,0.0,2.0,11,27,16
2025-11-27 17:00:00+00:00,-1.0,0.0,1.3,11,27,17
2025-11-27 18:00:00+00:00,-0.8,0.0,0.9,11,27,18
2025-11-27 19:00:00+00:00,-1.4,0.0,0.4,11,27,19
2025-11-27 20:00:00+00:00,-2.0,0.0,0.8,11,27,20
2025-11-27 21:00:00+00:00,-2.3,0.0,0.9,11,27,21
2025-11-27 22:00:00+00:00,-2.5,0.0,0.6,11,27,22
2025-11-27 23:00:00+00:00,-2.9,0.0,1.7,11,27,23
2025-11-28 00:00:00+00:00,-2.4,0.0,3.8,11,28,0
2025-11-28 01:00:00+00:00,-2.5,0.0,2.7,11,28,1
2025-11-28 02:00:00+00:00,-2.5,0.0,1.5,11,28,2
2025-11-28 03:00:00+00:00,-2.4,0.0,2.0,11,28,3
2025-11-28 04:00:00+00:00,-2.5,0.0,2.1,11,28,4
2025-11-28 05:00:00+00:00,-2.3,0.0,1.7,11,28,5
2025-11-28 06:00:00+00:00,-2.2,0.0,2.9,11,28,6
2025-11-28 07:00:00+00:00,-2.0,0.0,2.7,11,28,7
2025-11-28 08:00:00+00:00,-1.4,0.0,3.0,11,28,8
2025-11-28 09:00:00+00:00,-0.6,0.0,3.7,11,28,9
2025-11-28 10:00:00+00:00,0.4,0.0,3.0,11,28,10
2025-11-28 11:00:00+00:00,1.9,0.0,1.2,11,28,11
2025-11-28 12:00:00+00:00,2.9,0.0,3.4,11,28,12
2025-11-28 13:00:00+00:00,3.2,0.0,1.7,11,28,13
2025-11-28 14:00:00+00:00,2.9,0.0,1.0,11,28,14
2025-11-28 15:00:00+00:00,2.0,0.0,0.9,11,28,15
2025-11-28 16:00:00+00:00,1.6,0.0,1.0,11,28,16
2025-11-28 17:00:00+00:00,1.5,0.0,2.2,11,28,17
2025-11-28 18:00:00+00:00,2.0,0.0,4.2,11,28,18
2025-11-28 19:00:00+00:00,2.2,0.0,3.8,11,28,19
2025-11-28 20:00:00+00:00,2.5,0.0,6.1,11,28,20
2025-11-28 21:00:00+00:00,2.0,0.0,5.6,11,28,21
2025-11-28 22:00:00+00:00,1.1,0.0,4.6,11,28,22
2025-11-28 23:00:00+00:00,1.1,0.0,4.7,11,28,23
2025-11-29 00:00:00+00:00,1.4,0.1,3.2,11,29,0
2025-11-29 01:00:00+00:00,1.7,0.0,4.9,11,29,1
2025-11-29 02:00:00+00:00,2.0,0.2,5.5,11,29,2
2025-11-29 03:00:00+00:00,1.5,0.3,6.2,11,29,3
2025-11-29 04:00:00+00:00,1.5,0.3,6.5,11,29,4
2025-11-29 05:00:00+00:00,1.6,0.4,8.3,11,29,5
2025-11-29 06:00:00+00:00,1.6,0.1,7.3,11,29,6
2025-11-29 07:00:00+00:00,1.8,0.0,4.6,11,29,7
2025-11-29 08:00:00+00:00,2.3,0.0,4.6,11,29,8
2025-11-29 09:00:00+00:00,3.7,0.0,2.0,11,29,9
2025-11-29 10:00:00+00:00,4.9,0.0,2.4,11,29,10
2025-11-29 11:00:00+00:00,6.4,0.0,5.6,11,29,11
2025-11-29 12:00:00+00:00,6.8,0.0,2.7,11,29,12
2025-11-29 13:00:00+00:00,7.4,0.0,1.7,11,29,13
2025-11-29 14:00:00+00:00,7.2,0.0,1.3,11,29,14
2025-11-29 15:00:00+00:00,5.1,0.0,2.3,11,29,15
2025-11-29 16:00:00+00:00,2.9,0.0,3.3,11,29,16
2025-11-29 17:00:00+00:00,1.9,0.0,2.9,11,29,17
2025-11-29 18:00:00+00:00,1.5,0.0,1.2,11,29,18
2025-11-29 19:00:00+00:00,0.2,0.0,1.3,11,29,19
2025-11-29 20:00:00+00:00,-0.2,0.0,1.9,11,29,20
2025-11-29 21:00:00+00:00,-0.1,0.0,2.1,11,29,21
2025-11-29 22:00:00+00:00,0.1,0.0,1.8,11,29,22
2025-11-29 23:00:00+00:00,-0.5,0.0,2.3,11,29,23
2025-11-30 00:00:00+00:00,-0.3,0.0,2.8,11,30,0
2025-11-30 01:00:00+00:00,-0.7,0.0,0.4,11,30,1
2025-11-30 02:00:00+00:00,-0.6,0.0,1.2,11,30,2
2025-11-30 03:00:00+00:00,-0.2,0.0,1.0,11,30,3
2025-11-30 04:00:00+00:00,-0.3,0.0,0.7,11,30,4
2025-11-30 05:00:00+00:00,-0.2,0.0,1.0,11,30,5
2025-11-30 06:00:00+00:00,0.3,0.0,0.0,11,30,6
2025-11-30 07:00:00+00:00,0.2,0.7,1.0,11,30,7
2025-11-30 08:00:00+00:00,0.6,0.7,0.8,11,30,8
2025-11-30 09:00:00+00:00,1.1,0.1,3.5,11,30,9
2025-11-30 10:00:00+00:00,2.0,0.4,6.9,11,30,10
2025-11-30 11:00:00+00:00,2.9,0.3,4.5,11,30,11
2025-11-30 12:00:00+00:00,4.7,0.2,3.2,11,30,12
2025-11-30 13:00:00+00:00,5.3,0.0,3.1,11,30,13
2025-11-30 14:00:00+00:00,5.6,0.0,4.4,11,30,14
2025-11-30 15:00:00+00:00,4.6,0.0,1.5,11,30,15
2025-11-30 16:00:00+00:00,4.0,0.1,3.4,11,30,16
2025-11-30 17:00:00+00:00,4.4,0.2,8.8,11,30,17
2025-11-30 18:00:00+00:00,4.8,0.4,12.1,11,30,18
2025-11-30 19:00:00+00:00,4.6,0.5,10.6,11,30,19
2025-11-30 20:00:00+00:00,4.2,0.5,7.8,11,30,20
2025-11-30 21:00:00+00:00,3.9,0.4,10.3,11,30,21
2025-11-30 22:00:00+00:00,3.5,0.3,11.4,11,30,22
2025-11-30 23:00:00+00:00,3.2,0.2,8.1,11,30,23
2025-12-01 00:00:00+00:00,3.2,0.0,7.7,12,1,0
2025-12-01 01:00:00+00:00,2.7,0.1,6.8,12,1,1
2025-12-01 02:00:00+00:00,2.7,0.1,6.6,12,1,2
2025-12-01 03:00:00+00:00,2.7,0.0,6.8,12,1,3
2025-12-01 04:00:00+00:00,2.8,0.0,4.9,12,1,4
2025-12-01 05:00:00+00:00,2.5,0.0,5.1,12,1,5
2025-12-01 06:00:00+00:00,2.8,0.0,3.1,12,1,6
2025-12-01 07:00:00+00:00,2.7,0.0,1.9,12,1,7
2025-12-01 08:00:00+00:00,2.9,0.0,5.6,12,1,8
2025-12-01 09:00:00+00:00,3.3,0.0,6.8,12,1,9
2025-12-01 10:00:00+00:00,4.0,0.0,7.9,12,1,10
2025-12-01 11:00:00+00:00,4.4,0.0,7.5,12,1,11
2025-12-01 12:00:00+00:00,4.2,0.0,7.4,12,1,12
2025-12-01 13:00:00+00:00,4.6,0.0,5.1,12,1,13
2025-12-01 14:00:00+00:00,4.8,0.0,4.8,12,1,14
2025-12-01 15:00:00+00:00,4.7,0.0,1.8,12,1,15
2025-12-01 16:00:00+00:00,3.8,0.0,0.4,12,1,16
2025-12-01 17:00:00+00:00,3.3,0.0,1.8,12,1,17
2025-12-01 18:00:00+00:00,3.2,0.0,1.3,12,1,18
2025-12-01 19:00:00+00:00,2.6,0.0,0.3,12,1,19
2025-12-01 20:00:00+00:00,1.8,0.0,0.4,12,1,20
2025-12-01 21:00:00+00:00,1.4,0.0,1.0,12,1,21
2025-12-01 22:00:00+00:00,0.9,0.0,2.7,12,1,22
2025-12-01 23:00:00+00:00,0.6,0.0,4.0,12,1,23
2025-12-02 00:00:00+00:00,0.0,0.0,1.6,12,2,0
2025-12-02 01:00:00+00:00,0.1,0.0,2.8,12,2,1
2025-12-02 02:00:00+00:00,0.1,0.0,3.9,12,2,2
2025-12-02 03:00:00+00:00,-0.1,0.0,4.4,12,2,3
2025-12-02 04:00:00+00:00,-0.2,0.0,4.1,12,2,4
2025-12-02 05:00:00+00:00,-0.6,0.0,1.7,12,2,5
2025-12-02 06:00:00+00:00,-1.1,0.0,1.0,12,2,6
2025-12-02 07:00:00+00:00,-1.1,0.0,2.7,12,2,7
2025-12-02 08:00:00+00:00,-0.7,0.0,3.8,12,2,8
2025-12-02 09:00:00+00:00,0.0,0.0,2.4,12,2,9
2025-12-02 10:00:00+00:00,1.0,0.0,3.2,12,2,10
2025-12-02 11:00:00+00:00,2.2,0.0,3.2,12,2,11
2025-12-02 12:00:00+00:00,2.5,0.0,1.1,12,2,12
2025-12-02 13:00:00+00:00,3.8,0.0,0.9,12,2,13
2025-12-02 14:00:00+00:00,3.9,0.0,4.1,12,2,14
2025-12-02 15:00:00+00:00,2.1,0.0,3.9,12,2,15
2025-12-02 16:00:00+00:00,-0.1,0.0,5.7,12,2,16
2025-12-02 17:00:00+00:00,-0.7,0.0,5.8,12,2,17
2025-12-02 18:00:00+00:00,0.9,0.0,8.0,12,2,18
2025-12-02 19:00:00+00:00,0.2,0.0,6.0,12,2,19
2025-12-02 20:00:00+00:00,-0.1,0.0,4.6,12,2,20
2025-12-02 21:00:00+00:00,-0.1,0.0,4.3,12,2,21
2025-12-02 22:00:00+00:00,-0.2,0.0,3.7,12,2,22
2025-12-02 23:00:00+00:00,-0.3,0.0,3.5,12,2,23
2025-12-03 00:00:00+00:00,0.1,0.0,3.5,12,3,0
2025-12-03 01:00:00+00:00,-0.1,0.0,2.2,12,3,1
2025-12-03 02:00:00+00:00,-0.2,0.0,2.4,12,3,2
2025-12-03 03:00:00+00:00,-0.1,0.0,3.9,12,3,3
2025-12-03 04:00:00+00:00,0.1,0.0,4.8,12,3,4
2025-12-03 05:00:00+00:00,0.1,0.0,5.2,12,3,5
2025-12-03 06:00:00+00:00,0.2,0.0,4.9,12,3,6
2025-12-03 07:00:00+00:00,0.2,0.0,5.0,12,3,7
2025-12-03 08:00:00+00:00,0.3,0.0,5.5,12,3,8
2025-12-03 09:00:00+00:00,0.6,0.0,6.1,12,3,9
2025-12-03 10:00:00+00:00,1.5,0.0,6.2,12,3,10
2025-12-03 11:00:00+00:00,2.0,0.0,5.7,12,3,11
2025-12-03 12:00:00+00:00,0.8,0.0,3.5,12,3,12
2025-12-03 13:00:00+00:00,1.3,0.0,0.9,12,3,13
2025-12-03 14:00:00+00:00,1.5,0.0,1.7,12,3,14
2025-12-03 15:00:00+00:00,1.4,0.0,2.1,12,3,15
2025-12-03 16:00:00+00:00,0.9,0.0,2.4,12,3,16
2025-12-03 17:00:00+00:00,1.1,0.0,1.1,12,3,17
2025-12-03 18:00:00+00:00,0.9,0.0,3.1,12,3,18
2025-12-03 19:00:00+00:00,1.1,0.0,3.3,12,3,19
2025-12-03 20:00:00+00:00,1.0,0.0,0.5,12,3,20
2025-12-03 21:00:00+00:00,0.9,0.0,2.5,12,3,21
2025-12-03 22:00:00+00:00,0.6,0.0,0.9,12,3,22
2025-12-03 23:00:00+00:00,0.8,0.0,1.8,12,3,23
2025-12-04 00:00:00+00:00,0.7,0.0,1.8,12,4,0
2025-12-04 01:00:00+00:00,0.8,0.0,1.7,12,4,1
2025-12-04 02:00:00+00:00,0.9,0.0,1.9,12,4,2
2025-12-04 03:00:00+00:00,1.0,0.0,3.1,12,4,3
2025-12-04 04:00:00+00:00,0.8,0.0,4.0,12,4,4
2025-12-04 05:00:00+00:00,0.8,0.0,4.6,12,4,5
2025-12-04 06:00:00+00:00,0.8,0.0,4.8,12,4,6
2025-12-04 07:00:00+00:00,0.6,0.0,5.1,12,4,7
2025-12-04 08:00:00+00:00,0.8,0.0,5.3,12,4,8
2025-12-04 09:00:00+00:00,1.0,0.0,4.2,12,4,9
2025-12-04 10:00:00+00:00,1.5,0.0,3.3,12,4,10
2025-12-04 11:00:00+00:00,2.0,0.0,3.1,12,4,11
2025-12-04 12:00:00+00:00,1.9,0.0,3.2,12,4,12
2025-12-04 13:00:00+00:00,2.5,0.0,3.7,12,4,13
2025-12-04 14:00:00+00:00,2.5,0.0,3.8,12,4,14
2025-12-04 15:00:00+00:00,2.2,0.0,3.7,12,4,15
2025-12-04 16:00:00+00:00,1.5,0.0,3.4,12,4,16
2025-12-04 17:00:00+00:00,1.1,0.0,5.8,12,4,17
2025-12-04 18:00:00+00:00,1.6,0.0,4.8,12,4,18
2025-12-04 19:00:00+00:00,1.5,0.0,6.6,12,4,19
2025-12-04 20:00:00+00:00,1.3,0.0,6.4,12,4,20
2025-12-04 21:00:00+00:00,1.1,0.0,5.4,12,4,21
2025-12-04 22:00:00+00:00,1.2,0.0,2.8,12,4,22
2025-12-04 23:00:00+00:00,1.4,0.0,1.0,12,4,23
2025-12-05 00:00:00+00:00,1.2,0.0,0.4,12,5,0
2025-12-05 01:00:00+00:00,1.2,0.1,1.0,12,5,1
2025-12-05 02:00:00+00:00,1.2,0.2,1.8,12,5,2
2025-12-05 03:00:00+00:00,1.4,0.3,1.8,12,5,3
2025-12-05 04:00:00+00:00,1.5,0.2,2.1,12,5,4
2025-12-05 05:00:00+00:00,1.6,0.2,3.2,12,5,5
2025-12-05 06:00:00+00:00,2.0,0.2,4.4,12,5,6
2025-12-05 07:00:00+00:00,2.2,0.2,6.1,12,5,7
2025-12-05 08:00:00+00:00,2.3,0.1,6.9,12,5,8
2025-12-05 09:00:00+00:00,2.8,0.1,7.3,12,5,9
2025-12-05 10:00:00+00:00,3.7,0.1,6.7,12,5,10
2025-12-05 11:00:00+00:00,4.2,0.1,5.6,12,5,11
2025-12-05 12:00:00+00:00,4.5,0.0,5.7,12,5,12
2025-12-05 13:00:00+00:00,5.2,0.1,4.1,12,5,13
2025-12-05 14:00:00+00:00,5.1,0.1,2.9,12,5,14
2025-12-05 15:00:00+00:00,4.9,0.0,1.0,12,5,15
2025-12-05 16:00:00+00:00,4.3,0.0,4.2,12,5,16
2025-12-05 17:00:00+00:00,3.9,0.0,5.3,12,5,17
2025-12-05 18:00:00+00:00,4.0,0.0,3.8,12,5,18
2025-12-05 19:00:00+00:00,3.8,0.0,2.9,12,5,19
2025-12-05 20:00:00+00:00,2.2,0.0,4.2,12,5,20
2025-12-05 21:00:00+00:00,1.4,0.0,5.1,12,5,21
2025-12-05 22:00:00+00:00,0.2,0.0,5.6,12,5,22
2025-12-05 23:00:00+00:00,-0.5,0.0,3.8,12,5,23
2025-12-06 00:00:00+00:00,-1.5,0.0,1.3,12,6,0
2025-12-06 01:00:00+00:00,-1.2,0.0,0.9,12,6,1
2025-12-06 02:00:00+00:00,-0.8,0.0,3.1,12,6,2
2025-12-06 03:00:00+00:00,-0.9,0.0,2.6,12,6,3
2025-12-06 04:00:00+00:00,-0.4,0.0,1.2,12,6,4
2025-12-06 05:00:00+00:00,-0.4,0.0,2.7,12,6,5
2025-12-06 06:00:00+00:00,0.4,0.0,1.9,12,6,6
2025-12-06 07:00:00+00:00,0.6,0.0,0.4,12,6,7
2025-12-06 08:00:00+00:00,1.3,0.0,2.6,12,6,8
2025-12-06 09:00:00+00:00,2.0,0.0,5.1,12,6,9
2025-12-06 10:00:00+00:00,2.5,0.3,6.8,12,6,10
2025-12-06 11:00:00+00:00,3.2,0.0,5.4,12,6,11
2025-12-06 12:00:00+00:00,3.6,0.0,6.3,12,6,12
2025-12-06 13:00:00+00:00,5.3,0.0,10.3,12,6,13
2025-12-06 14:00:00+00:00,6.9,0.0,15.4,12,6,14
2025-12-06 15:00:00+00:00,7.2,0.0,14.6,12,6,15
2025-12-06 16:00:00+00:00,6.6,0.0,12.0,12,6,16
2025-12-06 17:00:00+00:00,5.7,0.1,10.0,12,6,17
2025-12-06 18:00:00+00:00,6.1,0.1,8.3,12,6,18
2025-12-06 19:00:00+00:00,5.5,0.0,9.8,12,6,19
2025-12-06 20:00:00+00:00,5.1,0.1,10.4,12,6,20
2025-12-06 21:00:00+00:00,4.3,0.2,13.7,12,6,21
2025-12-06 22:00:00+00:00,3.2,0.0,14.6,12,6,22
2025-12-06 23:00:00+00:00,4.1,0.1,17.2,12,6,23
2025-12-07 00:00:00+00:00,4.9,0.1,12.1,12,7,0
2025-12-07 01:00:00+00:00,6.6,0.3,16.6,12,7,1
2025-12-07 02:00:00+00:00,6.3,0.7,15.1,12,7,2
2025-12-07 03:00:00+00:00,6.3,0.9,12.7,12,7,3
2025-12-07 04:00:00+00:00,6.0,0.3,11.1,12,7,4
2025-12-07 05:00:00+00:00,5.7,0.1,11.3,12,7,5
2025-12-07 06:00:00+00:00,6.4,0.5,11.8,12,7,6
2025-12-07 07:00:00+00:00,6.6,0.2,9.9,12,7,7
2025-12-07 08:00:00+00:00,6.5,0.6,9.2,12,7,8
2025-12-07 09:00:00+00:00,6.7,0.7,9.6,12,7,9
2025-12-07 10:00:00+00:00,6.9,0.5,9.7,12,7,10
2025-12-07 11:00:00+00:00,7.2,0.4,10.3,12,7,11
2025-12-07 12:00:00+00:00,7.4,0.4,13.9,12,7,12
2025-12-07 13:00:00+00:00,7.9,1.3,15.7,12,7,13
2025-12-07 14:00:00+00:00,7.4,1.5,14.2,12,7,14
2025-12-07 15:00:00+00:00,6.8,0.6,13.7,12,7,15
2025-12-07 16:00:00+00:00,6.4,0.9,10.1,12,7,16
2025-12-07 17:00:00+00:00,6.6,1.5,11.8,12,7,17
2025-12-07 18:00:00+00:00,8.0,1.6,18.7,12,7,18
2025-12-07 19:00:00+00:00,8.6,1.9,21.5,12,7,19
2025-12-07 20:00:00+00:00,8.9,1.5,21.3,12,7,20
2025-12-07 21:00:00+00:00,8.8,1.0,19.2,12,7,21
2025-12-07 22:00:00+00:00,9.4,0.2,20.9,12,7,22
2025-12-07 23:00:00+00:00,10.1,0.1,21.0,12,7,23
2025-12-08 00:00:00+00:00,9.7,0.3,16.8,12,8,0
2025-12-08 01:00:00+00:00,9.8,1.0,16.3,12,8,1
2025-12-08 02:00:00+00:00,10.1,0.2,17.1,12,8,2
2025-12-08 03:00:00+00:00,9.6,0.2,13.2,12,8,3
2025-12-08 04:00:00+00:00,9.3,0.5,13.7,12,8,4
2025-12-08 05:00:00+00:00,9.4,0.2,14.0,12,8,5
2025-12-08 06:00:00+00:00,9.9,0.1,14.4,12,8,6
2025-12-08 07:00:00+00:00,10.0,0.0,14.8,12,8,7
2025-12-08 08:00:00+00:00,10.1,0.0,15.0,12,8,8
2025-12-08 09:00:00+00:00,10.6,0.0,13.1,12,8,9
2025-12-08 10:00:00+00:00,11.6,0.0,9.8,12,8,10
2025-12-08 11:00:00+00:00,12.9,0.0,11.2,12,8,11
2025-12-08 12:00:00+00:00,13.6,0.0,10.3,12,8,12
2025-12-08 13:00:00+00:00,13.5,0.0,8.3,12,8,13
2025-12-08 14:00:00+00:00,13.1,0.0,8.9,12,8,14
2025-12-08 15:00:00+00:00,11.9,0.0,9.0,12,8,15
2025-12-08 16:00:00+00:00,10.1,0.0,5.9,12,8,16
2025-12-08 17:00:00+00:00,9.3,0.3,5.8,12,8,17
2025-12-08 18:00:00+00:00,10.1,0.0,8.1,12,8,18
2025-12-08 19:00:00+00:00,8.9,0.0,8.3,12,8,19
2025-12-08 20:00:00+00:00,8.2,0.0,6.9,12,8,20
2025-12-08 21:00:00+00:00,7.0,0.0,1.3,12,8,21
2025-12-08 22:00:00+00:00,6.4,0.0,2.4,12,8,22
2025-12-08 23:00:00+00:00,6.1,0.0,2.3,12,8,23
2025-12-09 00:00:00+00:00,6.2,0.0,3.7,12,9,0
2025-12-09 01:00:00+00:00,5.8,0.0,3.6,12,9,1
2025-12-09 02:00:00+00:00,5.0,0.0,0.7,12,9,2
2025-12-09 03:00:00+00:00,4.7,0.0,0.7,12,9,3
2025-12-09 04:00:00+00:00,4.7,0.0,2.6,12,9,4
2025-12-09 05:00:00+00:00,4.2,0.0,2.5,12,9,5
2025-12-09 06:00:00+00:00,4.8,0.0,2.6,12,9,6
2025-12-09 07:00:00+00:00,4.8,0.0,4.3,12,9,7
2025-12-09 08:00:00+00:00,4.8,0.0,5.8,12,9,8
2025-12-09 09:00:00+00:00,5.2,0.0,5.1,12,9,9
2025-12-09 10:00:00+00:00,6.1,0.0,2.7,12,9,10
2025-12-09 11:00:00+00:00,7.8,0.0,2.9,12,9,11
2025-12-09 12:00:00+00:00,8.4,0.0,2.5,12,9,12
2025-12-09 13:00:00+00:00,9.1,0.0,2.6,12,9,13
2025-12-09 14:00:00+00:00,9.0,0.0,3.2,12,9,14
2025-12-09 15:00:00+00:00,6.9,0.0,2.4,12,9,15
2025-12-09 16:00:00+00:00,5.1,0.0,2.7,12,9,16
2025-12-09 17:00:00+00:00,4.4,0.0,0.6,12,9,17
2025-12-09 18:00:00+00:00,4.6,0.0,2.1,12,9,18
2025-12-09 19:00:00+00:00,4.9,0.0,1.5,12,9,19
2025-12-09 20:00:00+00:00,4.6,0.0,2.0,12,9,20
2025-12-09 21:00:00+00:00,4.2,0.0,4.3,12,9,21
2025-12-09 22:00:00+00:00,3.8,0.0,5.2,12,9,22
2025-12-09 23:00:00+00:00,2.8,0.0,4.3,12,9,23
2025-12-10 00:00:00+00:00,3.2,0.0,0.9,12,10,0
2025-12-10 01:00:00+00:00,2.8,0.0,0.9,12,10,1
2025-12-10 02:00:00+00:00,2.5,0.0,0.7,12,10,2
2025-12-10 03:00:00+00:00,1.9,0.0,2.0,12,10,3
2025-12-10 04:00:00+00:00,1.6,0.0,3.1,12,10,4
2025-12-10 05:00:00+00:00,1.4,0.0,3.4,12,10,5
2025-12-10 06:00:00+00:00,1.7,0.0,3.0,12,10,6
2025-12-10 07:00:00+00:00,2.0,0.0,4.0,12,10,7
2025-12-10 08:00:00+00:00,2.8,0.0,3.4,12,10,8
2025-12-10 09:00:00+00:00,3.7,0.0,3.2,12,10,9
2025-12-10 10:00:00+00:00,4.9,0.0,3.5,12,10,10
2025-12-10 11:00:00+00:00,6.2,0.0,3.1,12,10,11
2025-12-10 12:00:00+00:00,6.5,0.0,1.2,12,10,12
2025-12-10 13:00:00+00:00,7.6,0.0,3.4,12,10,13
2025-12-10 14:00:00+00:00,8.4,0.0,4.9,12,10,14
2025-12-10 15:00:00+00:00,7.2,0.0,4.8,12,10,15
2025-12-10 16:00:00+00:00,5.3,0.0,6.0,12,10,16
2025-12-10 17:00:00+00:00,4.3,0.0,5.0,12,10,17
2025-12-10 18:00:00+00:00,4.4,0.0,5.0,12,10,18
2025-12-10 19:00:00+00:00,4.0,0.0,4.7,12,10,19
2025-12-10 20:00:00+00:00,3.8,0.0,4.7,12,10,20
2025-12-10 21:00:00+00:00,4.2,0.0,4.1,12,10,21
2025-12-10 22:00:00+00:00,4.6,0.0,6.1,12,10,22
2025-12-10 23:00:00+00:00,4.4,0.0,6.9,12,10,23
2025-12-11 00:00:00+00:00,4.9,0.0,1.2,12,11,0
2025-12-11 01:00:00+00:00,5.2,0.1,0.6,12,11,1
2025-12-11 02:00:00+00:00,5.2,0.1,5.3,12,11,2
2025-12-11 03:00:00+00:00,5.4,0.0,3.5,12,11,3
2025-12-11 04:00:00+00:00,5.2,0.1,2.5,12,11,4
2025-12-11 05:00:00+00:00,3.8,0.0,4.1,12,11,5
2025-12-11 06:00:00+00:00,4.9,0.0,4.2,12,11,6
2025-12-11 07:00:00+00:00,4.1,0.0,4.8,12,11,7
2025-12-11 08:00:00+00:00,4.6,0.0,7.8,12,11,8
2025-12-11 09:00:00+00:00,5.2,0.0,5.9,12,11,9
2025-12-11 10:00:00+00:00,6.1,0.0,5.7,12,11,10
2025-12-11 11:00:00+00:00,7.4,0.0,5.2,12,11,11
2025-12-11 12:00:00+00:00,7.4,0.0,6.7,12,11,12
2025-12-11 13:00:00+00:00,7.6,0.0,6.5,12,11,13
2025-12-11 14:00:00+00:00,7.2,0.0,6.3,12,11,14
2025-12-11 15:00:00+00:00,6.8,0.0,5.2,12,11,15
2025-12-11 16:00:00+00:00,6.1,0.0,4.8,12,11,16
2025-12-11 17:00:00+00:00,6.2,0.0,5.1,12,11,17
2025-12-11 18:00:00+00:00,6.7,0.0,3.8,12,11,18
2025-12-11 19:00:00+00:00,6.9,0.0,2.5,12,11,19
2025-12-11 20:00:00+00:00,6.5,0.0,2.4,12,11,20
2025-12-11 21:00:00+00:00,6.1,0.0,2.4,12,11,21
2025-12-11 22:00:00+00:00,6.0,0.0,1.3,12,11,22
2025-12-11 23:00:00+00:00,5.5,0.0,1.5,12,11,23
2025-12-12 00:00:00+00:00,5.2,0.0,0.2,12,12,0
2025-12-12 01:00:00+00:00,5.4,0.0,2.9,12,12,1
2025-12-12 02:00:00+00:00,5.1,0.0,4.7,12,12,2
2025-12-12 03:00:00+00:00,4.9,0.0,4.8,12,12,3
2025-12-12 04:00:00+00:00,4.7,0.0,5.2,12,12,4
2025-12-12 05:00:00+00:00,4.4,0.0,3.9,12,12,5
2025-12-12 06:00:00+00:00,4.5,0.0,1.9,12,12,6
2025-12-12 07:00:00+00:00,4.3,0.0,2.0,12,12,7
2025-12-12 08:00:00+00:00,4.5,0.0,3.1,12,12,8
2025-12-12 09:00:00+00:00,4.9,0.0,3.8,12,12,9
2025-12-12 10:00:00+00:00,5.8,0.0,4.8,12,12,10
2025-12-12 11:00:00+00:00,6.8,0.0,6.4,12,12,11
2025-12-12 12:00:00+00:00,6.3,0.0,4.8,12,12,12
2025-12-12 13:00:00+00:00,6.8,0.0,5.0,12,12,13
2025-12-12 14:00:00+00:00,6.6,0.0,4.4,12,12,14
2025-12-12 15:00:00+00:00,5.8,0.0,3.8,12,12,15
2025-12-12 16:00:00+00:00,4.7,0.0,4.4,12,12,16
2025-12-12 17:00:00+00:00,4.0,0.0,3.2,12,12,17
2025-12-12 18:00:00+00:00,4.8,0.0,1.6,12,12,18
2025-12-12 19:00:00+00:00,4.8,0.0,1.1,12,12,19
2025-12-12 20:00:00+00:00,4.6,0.0,2.2,12,12,20
2025-12-12 21:00:00+00:00,4.6,0.0,2.5,12,12,21
2025-12-12 22:00:00+00:00,4.4,0.0,2.3,12,12,22
2025-12-12 23:00:00+00:00,4.2,0.0,2.2,12,12,23
2025-12-13 00:00:00+00:00,4.1,0.0,2.4,12,13,0
2025-12-13 01:00:00+00:00,4.0,0.0,3.6,12,13,1
2025-12-13 02:00:00+00:00,3.9,0.0,3.7,12,13,2
2025-12-13 03:00:00+00:00,3.8,0.0,4.0,12,13,3
2025-12-13 04:00:00+00:00,3.6,0.0,4.4,12,13,4
2025-12-13 05:00:00+00:00,3.3,0.0,4.2,12,13,5
2025-12-13 06:00:00+00:00,3.2,0.0,3.4,12,13,6
2025-12-13 07:00:00+00:00,3.2,0.0,4.1,12,13,7
2025-12-13 08:00:00+00:00,3.2,0.0,6.0,12,13,8
2025-12-13 09:00:00+00:00,3.3,0.0,4.7,12,13,9
2025-12-13 10:00:00+00:00,3.8,0.0,2.7,12,13,10
2025-12-13 11:00:00+00:00,5.2,0.0,2.7,12,13,11
2025-12-13 12:00:00+00:00,4.2,0.0,4.5,12,13,12
2025-12-13 13:00:00+00:00,4.8,0.0,3.4,12,13,13
2025-12-13 14:00:00+00:00,5.1,0.0,4.4,12,13,14
2025-12-13 15:00:00+00:00,4.7,0.0,1.5,12,13,15
2025-12-13 16:00:00+00:00,2.8,0.0,0.8,12,13,16
2025-12-13 17:00:00+00:00,1.8,0.0,3.8,12,13,17
2025-12-13 18:00:00+00:00,3.9,0.0,4.4,12,13,18
2025-12-13 19:00:00+00:00,3.8,0.0,3.1,12,13,19
2025-12-13 20:00:00+00:00,3.4,0.0,2.5,12,13,20
2025-12-13 21:00:00+00:00,3.0,0.0,2.2,12,13,21
2025-12-13 22:00:00+00:00,2.9,0.0,2.6,12,13,22
2025-12-13 23:00:00+00:00,2.7,0.0,2.3,12,13,23
2025-12-14 00:00:00+00:00,2.2,0.0,2.1,12,14,0
2025-12-14 01:00:00+00:00,2.2,0.0,2.9,12,14,1
2025-12-14 02:00:00+00:00,2.3,0.0,3.1,12,14,2
2025-12-14 03:00:00+00:00,2.3,0.0,5.1,12,14,3
2025-12-14 04:00:00+00:00,2.3,0.0,6.1,12,14,4
2025-12-14 05:00:00+00:00,2.2,0.0,4.5,12,14,5
2025-12-14 06:00:00+00:00,1.9,0.0,2.0,12,14,6
2025-12-14 07:00:00+00:00,1.9,0.0,0.5,12,14,7
2025-12-14 08:00:00+00:00,2.0,0.0,1.7,12,14,8
2025-12-14 09:00:00+00:00,2.6,0.0,2.0,12,14,9
2025-12-14 10:00:00+00:00,2.8,0.0,1.9,12,14,10
2025-12-14 11:00:00+00:00,3.2,0.0,1.9,12,14,11
2025-12-14 12:00:00+00:00,2.3,0.0,2.9,12,14,12
2025-12-14 13:00:00+00:00,3.0,0.0,1.2,12,14,13
2025-12-14 14:00:00+00:00,3.0,0.0,1.8,12,14,14
2025-12-14 15:00:00+00:00,2.9,0.0,1.7,12,14,15
2025-12-14 16:00:00+00:00,2.2,0.0,1.2,12,14,16
2025-12-14 17:00:00+00:00,2.0,0.0,1.3,12,14,17
2025-12-14 18:00:00+00:00,2.0,0.0,1.9,12,14,18
2025-12-14 19:00:00+00:00,1.9,0.0,1.9,12,14,19
2025-12-14 20:00:00+00:00,1.8,0.0,1.7,12,14,20
2025-12-14 21:00:00+00:00,1.5,0.0,1.8,12,14,21
2025-12-14 22:00:00+00:00,1.1,0.0,2.8,12,14,22
2025-12-14 23:00:00+00:00,1.1,0.0,2.7,12,14,23
2025-12-15 00:00:00+00:00,0.6,0.0,3.3,12,15,0
2025-12-15 01:00:00+00:00,0.6,0.0,2.4,12,15,1
2025-12-15 02:00:00+00:00,0.6,0.0,2.8,12,15,2
2025-12-15 03:00:00+00:00,0.5,0.0,3.5,12,15,3
2025-12-15 04:00:00+00:00,0.3,0.0,3.9,12,15,4
2025-12-15 05:00:00+00:00,0.2,0.0,3.4,12,15,5
2025-12-15 06:00:00+00:00,-0.3,0.0,2.1,12,15,6
2025-12-15 07:00:00+00:00,-0.1,0.0,2.6,12,15,7
2025-12-15 08:00:00+00:00,0.2,0.0,2.6,12,15,8
2025-12-15 09:00:00+00:00,0.2,0.0,2.4,12,15,9
2025-12-15 10:00:00+00:00,1.1,0.0,3.3,12,15,10
2025-12-15 11:00:00+00:00,2.2,0.0,4.5,12,15,11
2025-12-15 12:00:00+00:00,2.0,0.0,5.6,12,15,12
2025-12-15 13:00:00+00:00,2.5,0.0,8.3,12,15,13
2025-12-15 14:00:00+00:00,2.2,0.0,8.6,12,15,14
2025-12-15 15:00:00+00:00,1.5,0.0,9.2,12,15,15
2025-12-15 16:00:00+00:00,0.2,0.0,6.7,12,15,16
2025-12-15 17:00:00+00:00,-0.1,0.0,7.0,12,15,17
2025-12-15 18:00:00+00:00,0.2,0.0,5.4,12,15,18
2025-12-15 19:00:00+00:00,-0.2,0.0,4.0,12,15,19
2025-12-15 20:00:00+00:00,-0.3,0.0,1.6,12,15,20
2025-12-15 21:00:00+00:00,-0.3,0.0,1.5,12,15,21
2025-12-15 22:00:00+00:00,-0.6,0.0,1.5,12,15,22
2025-12-15 23:00:00+00:00,-0.9,0.0,1.3,12,15,23
2025-12-16 00:00:00+00:00,-1.1,0.0,2.6,12,16,0
2025-12-16 01:00:00+00:00,-1.0,0.0,3.3,12,16,1
2025-12-16 02:00:00+00:00,-1.0,0.0,3.5,12,16,2
2025-12-16 03:00:00+00:00,-1.0,0.0,4.5,12,16,3
2025-12-16 04:00:00+00:00,-0.9,0.0,5.1,12,16,4
2025-12-16 05:00:00+00:00,-0.9,0.0,6.0,12,16,5
2025-12-16 06:00:00+00:00,-0.6,0.0,4.3,12,16,6
2025-12-16 07:00:00+00:00,-0.8,0.0,5.1,12,16,7
2025-12-16 08:00:00+00:00,-0.2,0.0,4.4,12,16,8
2025-12-16 09:00:00+00:00,0.7,0.0,5.8,12,16,9
2025-12-16 10:00:00+00:00,1.8,0.0,4.8,12,16,10
2025-12-16 11:00:00+00:00,3.0,0.0,2.7,12,16,11
2025-12-16 12:00:00+00:00,2.3,0.0,3.5,12,16,12
2025-12-16 13:00:00+00:00,2.2,0.0,1.8,12,16,13
2025-12-16 14:00:00+00:00,2.5,0.0,2.7,12,16,14
2025-12-16 15:00:00+00:00,0.8,0.0,2.9,12,16,15
2025-12-16 16:00:00+00:00,-0.3,0.0,4.5,12,16,16
2025-12-16 17:00:00+00:00,-0.1,0.0,4.1,12,16,17
2025-12-16 18:00:00+00:00,-0.3,0.0,1.5,12,16,18
2025-12-16 19:00:00+00:00,-0.9,0.0,1.9,12,16,19
2025-12-16 20:00:00+00:00,-0.5,0.0,3.4,12,16,20
2025-12-16 21:00:00+00:00,-0.3,0.0,3.9,12,16,21
2025-12-16 22:00:00+00:00,0.0,0.0,0.2,12,16,22
2025-12-16 23:00:00+00:00,-0.5,0.0,1.1,12,16,23
2025-12-17 00:00:00+00:00,-0.2,0.0,3.6,12,17,0
2025-12-17 01:00:00+00:00,-1.1,0.0,0.4,12,17,1
2025-12-17 02:00:00+00:00,-1.1,0.0,0.5,12,17,2
2025-12-17 03:00:00+00:00,-1.5,0.0,2.7,12,17,3
2025-12-17 04:00:00+00:00,-0.5,0.0,4.5,12,17,4
2025-12-17 05:00:00+00:00,-0.2,0.0,3.3,12,17,5
2025-12-17 06:00:00+00:00,0.2,0.1,0.4,12,17,6
2025-12-17 07:00:00+00:00,-0.2,0.0,0.3,12,17,7
2025-12-17 08:00:00+00:00,0.6,0.0,0.9,12,17,8
2025-12-17 09:00:00+00:00,1.2,0.0,3.5,12,17,9
2025-12-17 10:00:00+00:00,2.0,0.0,2.2,12,17,10
2025-12-17 11:00:00+00:00,3.7,0.0,0.9,12,17,11
2025-12-17 12:00:00+00:00,2.7,0.0,1.8,12,17,12
2025-12-17 13:00:00+00:00,3.3,0.0,3.4,12,17,13
2025-12-17 14:00:00+00:00,3.1,0.0,5.2,12,17,14
2025-12-17 15:00:00+00:00,2.6,0.0,7.9,12,17,15
2025-12-17 16:00:00+00:00,2.5,0.0,7.0,12,17,16
2025-12-17 17:00:00+00:00,2.2,0.0,1.5,12,17,17
2025-12-17 18:00:00+00:00,2.7,0.0,0.3,12,17,18
2025-12-17 19:00:00+00:00,3.1,0.0,1.5,12,17,19
2025-12-17 20:00:00+00:00,3.2,0.0,3.2,12,17,20
2025-12-17 21:00:00+00:00,3.0,0.0,1.0,12,17,21
2025-12-17 22:00:00+00:00,1.9,0.0,0.2,12,17,22
2025-12-17 23:00:00+00:00,0.9,0.0,1.8,12,17,23
2025-12-18 00:00:00+00:00,0.6,0.0,0.9,12,18,0
2025-12-18 01:00:00+00:00,-0.2,0.0,0.6,12,18,1
2025-12-18 02:00:00+00:00,-0.3,0.0,0.6,12,18,2
2025-12-18 03:00:00+00:00,-0.5,0.0,3.1,12,18,3
2025-12-18 04:00:00+00:00,-0.3,0.0,4.2,12,18,4
2025-12-18 05:00:00+00:00,-0.3,0.0,6.0,12,18,5
2025-12-18 06:00:00+00:00,-0.6,0.0,1.2,12,18,6
2025-12-18 07:00:00+00:00,-1.0,0.0,2.3,12,18,7
2025-12-18 08:00:00+00:00,-0.5,0.0,1.8,12,18,8
2025-12-18 09:00:00+00:00,0.8,0.0,2.5,12,18,9
2025-12-18 10:00:00+00:00,1.8,0.0,5.7,12,18,10
2025-12-18 11:00:00+00:00,2.4,0.0,5.8,12,18,11
2025-12-18 12:00:00+00:00,2.5,0.0,1.8,12,18,12
2025-12-18 13:00:00+00:00,3.2,0.0,2.8,12,18,13
2025-12-18 14:00:00+00:00,3.1,0.0,2.3,12,18,14
2025-12-18 15:00:00+00:00,1.6,0.0,5.8,12,18,15
2025-12-18 16:00:00+00:00,-0.5,0.0,4.4,12,18,16
2025-12-18 17:00:00+00:00,-0.3,0.0,4.3,12,18,17
2025-12-18 18:00:00+00:00,0.2,0.0,0.9,12,18,18
2025-12-18 19:00:00+00:00,-0.1,0.0,4.0,12,18,19
2025-12-18 20:00:00+00:00,-0.2,0.0,4.5,12,18,20
2025-12-18 21:00:00+00:00,-0.2,0.0,3.1,12,18,21
2025-12-18 22:00:00+00:00,-0.4,0.0,1.2,12,18,22
2025-12-18 23:00:00+00:00,-0.4,0.0,1.0,12,18,23
2025-12-19 00:00:00+00:00,-0.4,0.0,3.1,12,19,0
2025-12-19 01:00:00+00:00,-0.4,0.0,2.9,12,19,1
2025-12-19 02:00:00+00:00,-0.4,0.0,3.6,12,19,2
2025-12-19 03:00:00+00:00,-0.9,0.0,1.0,12,19,3
2025-12-19 04:00:00+00:00,-1.0,0.0,1.3,12,19,4
2025-12-19 05:00:00+00:00,-0.9,0.0,2.6,12,19,5
2025-12-19 06:00:00+00:00,-0.7,0.0,3.7,12,19,6
2025-12-19 07:00:00+00:00,-1.0,0.0,3.8,12,19,7
2025-12-19 08:00:00+00:00,-0.4,0.0,3.4,12,19,8
2025-12-19 09:00:00+00:00,0.4,0.0,0.4,12,19,9
2025-12-19 10:00:00+00:00,1.6,0.0,3.0,12,19,10
2025-12-19 11:00:00+00:00,3.0,0.0,1.4,12,19,11
2025-12-19 12:00:00+00:00,3.4,0.0,2.8,12,19,12
2025-12-19 13:00:00+00:00,3.2,0.0,3.8,12,19,13
2025-12-19 14:00:00+00:00,3.0,0.0,4.8,12,19,14
2025-12-19 15:00:00+00:00,1.5,0.0,4.2,12,19,15
2025-12-19 16:00:00+00:00,0.8,0.0,3.9,12,19,16
2025-12-19 17:00:00+00:00,1.0,0.0,1.9,12,19,17
2025-12-19 18:00:00+00:00,1.4,0.0,0.5,12,19,18
2025-12-19 19:00:00+00:00,1.1,0.0,0.8,12,19,19
2025-12-19 20:00:00+00:00,1.0,0.0,5.7,12,19,20
2025-12-19 21:00:00+00:00,0.5,0.0,4.4,12,19,21
2025-12-19 22:00:00+00:00,0.2,0.0,4.4,12,19,22
2025-12-19 23:00:00+00:00,-0.1,0.0,4.6,12,19,23
2025-12-20 00:00:00+00:00,1.6,0.0,0.9,12,20,0
2025-12-20 01:00:00+00:00,2.0,0.2,3.6,12,20,1
2025-12-20 02:00:00+00:00,1.8,0.0,2.9,12,20,2
2025-12-20 03:00:00+00:00,1.8,0.0,2.3,12,20,3
2025-12-20 04:00:00+00:00,1.8,0.0,1.6,12,20,4
2025-12-20 05:00:00+00:00,1.5,0.0,5.1,12,20,5
2025-12-20 06:00:00+00:00,1.3,0.0,4.6,12,20,6
2025-12-20 07:00:00+00:00,1.8,0.0,4.5,12,20,7
2025-12-20 08:00:00+00:00,2.0,0.0,2.7,12,20,8
2025-12-20 09:00:00+00:00,2.5,0.0,1.0,12,20,9
2025-12-20 10:00:00+00:00,3.3,0.0,3.3,12,20,10
2025-12-20 11:00:00+00:00,3.9,0.0,4.0,12,20,11
2025-12-20 12:00:00+00:00,4.5,0.0,2.2,12,20,12
2025-12-20 13:00:00+00:00,5.7,0.0,1.5,12,20,13
2025-12-20 14:00:00+00:00,5.7,0.0,0.7,12,20,14
2025-12-20 15:00:00+00:00,4.1,0.0,2.7,12,20,15
2025-12-20 16:00:00+00:00,2.2,0.0,2.8,12,20,16
2025-12-20 17:00:00+00:00,1.5,0.0,4.0,12,20,17
2025-12-20 18:00:00+00:00,2.4,0.0,4.8,12,20,18
2025-12-20 19:00:00+00:00,2.3,0.0,4.5,12,20,19
2025-12-20 20:00:00+00:00,2.1,0.0,4.3,12,20,20
2025-12-20 21:00:00+00:00,2.2,0.0,5.3,12,20,21
2025-12-20 22:00:00+00:00,2.2,0.0,3.1,12,20,22
2025-12-20 23:00:00+00:00,2.0,0.0,1.9,12,20,23
2025-12-21 00:00:00+00:00,1.6,0.0,3.2,12,21,0
2025-12-21 01:00:00+00:00,1.4,0.0,2.4,12,21,1
2025-12-21 02:00:00+00:00,1.3,0.0,1.9,12,21,2
2025-12-21 03:00:00+00:00,1.2,0.0,2.8,12,21,3
2025-12-21 04:00:00+00:00,1.1,0.0,4.3,12,21,4
2025-12-21 05:00:00+00:00,1.1,0.0,4.1,12,21,5
2025-12-21 06:00:00+00:00,0.6,0.0,5.1,12,21,6
2025-12-21 07:00:00+00:00,0.2,0.0,4.8,12,21,7
2025-12-21 08:00:00+00:00,0.3,0.0,5.5,12,21,8
2025-12-21 09:00:00+00:00,0.8,0.0,7.1,12,21,9
2025-12-21 10:00:00+00:00,1.4,0.0,9.3,12,21,10
2025-12-21 11:00:00+00:00,1.9,0.0,9.5,12,21,11
2025-12-21 12:00:00+00:00,2.4,0.0,9.1,12,21,12
2025-12-21 13:00:00+00:00,2.9,0.0,9.3,12,21,13
2025-12-21 14:00:00+00:00,3.2,0.0,8.2,12,21,14
2025-12-21 15:00:00+00:00,2.8,0.0,6.4,12,21,15
2025-12-21 16:00:00+00:00,1.6,0.0,6.5,12,21,16
2025-12-21 17:00:00+00:00,1.1,0.0,6.9,12,21,17
2025-12-21 18:00:00+00:00,1.1,0.0,8.9,12,21,18
2025-12-21 19:00:00+00:00,0.6,0.0,8.6,12,21,19
2025-12-21 20:00:00+00:00,0.3,0.0,6.9,12,21,20
2025-12-21 21:00:00+00:00,0.1,0.0,6.4,12,21,21
2025-12-21 22:00:00+00:00,-0.3,0.0,5.5,12,21,22
2025-12-21 23:00:00+00:00,-0.4,0.0,5.5,12,21,23
2025-12-22 00:00:00+00:00,-0.5,0.0,4.9,12,22,0
2025-12-22 01:00:00+00:00,-0.4,0.0,6.5,12,22,1
2025-12-22 02:00:00+00:00,-0.2,0.0,5.7,12,22,2
2025-12-22 03:00:00+00:00,-0.2,0.0,3.6,12,22,3
2025-12-22 04:00:00+00:00,-0.6,0.0,4.7,12,22,4
2025-12-22 05:00:00+00:00,-0.7,0.0,4.4,12,22,5
2025-12-22 06:00:00+00:00,-0.8,0.0,4.0,12,22,6
2025-12-22 07:00:00+00:00,-0.6,0.0,4.1,12,22,7
2025-12-22 08:00:00+00:00,-0.6,0.0,3.7,12,22,8
2025-12-22 09:00:00+00:00,-0.2,0.0,3.7,12,22,9
2025-12-22 10:00:00+00:00,0.7,0.0,5.4,12,22,10
2025-12-22 11:00:00+00:00,1.7,0.0,6.1,12,22,11
2025-12-22 12:00:00+00:00,0.9,0.0,7.2,12,22,12
2025-12-22 13:00:00+00:00,1.6,0.0,4.1,12,22,13
2025-12-22 14:00:00+00:00,1.8,0.0,4.8,12,22,14
2025-12-22 15:00:00+00:00,0.3,0.0,4.8,12,22,15
2025-12-22 16:00:00+00:00,-1.2,0.0,6.1,12,22,16
2025-12-22 17:00:00+00:00,-1.8,0.0,5.8,12,22,17
2025-12-22 18:00:00+00:00,-0.4,0.0,4.5,12,22,18
2025-12-22 19:00:00+00:00,-0.6,0.0,7.2,12,22,19
2025-12-22 20:00:00+00:00,-0.6,0.0,6.7,12,22,20
2025-12-22 21:00:00+00:00,-0.8,0.0,6.1,12,22,21
2025-12-22 22:00:00+00:00,-1.1,0.0,7.5,12,22,22
2025-12-22 23:00:00+00:00,-1.3,0.0,6.0,12,22,23
2025-12-23 00:00:00+00:00,-1.0,0.0,8.6,12,23,0
2025-12-23 01:00:00+00:00,-1.1,0.0,7.7,12,23,1
2025-12-23 02:00:00+00:00,-1.1,0.0,7.4,12,23,2
2025-12-23 03:00:00+00:00,-1.1,0.0,8.3,12,23,3
2025-12-23 04:00:00+00:00,-0.9,0.0,9.3,12,23,4
2025-12-23 05:00:00+00:00,-0.9,0.0,10.1,12,23,5
2025-12-23 06:00:00+00:00,-0.9,0.0,9.5,12,23,6
2025-12-23 07:00:00+00:00,-0.9,0.0,9.7,12,23,7
2025-12-23 08:00:00+00:00,-0.9,0.0,10.2,12,23,8
2025-12-23 09:00:00+00:00,-0.8,0.0,12.0,12,23,9
2025-12-23 10:00:00+00:00,0.0,0.0,14.7,12,23,10
2025-12-23 11:00:00+00:00,0.9,0.0,15.2,12,23,11
2025-12-23 12:00:00+00:00,0.1,0.0,14.8,12,23,12
2025-12-23 13:00:00+00:00,0.6,0.0,14.8,12,23,13
2025-12-23 14:00:00+00:00,0.6,0.0,14.6,12,23,14
2025-12-23 15:00:00+00:00,0.3,0.0,14.3,12,23,15
2025-12-23 16:00:00+00:00,-0.1,0.0,12.9,12,23,16
2025-12-23 17:00:00+00:00,-0.1,0.0,12.9,12,23,17
2025-12-23 18:00:00+00:00,0.1,0.0,13.6,12,23,18
2025-12-23 19:00:00+00:00,0.2,0.0,13.4,12,23,19
2025-12-23 20:00:00+00:00,0.2,0.0,14.0,12,23,20
2025-12-23 21:00:00+00:00,0.1,0.0,13.4,12,23,21
2025-12-23 22:00:00+00:00,0.3,0.0,13.0,12,23,22
2025-12-23 23:00:00+00:00,0.4,0.0,12.6,12,23,23
2025-12-24 00:00:00+00:00,0.9,0.0,10.3,12,24,0
2025-12-24 01:00:00+00:00,1.0,0.0,12.3,12,24,1
2025-12-24 02:00:00+00:00,1.1,0.1,12.9,12,24,2
2025-12-24 03:00:00+00:00,1.1,0.1,13.3,12,24,3
2025-12-24 04:00:00+00:00,1.3,0.1,14.0,12,24,4
2025-12-24 05:00:00+00:00,1.4,0.1,15.4,12,24,5
2025-12-24 06:00:00+00:00,1.5,0.1,13.6,12,24,6
2025-12-24 07:00:00+00:00,1.2,0.2,17.7,12,24,7
2025-12-24 08:00:00+00:00,0.9,0.1,20.8,12,24,8
2025-12-24 09:00:00+00:00,0.7,0.1,21.5,12,24,9
2025-12-24 10:00:00+00:00,0.8,0.0,22.0,12,24,10
2025-12-24 11:00:00+00:00,0.8,0.0,23.5,12,24,11
2025-12-24 12:00:00+00:00,0.0,0.0,22.1,12,24,12
2025-12-24 13:00:00+00:00,0.2,0.0,23.6,12,24,13
2025-12-24 14:00:00+00:00,0.2,0.0,24.4,12,24,14
2025-12-24 15:00:00+00:00,-0.1,0.0,21.3,12,24,15
2025-12-24 16:00:00+00:00,-0.4,0.1,22.7,12,24,16
2025-12-24 17:00:00+00:00,-0.6,0.0,24.2,12,24,17
2025-12-24 18:00:00+00:00,0.0,0.0,21.5,12,24,18
2025-12-24 19:00:00+00:00,0.1,0.0,23.3,12,24,19
2025-12-24 20:00:00+00:00,0.1,0.0,23.9,12,24,20
2025-12-24 21:00:00+00:00,0.1,0.0,22.4,12,24,21
2025-12-24 22:00:00+00:00,-0.2,0.0,20.6,12,24,22
2025-12-24 23:00:00+00:00,-0.2,0.0,20.8,12,24,23
2025-12-25 00:00:00+00:00,0.0,0.0,19.8,12,25,0
2025-12-25 01:00:00+00:00,-0.3,0.0,19.5,12,25,1
2025-12-25 02:00:00+00:00,-0.6,0.0,18.1,12,25,2
2025-12-25 03:00:00+00:00,-0.8,0.0,18.0,12,25,3
2025-12-25 04:00:00+00:00,-0.7,0.0,16.5,12,25,4
2025-12-25 05:00:00+00:00,-0.8,0.0,15.4,12,25,5
2025-12-25 06:00:00+00:00,-0.7,0.0,15.4,12,25,6
2025-12-25 07:00:00+00:00,-0.7,0.0,14.4,12,25,7
2025-12-25 08:00:00+00:00,-0.9,0.0,14.4,12,25,8
2025-12-25 09:00:00+00:00,-0.4,0.0,14.8,12,25,9
2025-12-25 10:00:00+00:00,0.3,0.0,13.9,12,25,10
2025-12-25 11:00:00+00:00,1.4,0.0,13.1,12,25,11
2025-12-25 12:00:00+00:00,0.3,0.0,12.6,12,25,12
2025-12-25 13:00:00+00:00,1.0,0.0,11.6,12,25,13
2025-12-25 14:00:00+00:00,0.9,0.0,10.2,12,25,14
2025-12-25 15:00:00+00:00,0.3,0.0,9.0,12,25,15
2025-12-25 16:00:00+00:00,-1.1,0.0,6.3,12,25,16
2025-12-25 17:00:00+00:00,-1.8,0.0,7.6,12,25,17
2025-12-25 18:00:00+00:00,-0.9,0.0,9.4,12,25,18
2025-12-25 19:00:00+00:00,-0.6,0.0,10.6,12,25,19
2025-12-25 20:00:00+00:00,-1.0,0.0,9.6,12,25,20
2025-12-25 21:00:00+00:00,-1.1,0.0,9.0,12,25,21
2025-12-25 22:00:00+00:00,-0.9,0.0,9.8,12,25,22
2025-12-25 23:00:00+00:00,-0.8,0.0,9.9,12,25,23
2025-12-26 00:00:00+00:00,-1.2,0.0,11.4,12,26,0
2025-12-26 01:00:00+00:00,-1.4,0.0,9.2,12,26,1
2025-12-26 02:00:00+00:00,-1.5,0.0,10.7,12,26,2
2025-12-26 03:00:00+00:00,-1.5,0.0,12.1,12,26,3
2025-12-26 04:00:00+00:00,-1.5,0.0,12.5,12,26,4
2025-12-26 05:00:00+00:00,-1.5,0.0,12.4,12,26,5
2025-12-26 06:00:00+00:00,-1.8,0.0,11.3,12,26,6
2025-12-26 07:00:00+00:00,-1.9,0.0,10.0,12,26,7
2025-12-26 08:00:00+00:00,-2.0,0.0,11.2,12,26,8
2025-12-26 09:00:00+00:00,-1.5,0.0,11.1,12,26,9
2025-12-26 10:00:00+00:00,-0.6,0.0,11.2,12,26,10
2025-12-26 11:00:00+00:00,0.6,0.0,8.3,12,26,11
2025-12-26 12:00:00+00:00,-1.0,0.0,10.2,12,26,12
2025-12-26 13:00:00+00:00,-0.1,0.0,10.4,12,26,13
2025-12-26 14:00:00+00:00,0.4,0.0,8.7,12,26,14
2025-12-26 15:00:00+00:00,-0.2,0.0,5.6,12,26,15
2025-12-26 16:00:00+00:00,-2.3,0.0,5.3,12,26,16
2025-12-26 17:00:00+00:00,-2.8,0.0,5.9,12,26,17
2025-12-26 18:00:00+00:00,-1.6,0.0,8.7,12,26,18
2025-12-26 19:00:00+00:00,-1.5,0.0,8.7,12,26,19
2025-12-26 20:00:00+00:00,-1.9,0.0,8.7,12,26,20
2025-12-26 21:00:00+00:00,-1.7,0.0,9.0,12,26,21
2025-12-26 22:00:00+00:00,-1.5,0.0,10.9,12,26,22
2025-12-26 23:00:00+00:00,-1.4,0.0,11.6,12,26,23
2025-12-27 00:00:00+00:00,-1.7,0.0,10.0,12,27,0
2025-12-27 01:00:00+00:00,-1.8,0.0,8.6,12,27,1
2025-12-27 02:00:00+00:00,-1.7,0.0,8.8,12,27,2
2025-12-27 03:00:00+00:00,-1.7,0.0,7.3,12,27,3
2025-12-27 04:00:00+00:00,-1.8,0.0,7.1,12,27,4
2025-12-27 05:00:00+00:00,-1.9,0.0,6.4,12,27,5
2025-12-27 06:00:00+00:00,-2.2,0.0,5.4,12,27,6
2025-12-27 07:00:00+00:00,-2.3,0.0,5.3,12,27,7
2025-12-27 08:00:00+00:00,-2.2,0.0,5.6,12,27,8
2025-12-27 09:00:00+00:00,-1.5,0.0,6.1,12,27,9
2025-12-27 10:00:00+00:00,-0.8,0.0,3.9,12,27,10
2025-12-27 11:00:00+00:00,0.1,0.0,2.8,12,27,11
2025-12-27 12:00:00+00:00,-1.1,0.0,2.0,12,27,12
2025-12-27 13:00:00+00:00,0.1,0.0,1.8,12,27,13
2025-12-27 14:00:00+00:00,0.1,0.0,0.0,12,27,14
2025-12-27 15:00:00+00:00,-1.0,0.0,0.3,12,27,15
2025-12-27 16:00:00+00:00,-2.5,0.0,0.5,12,27,16
2025-12-27 17:00:00+00:00,-3.2,0.0,2.3,12,27,17
2025-12-27 18:00:00+00:00,-2.9,0.0,4.4,12,27,18
2025-12-27 19:00:00+00:00,-3.1,0.0,3.9,12,27,19
2025-12-27 20:00:00+00:00,-2.2,0.0,3.7,12,27,20
2025-12-27 21:00:00+00:00,-1.9,0.0,3.5,12,27,21
2025-12-27 22:00:00+00:00,-1.8,0.0,2.4,12,27,22
2025-12-27 23:00:00+00:00,-2.0,0.0,6.6,12,27,23
2025-12-28 00:00:00+00:00,-2.2,0.0,4.0,12,28,0
2025-12-28 01:00:00+00:00,-2.2,0.0,1.0,12,28,1
2025-12-28 02:00:00+00:00,-2.5,0.0,0.9,12,28,2
2025-12-28 03:00:00+00:00,-2.5,0.0,3.3,12,28,3
2025-12-28 04:00:00+00:00,-2.3,0.0,3.2,12,28,4
2025-12-28 05:00:00+00:00,-2.2,0.0,3.8,12,28,5
2025-12-28 06:00:00+00:00,-2.5,0.0,4.2,12,28,6
2025-12-28 07:00:00+00:00,-2.6,0.0,6.6,12,28,7
2025-12-28 08:00:00+00:00,-2.3,0.0,7.6,12,28,8
2025-12-28 09:00:00+00:00,-1.6,0.0,9.0,12,28,9
2025-12-28 10:00:00+00:00,-0.4,0.0,11.1,12,28,10
2025-12-28 11:00:00+00:00,1.3,0.0,11.9,12,28,11
2025-12-28 12:00:00+00:00,0.9,0.0,10.3,12,28,12
2025-12-28 13:00:00+00:00,1.4,0.0,10.6,12,28,13
2025-12-28 14:00:00+00:00,1.5,0.0,10.9,12,28,14
2025-12-28 15:00:00+00:00,0.6,0.0,8.3,12,28,15
2025-12-28 16:00:00+00:00,-1.7,0.0,9.1,12,28,16
2025-12-28 17:00:00+00:00,-2.4,0.0,11.1,12,28,17
2025-12-28 18:00:00+00:00,-1.4,0.0,10.7,12,28,18
2025-12-28 19:00:00+00:00,-1.1,0.0,9.7,12,28,19
2025-12-28 20:00:00+00:00,-1.2,0.0,9.8,12,28,20
2025-12-28 21:00:00+00:00,-1.2,0.0,8.3,12,28,21
2025-12-28 22:00:00+00:00,-1.5,0.0,8.0,12,28,22
2025-12-28 23:00:00+00:00,-1.8,0.0,6.5,12,28,23
2025-12-29 00:00:00+00:00,-2.3,0.0,4.7,12,29,0
2025-12-29 01:00:00+00:00,-2.8,0.0,2.2,12,29,1
2025-12-29 02:00:00+00:00,-3.2,0.0,1.3,12,29,2
2025-12-29 03:00:00+00:00,-3.2,0.0,1.5,12,29,3
2025-12-29 04:00:00+00:00,-3.2,0.0,0.9,12,29,4
2025-12-29 05:00:00+00:00,-3.0,0.0,1.7,12,29,5
2025-12-29 06:00:00+00:00,-3.0,0.0,3.1,12,29,6
2025-12-29 07:00:00+00:00,-2.8,0.0,3.1,12,29,7
2025-12-29 08:00:00+00:00,-3.0,0.0,2.1,12,29,8
2025-12-29 09:00:00+00:00,-2.3,0.0,1.8,12,29,9
2025-12-29 10:00:00+00:00,-1.9,0.0,0.6,12,29,10
2025-12-29 11:00:00+00:00,-1.0,0.0,2.8,12,29,11
2025-12-29 12:00:00+00:00,-1.5,0.0,3.4,12,29,12
2025-12-29 13:00:00+00:00,-0.7,0.0,2.5,12,29,13
2025-12-29 14:00:00+00:00,-0.6,0.0,1.2,12,29,14
2025-12-29 15:00:00+00:00,-1.2,0.0,0.6,12,29,15
2025-12-29 16:00:00+00:00,-2.7,0.0,0.6,12,29,16
2025-12-29 17:00:00+00:00,-3.1,0.0,1.4,12,29,17
2025-12-29 18:00:00+00:00,-3.2,0.0,1.8,12,29,18
2025-12-29 19:00:00+00:00,-3.3,0.0,2.2,12,29,19
2025-12-29 20:00:00+00:00,-3.7,0.0,2.4,12,29,20
2025-12-29 21:00:00+00:00,-3.9,0.0,2.2,12,29,21
2025-12-29 22:00:00+00:00,-4.2,0.0,2.6,12,29,22
2025-12-29 23:00:00+00:00,-4.3,0.0,4.3,12,29,23
2025-12-30 00:00:00+00:00,-4.2,0.0,6.4,12,30,0
2025-12-30 01:00:00+00:00,-3.5,0.0,4.8,12,30,1
2025-12-30 02:00:00+00:00,-2.8,0.0,8.6,12,30,2
2025-12-30 03:00:00+00:00,-2.7,0.0,8.4,12,30,3
2025-12-30 04:00:00+00:00,-2.8,0.0,6.7,12,30,4
2025-12-30 05:00:00+00:00,-2.8,0.0,5.7,12,30,5
2025-12-30 06:00:00+00:00,-3.3,0.0,5.9,12,30,6
2025-12-30 07:00:00+00:00,-3.2,0.0,7.3,12,30,7
2025-12-30 08:00:00+00:00,-2.7,0.0,8.3,12,30,8
2025-12-30 09:00:00+00:00,-1.8,0.0,5.4,12,30,9
2025-12-30 10:00:00+00:00,-0.8,0.0,5.7,12,30,10
2025-12-30 11:00:00+00:00,0.2,0.0,10.8,12,30,11
2025-12-30 12:00:00+00:00,0.8,0.0,10.1,12,30,12
2025-12-30 13:00:00+00:00,0.9,0.0,9.7,12,30,13
2025-12-30 14:00:00+00:00,0.8,0.0,9.7,12,30,14
2025-12-30 15:00:00+00:00,0.2,0.0,6.2,12,30,15
2025-12-30 16:00:00+00:00,-1.0,0.0,5.3,12,30,16
2025-12-30 17:00:00+00:00,-1.0,0.0,7.1,12,30,17
2025-12-30 18:00:00+00:00,-1.3,0.0,5.5,12,30,18
2025-12-30 19:00:00+00:00,-1.2,0.0,8.5,12,30,19
2025-12-30 20:00:00+00:00,-1.1,0.0,11.2,12,30,20
2025-12-30 21:00:00+00:00,-2.2,0.0,9.4,12,30,21
2025-12-30 22:00:00+00:00,-2.7,0.0,8.4,12,30,22
2025-12-30 23:00:00+00:00,-2.9,0.0,8.7,12,30,23
2025-12-31 00:00:00+00:00,-3.9,0.0,8.2,12,31,0
2025-12-31 01:00:00+00:00,-4.8,0.0,8.4,12,31,1
2025-12-31 02:00:00+00:00,-5.2,0.0,8.0,12,31,2
2025-12-31 03:00:00+00:00,-5.8,0.0,8.2,12,31,3
2025-12-31 04:00:00+00:00,-6.2,0.0,7.5,12,31,4
2025-12-31 05:00:00+00:00,-6.7,0.0,6.4,12,31,5
2025-12-31 06:00:00+00:00,-7.2,0.0,5.5,12,31,6
2025-12-31 07:00:00+00:00,-8.2,0.0,5.6,12,31,7
2025-12-31 08:00:00+00:00,-7.1,0.0,6.0,12,31,8
2025-12-31 09:00:00+00:00,-5.0,0.0,5.5,12,31,9
2025-12-31 10:00:00+00:00,-2.9,0.0,6.6,12,31,10
2025-12-31 11:00:00+00:00,-1.3,0.0,7.4,12,31,11
2025-12-31 12:00:00+00:00,-0.9,0.0,6.9,12,31,12
2025-12-31 13:00:00+00:00,-0.4,0.0,6.0,12,31,13
2025-12-31 14:00:00+00:00,-0.4,0.0,4.0,12,31,14
2025-12-31 15:00:00+00:00,-1.7,0.0,0.6,12,31,15
2025-12-31 16:00:00+00:00,-3.3,0.0,0.5,12,31,16
2025-12-31 17:00:00+00:00,-4.0,0.0,0.7,12,31,17
2025-12-31 18:00:00+00:00,-4.5,0.0,2.4,12,31,18
2025-12-31 19:00:00+00:00,-5.6,0.0,2.1,12,31,19
2025-12-31 20:00:00+00:00,-5.6,0.0,1.0,12,31,20
2025-12-31 21:00:00+00:00,-5.9,0.0,1.6,12,31,21
2025-12-31 22:00:00+00:00,-6.1,0.0,2.1,12,31,22
2025-12-31 23:00:00+00:00,-6.2,0.0,1.8,12,31,23
